lsoa,SHEF_A_CODE,reports,unique_users,average_per_user
E01000119,A1,2,2,1.0
E01000120,A1,1,1,1.0
E01000121,A1,2,2,1.0
E01000123,A1,1,1,1.0
E01000124,A1,1,1,1.0
E01000125,A1,1,1,1.0
E01000128,A1,1,1,1.0
E01000131,A1,1,1,1.0
E01000133,A1,1,1,1.0
E01000134,A1,1,1,1.0
E01000137,A1,1,1,1.0
E01000138,A1,1,1,1.0
E01000140,A1,1,1,1.0
E01000141,A1,1,1,1.0
E01000142,A1,3,2,1.5
E01000152,A1,1,1,1.0
E01000158,A1,1,1,1.0
E01000159,A1,1,1,1.0
E01000161,A1,3,3,1.0
E01000165,A1,2,2,1.0
E01000167,A1,3,2,1.5
E01000169,A1,1,1,1.0
E01000171,A1,1,1,1.0
E01000177,A1,1,1,1.0
E01000179,A1,1,1,1.0
E01000180,A1,1,1,1.0
E01000183,A1,4,3,1.3333333333333333
E01000189,A1,1,1,1.0
E01000190,A1,3,3,1.0
E01000194,A1,1,1,1.0
E01000200,A1,1,1,1.0
E01000206,A1,1,1,1.0
E01000207,A1,1,1,1.0
E01000208,A1,1,1,1.0
E01000209,A1,3,3,1.0
E01000210,A1,2,2,1.0
E01000212,A1,2,2,1.0
E01000213,A1,1,1,1.0
E01000214,A1,2,2,1.0
E01000215,A1,1,1,1.0
E01000217,A1,1,1,1.0
E01000219,A1,3,2,1.5
E01000221,A1,1,1,1.0
E01000223,A1,3,2,1.5
E01000224,A1,1,1,1.0
E01000225,A1,1,1,1.0
E01000230,A1,1,1,1.0
E01000232,A1,1,1,1.0
E01000238,A1,1,1,1.0
E01000239,A1,1,1,1.0
E01000245,A1,1,1,1.0
E01000246,A1,1,1,1.0
E01000247,A1,2,2,1.0
E01000249,A1,1,1,1.0
E01000250,A1,1,1,1.0
E01000251,A1,3,3,1.0
E01000252,A1,1,1,1.0
E01000255,A1,1,1,1.0
E01000256,A1,1,1,1.0
E01000257,A1,1,1,1.0
E01000258,A1,1,1,1.0
E01000259,A1,1,1,1.0
E01000260,A1,1,1,1.0
E01000261,A1,1,1,1.0
E01000262,A1,1,1,1.0
E01000266,A1,1,1,1.0
E01000267,A1,1,1,1.0
E01000268,A1,2,2,1.0
E01000272,A1,2,2,1.0
E01000273,A1,3,3,1.0
E01000274,A1,1,1,1.0
E01000286,A1,2,2,1.0
E01000288,A1,1,1,1.0
E01000294,A1,2,2,1.0
E01000295,A1,1,1,1.0
E01000297,A1,1,1,1.0
E01000301,A1,2,2,1.0
E01000303,A1,2,1,2.0
E01000304,A1,3,2,1.5
E01000305,A1,1,1,1.0
E01000307,A1,1,1,1.0
E01000311,A1,1,1,1.0
E01000313,A1,2,2,1.0
E01000316,A1,3,2,1.5
E01000322,A1,1,1,1.0
E01000324,A1,2,1,2.0
E01000646,A1,1,1,1.0
E01000647,A1,3,3,1.0
E01000649,A1,2,2,1.0
E01000650,A1,3,3,1.0
E01000651,A1,2,2,1.0
E01000652,A1,1,1,1.0
E01000653,A1,1,1,1.0
E01000654,A1,4,4,1.0
E01000655,A1,3,3,1.0
E01000656,A1,1,1,1.0
E01000659,A1,1,1,1.0
E01000662,A1,1,1,1.0
E01000663,A1,1,1,1.0
E01000664,A1,2,2,1.0
E01000665,A1,2,2,1.0
E01000666,A1,3,3,1.0
E01000667,A1,2,2,1.0
E01000668,A1,1,1,1.0
E01000669,A1,5,4,1.25
E01000670,A1,1,1,1.0
E01000672,A1,1,1,1.0
E01000674,A1,2,2,1.0
E01000675,A1,1,1,1.0
E01000676,A1,1,1,1.0
E01000677,A1,3,2,1.5
E01000678,A1,2,2,1.0
E01000679,A1,1,1,1.0
E01000680,A1,2,2,1.0
E01000681,A1,1,1,1.0
E01000684,A1,1,1,1.0
E01000686,A1,3,3,1.0
E01000687,A1,1,1,1.0
E01000688,A1,1,1,1.0
E01000689,A1,1,1,1.0
E01000691,A1,2,2,1.0
E01000693,A1,3,3,1.0
E01000694,A1,3,2,1.5
E01000695,A1,2,2,1.0
E01000697,A1,5,5,1.0
E01000698,A1,1,1,1.0
E01000700,A1,3,2,1.5
E01000701,A1,2,2,1.0
E01000702,A1,1,1,1.0
E01000703,A1,1,1,1.0
E01000704,A1,1,1,1.0
E01000705,A1,2,2,1.0
E01000708,A1,8,4,2.0
E01000709,A1,1,1,1.0
E01000711,A1,1,1,1.0
E01000712,A1,2,2,1.0
E01000713,A1,4,4,1.0
E01000714,A1,3,3,1.0
E01000717,A1,2,2,1.0
E01000718,A1,2,2,1.0
E01000719,A1,1,1,1.0
E01000720,A1,1,1,1.0
E01000721,A1,1,1,1.0
E01000722,A1,1,1,1.0
E01000723,A1,1,1,1.0
E01000724,A1,1,1,1.0
E01000726,A1,2,2,1.0
E01000727,A1,1,1,1.0
E01000728,A1,1,1,1.0
E01000729,A1,1,1,1.0
E01000730,A1,3,3,1.0
E01000733,A1,2,2,1.0
E01000734,A1,1,1,1.0
E01000735,A1,1,1,1.0
E01000736,A1,5,3,1.6666666666666667
E01000739,A1,1,1,1.0
E01000741,A1,1,1,1.0
E01000742,A1,4,3,1.3333333333333333
E01000743,A1,1,1,1.0
E01000744,A1,3,3,1.0
E01000745,A1,2,2,1.0
E01000746,A1,3,3,1.0
E01000747,A1,3,3,1.0
E01000749,A1,2,2,1.0
E01000751,A1,1,1,1.0
E01000752,A1,1,1,1.0
E01000754,A1,2,2,1.0
E01000757,A1,1,1,1.0
E01000758,A1,2,2,1.0
E01000759,A1,2,2,1.0
E01000760,A1,1,1,1.0
E01000761,A1,1,1,1.0
E01000762,A1,1,1,1.0
E01000765,A1,4,4,1.0
E01000766,A1,1,1,1.0
E01000769,A1,2,2,1.0
E01000770,A1,4,4,1.0
E01000771,A1,5,5,1.0
E01000772,A1,1,1,1.0
E01000773,A1,3,3,1.0
E01000774,A1,4,4,1.0
E01000779,A1,1,1,1.0
E01000782,A1,1,1,1.0
E01000783,A1,1,1,1.0
E01000784,A1,6,5,1.2
E01000785,A1,1,1,1.0
E01000786,A1,2,2,1.0
E01000787,A1,1,1,1.0
E01000789,A1,3,3,1.0
E01000791,A1,1,1,1.0
E01000792,A1,1,1,1.0
E01000794,A1,1,1,1.0
E01000795,A1,2,2,1.0
E01000797,A1,1,1,1.0
E01000798,A1,1,1,1.0
E01000799,A1,1,1,1.0
E01000800,A1,2,2,1.0
E01000801,A1,2,1,2.0
E01000802,A1,1,1,1.0
E01000803,A1,2,2,1.0
E01000804,A1,3,3,1.0
E01000805,A1,4,4,1.0
E01000806,A1,1,1,1.0
E01000807,A1,3,2,1.5
E01000809,A1,2,2,1.0
E01000812,A1,1,1,1.0
E01000814,A1,1,1,1.0
E01000816,A1,2,2,1.0
E01000818,A1,1,1,1.0
E01000819,A1,1,1,1.0
E01000820,A1,2,2,1.0
E01000824,A1,2,2,1.0
E01000826,A1,2,2,1.0
E01000827,A1,2,2,1.0
E01000830,A1,1,1,1.0
E01000836,A1,1,1,1.0
E01000837,A1,1,1,1.0
E01000839,A1,2,2,1.0
E01000840,A1,2,2,1.0
E01000841,A1,1,1,1.0
E01023750,A1,1,1,1.0
E01023754,A1,1,1,1.0
E01023758,A1,1,1,1.0
E01023762,A1,1,1,1.0
E01023774,A1,1,1,1.0
E01023779,A1,1,1,1.0
E01023783,A1,1,1,1.0
E01023785,A1,1,1,1.0
E01023787,A1,1,1,1.0
E01023790,A1,1,1,1.0
E01023798,A1,3,3,1.0
E01023801,A1,1,1,1.0
E01029482,A1,1,1,1.0
E01029484,A1,1,1,1.0
E01029490,A1,1,1,1.0
E01029493,A1,1,1,1.0
E01029496,A1,1,1,1.0
E01029502,A1,2,1,2.0
E01029504,A1,1,1,1.0
E01029505,A1,1,1,1.0
E01029508,A1,1,1,1.0
E01029524,A1,1,1,1.0
E01029526,A1,1,1,1.0
E01029527,A1,1,1,1.0
E01029528,A1,1,1,1.0
E01032563,A1,2,2,1.0
E01032568,A1,2,2,1.0
E01032570,A1,2,2,1.0
E01017140,A12,1,1,1.0
E01017142,A12,1,1,1.0
E01017164,A12,2,2,1.0
E01017172,A12,1,1,1.0
E01017187,A12,1,1,1.0
E01017189,A12,1,1,1.0
E01017191,A12,1,1,1.0
E01017193,A12,1,1,1.0
E01017194,A12,1,1,1.0
E01017212,A12,1,1,1.0
E01017214,A12,1,1,1.0
E01017224,A12,1,1,1.0
E01017236,A12,1,1,1.0
E01017239,A12,1,1,1.0
E01017244,A12,1,1,1.0
E01017253,A12,1,1,1.0
E01032738,A12,1,1,1.0
E01032756,A12,1,1,1.0
E01000138,A15,1,1,1.0
E01000141,A15,1,1,1.0
E01000150,A15,1,1,1.0
E01000174,A15,1,1,1.0
E01000205,A15,1,1,1.0
E01000222,A15,1,1,1.0
E01000231,A15,1,1,1.0
E01000262,A15,1,1,1.0
E01000275,A15,1,1,1.0
E01000283,A15,1,1,1.0
E01000297,A15,1,1,1.0
E01000142,A16,1,1,1.0
E01000154,A16,1,1,1.0
E01000159,A16,1,1,1.0
E01000203,A16,1,1,1.0
E01000273,A16,1,1,1.0
E01000306,A16,2,1,2.0
E01000645,A16,1,1,1.0
E01000646,A16,1,1,1.0
E01000648,A16,1,1,1.0
E01000649,A16,1,1,1.0
E01000662,A16,1,1,1.0
E01000665,A16,1,1,1.0
E01000670,A16,2,2,1.0
E01000671,A16,1,1,1.0
E01000672,A16,3,3,1.0
E01000674,A16,2,2,1.0
E01000677,A16,1,1,1.0
E01000680,A16,2,2,1.0
E01000685,A16,1,1,1.0
E01000687,A16,1,1,1.0
E01000691,A16,1,1,1.0
E01000693,A16,2,2,1.0
E01000694,A16,1,1,1.0
E01000709,A16,2,2,1.0
E01000717,A16,1,1,1.0
E01000720,A16,1,1,1.0
E01000723,A16,1,1,1.0
E01000726,A16,1,1,1.0
E01000733,A16,2,2,1.0
E01000736,A16,1,1,1.0
E01000737,A16,2,2,1.0
E01000738,A16,1,1,1.0
E01000740,A16,1,1,1.0
E01000742,A16,2,2,1.0
E01000745,A16,1,1,1.0
E01000752,A16,2,2,1.0
E01000756,A16,1,1,1.0
E01000758,A16,1,1,1.0
E01000759,A16,1,1,1.0
E01000765,A16,1,1,1.0
E01000767,A16,1,1,1.0
E01000769,A16,1,1,1.0
E01000770,A16,1,1,1.0
E01000772,A16,1,1,1.0
E01000779,A16,1,1,1.0
E01000786,A16,1,1,1.0
E01000788,A16,1,1,1.0
E01000789,A16,1,1,1.0
E01000791,A16,1,1,1.0
E01000792,A16,1,1,1.0
E01000797,A16,1,1,1.0
E01000802,A16,1,1,1.0
E01000803,A16,1,1,1.0
E01000808,A16,2,2,1.0
E01000819,A16,1,1,1.0
E01000822,A16,1,1,1.0
E01000823,A16,1,1,1.0
E01000837,A16,1,1,1.0
E01000838,A16,2,1,2.0
E01017175,A16,1,1,1.0
E01017236,A16,1,1,1.0
E01017245,A16,1,1,1.0
E01023755,A16,1,1,1.0
E01023758,A16,1,1,1.0
E01023755,A19,1,1,1.0
E01000115,A2,1,1,1.0
E01000119,A2,3,1,3.0
E01000122,A2,1,1,1.0
E01000124,A2,2,2,1.0
E01000125,A2,2,2,1.0
E01000126,A2,4,2,2.0
E01000132,A2,1,1,1.0
E01000134,A2,1,1,1.0
E01000136,A2,2,2,1.0
E01000137,A2,2,2,1.0
E01000138,A2,2,1,2.0
E01000139,A2,3,3,1.0
E01000140,A2,1,1,1.0
E01000141,A2,1,1,1.0
E01000142,A2,2,2,1.0
E01000144,A2,2,2,1.0
E01000146,A2,3,3,1.0
E01000148,A2,1,1,1.0
E01000150,A2,3,3,1.0
E01000152,A2,1,1,1.0
E01000155,A2,3,3,1.0
E01000156,A2,2,2,1.0
E01000157,A2,1,1,1.0
E01000160,A2,1,1,1.0
E01000163,A2,1,1,1.0
E01000167,A2,1,1,1.0
E01000170,A2,1,1,1.0
E01000171,A2,1,1,1.0
E01000173,A2,2,2,1.0
E01000174,A2,1,1,1.0
E01000176,A2,2,2,1.0
E01000177,A2,3,3,1.0
E01000180,A2,1,1,1.0
E01000181,A2,1,1,1.0
E01000182,A2,3,2,1.5
E01000191,A2,2,2,1.0
E01000192,A2,3,3,1.0
E01000193,A2,3,3,1.0
E01000194,A2,1,1,1.0
E01000196,A2,4,4,1.0
E01000197,A2,4,4,1.0
E01000198,A2,3,3,1.0
E01000199,A2,1,1,1.0
E01000203,A2,3,3,1.0
E01000204,A2,1,1,1.0
E01000207,A2,2,2,1.0
E01000209,A2,3,3,1.0
E01000210,A2,1,1,1.0
E01000211,A2,3,3,1.0
E01000212,A2,1,1,1.0
E01000214,A2,1,1,1.0
E01000217,A2,1,1,1.0
E01000219,A2,1,1,1.0
E01000220,A2,1,1,1.0
E01000221,A2,1,1,1.0
E01000222,A2,1,1,1.0
E01000231,A2,3,2,1.5
E01000232,A2,1,1,1.0
E01000234,A2,1,1,1.0
E01000236,A2,3,3,1.0
E01000237,A2,7,3,2.3333333333333335
E01000238,A2,3,2,1.5
E01000239,A2,3,3,1.0
E01000240,A2,2,2,1.0
E01000242,A2,4,3,1.3333333333333333
E01000243,A2,5,5,1.0
E01000245,A2,1,1,1.0
E01000247,A2,1,1,1.0
E01000248,A2,2,2,1.0
E01000250,A2,5,3,1.6666666666666667
E01000251,A2,2,2,1.0
E01000254,A2,1,1,1.0
E01000256,A2,2,2,1.0
E01000257,A2,1,1,1.0
E01000258,A2,3,3,1.0
E01000260,A2,3,2,1.5
E01000261,A2,1,1,1.0
E01000263,A2,2,2,1.0
E01000264,A2,4,4,1.0
E01000265,A2,4,1,4.0
E01000268,A2,1,1,1.0
E01000273,A2,1,1,1.0
E01000278,A2,1,1,1.0
E01000279,A2,1,1,1.0
E01000280,A2,2,2,1.0
E01000284,A2,3,3,1.0
E01000286,A2,2,2,1.0
E01000288,A2,2,2,1.0
E01000289,A2,3,3,1.0
E01000293,A2,1,1,1.0
E01000296,A2,3,2,1.5
E01000297,A2,1,1,1.0
E01000298,A2,5,5,1.0
E01000299,A2,3,1,3.0
E01000300,A2,2,2,1.0
E01000301,A2,3,3,1.0
E01000303,A2,1,1,1.0
E01000304,A2,1,1,1.0
E01000305,A2,2,2,1.0
E01000306,A2,33,6,5.5
E01000307,A2,8,4,2.0
E01000309,A2,14,5,2.8
E01000310,A2,10,7,1.4285714285714286
E01000311,A2,3,3,1.0
E01000313,A2,6,5,1.2
E01000314,A2,6,4,1.5
E01000315,A2,2,2,1.0
E01000316,A2,7,5,1.4
E01000318,A2,1,1,1.0
E01000319,A2,1,1,1.0
E01000321,A2,2,2,1.0
E01000322,A2,3,3,1.0
E01000323,A2,5,3,1.6666666666666667
E01000324,A2,1,1,1.0
E01000513,A2,1,1,1.0
E01017137,A2,2,2,1.0
E01017142,A2,1,1,1.0
E01017160,A2,1,1,1.0
E01017211,A2,1,1,1.0
E01017225,A2,1,1,1.0
E01017259,A2,1,1,1.0
E01033572,A2,1,1,1.0
E01033573,A2,1,1,1.0
E01000144,A20,1,1,1.0
E01000159,A20,1,1,1.0
E01000168,A20,1,1,1.0
E01000186,A20,1,1,1.0
E01000195,A20,1,1,1.0
E01000198,A20,1,1,1.0
E01000202,A20,1,1,1.0
E01000203,A20,1,1,1.0
E01000205,A20,1,1,1.0
E01000227,A20,1,1,1.0
E01000228,A20,2,2,1.0
E01000235,A20,1,1,1.0
E01000236,A20,1,1,1.0
E01000237,A20,1,1,1.0
E01000238,A20,1,1,1.0
E01000239,A20,2,2,1.0
E01000249,A20,1,1,1.0
E01000267,A20,1,1,1.0
E01000282,A20,1,1,1.0
E01000285,A20,1,1,1.0
E01000289,A20,1,1,1.0
E01000293,A20,1,1,1.0
E01000306,A20,14,2,7.0
E01000307,A20,2,2,1.0
E01000309,A20,2,1,2.0
E01000310,A20,1,1,1.0
E01000314,A20,9,2,4.5
E01000320,A20,1,1,1.0
E01000323,A20,1,1,1.0
E01017138,A20,2,1,2.0
E01017150,A20,1,1,1.0
E01017151,A20,1,1,1.0
E01017153,A20,1,1,1.0
E01017160,A20,1,1,1.0
E01017164,A20,1,1,1.0
E01017167,A20,1,1,1.0
E01017168,A20,1,1,1.0
E01017172,A20,1,1,1.0
E01017173,A20,1,1,1.0
E01017175,A20,1,1,1.0
E01017178,A20,2,2,1.0
E01017182,A20,2,1,2.0
E01017183,A20,1,1,1.0
E01017186,A20,2,1,2.0
E01017187,A20,1,1,1.0
E01017192,A20,1,1,1.0
E01017193,A20,1,1,1.0
E01017197,A20,4,2,2.0
E01017199,A20,1,1,1.0
E01017201,A20,1,1,1.0
E01017205,A20,1,1,1.0
E01017206,A20,2,2,1.0
E01017209,A20,2,2,1.0
E01017212,A20,3,2,1.5
E01017213,A20,2,2,1.0
E01017218,A20,1,1,1.0
E01017219,A20,1,1,1.0
E01017220,A20,1,1,1.0
E01017221,A20,1,1,1.0
E01017227,A20,2,2,1.0
E01017240,A20,1,1,1.0
E01017241,A20,1,1,1.0
E01017246,A20,5,2,2.5
E01017247,A20,1,1,1.0
E01017248,A20,2,1,2.0
E01017256,A20,1,1,1.0
E01017259,A20,1,1,1.0
E01017261,A20,1,1,1.0
E01017273,A20,3,1,3.0
E01017276,A20,3,3,1.0
E01017278,A20,3,2,1.5
E01023752,A20,3,1,3.0
E01023758,A20,1,1,1.0
E01023762,A20,1,1,1.0
E01023775,A20,1,1,1.0
E01023778,A20,1,1,1.0
E01023789,A20,1,1,1.0
E01023797,A20,2,1,2.0
E01029489,A20,1,1,1.0
E01029494,A20,2,2,1.0
E01029497,A20,2,2,1.0
E01029499,A20,1,1,1.0
E01029503,A20,2,1,2.0
E01029506,A20,6,2,3.0
E01029507,A20,1,1,1.0
E01029512,A20,1,1,1.0
E01029520,A20,1,1,1.0
E01029527,A20,1,1,1.0
E01029528,A20,1,1,1.0
E01029529,A20,1,1,1.0
E01033572,A20,1,1,1.0
E01000119,A22,1,1,1.0
E01000125,A22,1,1,1.0
E01000133,A22,1,1,1.0
E01000150,A22,2,1,2.0
E01000155,A22,1,1,1.0
E01000157,A22,2,2,1.0
E01000158,A22,1,1,1.0
E01000166,A22,2,2,1.0
E01000167,A22,1,1,1.0
E01000169,A22,1,1,1.0
E01000171,A22,1,1,1.0
E01000172,A22,1,1,1.0
E01000181,A22,1,1,1.0
E01000187,A22,1,1,1.0
E01000192,A22,1,1,1.0
E01000203,A22,1,1,1.0
E01000204,A22,1,1,1.0
E01000208,A22,1,1,1.0
E01000210,A22,1,1,1.0
E01000226,A22,1,1,1.0
E01000234,A22,1,1,1.0
E01000243,A22,3,3,1.0
E01000244,A22,1,1,1.0
E01000245,A22,1,1,1.0
E01000247,A22,1,1,1.0
E01000248,A22,1,1,1.0
E01000251,A22,1,1,1.0
E01000252,A22,2,2,1.0
E01000262,A22,1,1,1.0
E01000265,A22,1,1,1.0
E01000267,A22,1,1,1.0
E01000281,A22,2,1,2.0
E01000286,A22,1,1,1.0
E01000296,A22,1,1,1.0
E01000297,A22,1,1,1.0
E01000303,A22,1,1,1.0
E01000306,A22,7,2,3.5
E01000307,A22,2,2,1.0
E01000309,A22,1,1,1.0
E01000310,A22,1,1,1.0
E01000313,A22,2,2,1.0
E01000314,A22,2,1,2.0
E01000317,A22,1,1,1.0
E01000320,A22,1,1,1.0
E01000321,A22,1,1,1.0
E01000323,A22,1,1,1.0
E01000645,A22,2,2,1.0
E01000646,A22,2,2,1.0
E01000649,A22,2,2,1.0
E01000650,A22,2,2,1.0
E01000652,A22,1,1,1.0
E01000653,A22,1,1,1.0
E01000654,A22,3,3,1.0
E01000655,A22,2,1,2.0
E01000656,A22,3,3,1.0
E01000657,A22,1,1,1.0
E01000659,A22,3,2,1.5
E01000661,A22,1,1,1.0
E01000662,A22,1,1,1.0
E01000663,A22,3,3,1.0
E01000666,A22,2,2,1.0
E01000667,A22,2,2,1.0
E01000668,A22,1,1,1.0
E01000671,A22,3,3,1.0
E01000673,A22,2,2,1.0
E01000674,A22,2,2,1.0
E01000675,A22,2,2,1.0
E01000676,A22,9,8,1.125
E01000678,A22,2,2,1.0
E01000679,A22,2,2,1.0
E01000680,A22,13,9,1.4444444444444444
E01000682,A22,4,3,1.3333333333333333
E01000683,A22,9,7,1.2857142857142858
E01000684,A22,2,2,1.0
E01000685,A22,2,2,1.0
E01000686,A22,6,6,1.0
E01000687,A22,3,3,1.0
E01000689,A22,5,3,1.6666666666666667
E01000690,A22,2,2,1.0
E01000691,A22,1,1,1.0
E01000692,A22,2,2,1.0
E01000693,A22,4,4,1.0
E01000694,A22,4,3,1.3333333333333333
E01000696,A22,7,4,1.75
E01000697,A22,2,2,1.0
E01000699,A22,19,6,3.1666666666666665
E01000700,A22,4,4,1.0
E01000701,A22,5,4,1.25
E01000702,A22,2,2,1.0
E01000703,A22,3,3,1.0
E01000704,A22,3,3,1.0
E01000705,A22,2,2,1.0
E01000706,A22,8,8,1.0
E01000707,A22,5,5,1.0
E01000708,A22,2,2,1.0
E01000709,A22,4,4,1.0
E01000710,A22,4,4,1.0
E01000711,A22,5,2,2.5
E01000712,A22,2,2,1.0
E01000713,A22,2,2,1.0
E01000714,A22,13,6,2.1666666666666665
E01000715,A22,2,2,1.0
E01000716,A22,1,1,1.0
E01000717,A22,1,1,1.0
E01000718,A22,5,4,1.25
E01000719,A22,2,2,1.0
E01000720,A22,30,23,1.3043478260869565
E01000721,A22,2,2,1.0
E01000722,A22,10,8,1.25
E01000724,A22,4,2,2.0
E01000725,A22,6,4,1.5
E01000726,A22,2,2,1.0
E01000727,A22,3,3,1.0
E01000728,A22,8,6,1.3333333333333333
E01000729,A22,5,5,1.0
E01000730,A22,3,3,1.0
E01000731,A22,2,1,2.0
E01000732,A22,3,3,1.0
E01000733,A22,8,3,2.6666666666666665
E01000734,A22,1,1,1.0
E01000737,A22,5,5,1.0
E01000738,A22,3,3,1.0
E01000739,A22,6,4,1.5
E01000740,A22,4,4,1.0
E01000741,A22,9,9,1.0
E01000742,A22,9,8,1.125
E01000743,A22,6,6,1.0
E01000744,A22,7,4,1.75
E01000745,A22,8,7,1.1428571428571428
E01000746,A22,5,5,1.0
E01000747,A22,9,7,1.2857142857142858
E01000748,A22,2,2,1.0
E01000749,A22,11,9,1.2222222222222223
E01000750,A22,1,1,1.0
E01000751,A22,1,1,1.0
E01000752,A22,1,1,1.0
E01000753,A22,4,4,1.0
E01000754,A22,1,1,1.0
E01000755,A22,1,1,1.0
E01000757,A22,4,3,1.3333333333333333
E01000758,A22,2,2,1.0
E01000759,A22,13,6,2.1666666666666665
E01000760,A22,2,2,1.0
E01000761,A22,2,2,1.0
E01000763,A22,2,2,1.0
E01000764,A22,6,5,1.2
E01000765,A22,3,2,1.5
E01000766,A22,1,1,1.0
E01000768,A22,1,1,1.0
E01000769,A22,2,2,1.0
E01000770,A22,6,5,1.2
E01000771,A22,9,7,1.2857142857142858
E01000772,A22,1,1,1.0
E01000773,A22,2,2,1.0
E01000774,A22,3,2,1.5
E01000775,A22,3,3,1.0
E01000778,A22,2,2,1.0
E01000780,A22,5,3,1.6666666666666667
E01000782,A22,2,2,1.0
E01000783,A22,5,5,1.0
E01000784,A22,6,4,1.5
E01000785,A22,5,5,1.0
E01000786,A22,3,3,1.0
E01000787,A22,9,3,3.0
E01000788,A22,5,4,1.25
E01000789,A22,2,1,2.0
E01000790,A22,4,3,1.3333333333333333
E01000791,A22,1,1,1.0
E01000792,A22,2,2,1.0
E01000793,A22,2,2,1.0
E01000794,A22,1,1,1.0
E01000795,A22,2,1,2.0
E01000796,A22,7,5,1.4
E01000797,A22,10,10,1.0
E01000798,A22,6,5,1.2
E01000799,A22,14,10,1.4
E01000800,A22,14,8,1.75
E01000801,A22,1,1,1.0
E01000802,A22,11,9,1.2222222222222223
E01000803,A22,4,4,1.0
E01000804,A22,1,1,1.0
E01000805,A22,7,7,1.0
E01000806,A22,14,10,1.4
E01000807,A22,2,2,1.0
E01000808,A22,2,2,1.0
E01000809,A22,1,1,1.0
E01000810,A22,1,1,1.0
E01000812,A22,5,2,2.5
E01000813,A22,2,2,1.0
E01000814,A22,1,1,1.0
E01000816,A22,2,2,1.0
E01000818,A22,1,1,1.0
E01000819,A22,4,4,1.0
E01000822,A22,5,4,1.25
E01000823,A22,4,4,1.0
E01000824,A22,6,5,1.2
E01000827,A22,3,2,1.5
E01000828,A22,1,1,1.0
E01000831,A22,2,2,1.0
E01000832,A22,3,2,1.5
E01000834,A22,1,1,1.0
E01000835,A22,1,1,1.0
E01000836,A22,2,2,1.0
E01000839,A22,1,1,1.0
E01000840,A22,1,1,1.0
E01000841,A22,2,2,1.0
E01032562,A22,2,2,1.0
E01032563,A22,1,1,1.0
E01032568,A22,6,5,1.2
E01032570,A22,1,1,1.0
E01000136,A24,1,1,1.0
E01000179,A24,1,1,1.0
E01000184,A24,2,2,1.0
E01000186,A24,1,1,1.0
E01000190,A24,1,1,1.0
E01000192,A24,1,1,1.0
E01000209,A24,1,1,1.0
E01000224,A24,1,1,1.0
E01000233,A24,1,1,1.0
E01000250,A24,1,1,1.0
E01000253,A24,1,1,1.0
E01000266,A24,1,1,1.0
E01000267,A24,1,1,1.0
E01000269,A24,1,1,1.0
E01000276,A24,1,1,1.0
E01000279,A24,1,1,1.0
E01000282,A24,1,1,1.0
E01000283,A24,1,1,1.0
E01000309,A24,1,1,1.0
E01029479,A24,2,2,1.0
E01000815,A27,1,1,1.0
E01000129,A28,1,1,1.0
E01000138,A28,1,1,1.0
E01000148,A28,1,1,1.0
E01000191,A28,2,2,1.0
E01000196,A28,6,1,6.0
E01000197,A28,1,1,1.0
E01000198,A28,1,1,1.0
E01000200,A28,1,1,1.0
E01000201,A28,3,1,3.0
E01000203,A28,1,1,1.0
E01000204,A28,1,1,1.0
E01000221,A28,1,1,1.0
E01000222,A28,1,1,1.0
E01000223,A28,1,1,1.0
E01000237,A28,9,1,9.0
E01000238,A28,2,1,2.0
E01000239,A28,3,1,3.0
E01000240,A28,1,1,1.0
E01000241,A28,2,1,2.0
E01000242,A28,3,1,3.0
E01000243,A28,2,1,2.0
E01000244,A28,2,1,2.0
E01000245,A28,3,1,3.0
E01000246,A28,1,1,1.0
E01000250,A28,1,1,1.0
E01000260,A28,1,1,1.0
E01000264,A28,1,1,1.0
E01000266,A28,1,1,1.0
E01000268,A28,3,1,3.0
E01000269,A28,1,1,1.0
E01000273,A28,2,1,2.0
E01000278,A28,2,1,2.0
E01000281,A28,3,2,1.5
E01000289,A28,1,1,1.0
E01000296,A28,15,1,15.0
E01000305,A28,2,1,2.0
E01000307,A28,5,1,5.0
E01000309,A28,12,1,12.0
E01000310,A28,6,1,6.0
E01000313,A28,5,1,5.0
E01000314,A28,6,1,6.0
E01017164,A28,1,1,1.0
E01023762,A28,1,1,1.0
E01032738,A28,1,1,1.0
E01032751,A28,1,1,1.0
E01000116,A29,2,2,1.0
E01000117,A29,1,1,1.0
E01000119,A29,1,1,1.0
E01000121,A29,1,1,1.0
E01000122,A29,1,1,1.0
E01000123,A29,2,2,1.0
E01000125,A29,2,2,1.0
E01000126,A29,8,4,2.0
E01000127,A29,18,5,3.6
E01000129,A29,4,4,1.0
E01000131,A29,3,3,1.0
E01000132,A29,7,2,3.5
E01000133,A29,3,2,1.5
E01000134,A29,2,2,1.0
E01000135,A29,2,2,1.0
E01000136,A29,1,1,1.0
E01000138,A29,5,4,1.25
E01000139,A29,1,1,1.0
E01000141,A29,3,3,1.0
E01000142,A29,2,2,1.0
E01000143,A29,1,1,1.0
E01000144,A29,1,1,1.0
E01000145,A29,1,1,1.0
E01000148,A29,1,1,1.0
E01000150,A29,1,1,1.0
E01000152,A29,2,2,1.0
E01000153,A29,2,1,2.0
E01000154,A29,2,2,1.0
E01000155,A29,4,2,2.0
E01000158,A29,4,3,1.3333333333333333
E01000159,A29,1,1,1.0
E01000160,A29,1,1,1.0
E01000161,A29,2,2,1.0
E01000165,A29,2,2,1.0
E01000167,A29,1,1,1.0
E01000168,A29,5,2,2.5
E01000169,A29,2,2,1.0
E01000171,A29,2,2,1.0
E01000173,A29,1,1,1.0
E01000174,A29,5,4,1.25
E01000175,A29,1,1,1.0
E01000176,A29,6,4,1.5
E01000177,A29,1,1,1.0
E01000179,A29,2,2,1.0
E01000181,A29,3,3,1.0
E01000182,A29,2,2,1.0
E01000183,A29,1,1,1.0
E01000184,A29,1,1,1.0
E01000188,A29,3,2,1.5
E01000190,A29,3,3,1.0
E01000191,A29,1,1,1.0
E01000192,A29,2,2,1.0
E01000193,A29,1,1,1.0
E01000194,A29,5,3,1.6666666666666667
E01000195,A29,3,3,1.0
E01000196,A29,6,6,1.0
E01000197,A29,3,2,1.5
E01000198,A29,7,5,1.4
E01000199,A29,1,1,1.0
E01000200,A29,2,2,1.0
E01000201,A29,2,2,1.0
E01000202,A29,1,1,1.0
E01000203,A29,5,1,5.0
E01000204,A29,4,3,1.3333333333333333
E01000205,A29,1,1,1.0
E01000215,A29,1,1,1.0
E01000216,A29,1,1,1.0
E01000217,A29,1,1,1.0
E01000218,A29,1,1,1.0
E01000219,A29,3,3,1.0
E01000220,A29,2,2,1.0
E01000221,A29,2,1,2.0
E01000222,A29,1,1,1.0
E01000223,A29,1,1,1.0
E01000224,A29,3,3,1.0
E01000226,A29,2,2,1.0
E01000227,A29,2,2,1.0
E01000228,A29,1,1,1.0
E01000229,A29,3,2,1.5
E01000231,A29,1,1,1.0
E01000232,A29,4,2,2.0
E01000233,A29,2,2,1.0
E01000234,A29,3,2,1.5
E01000235,A29,3,2,1.5
E01000238,A29,4,3,1.3333333333333333
E01000240,A29,1,1,1.0
E01000241,A29,1,1,1.0
E01000242,A29,2,2,1.0
E01000243,A29,1,1,1.0
E01000244,A29,4,4,1.0
E01000245,A29,4,3,1.3333333333333333
E01000246,A29,2,1,2.0
E01000247,A29,2,2,1.0
E01000249,A29,2,2,1.0
E01000250,A29,5,5,1.0
E01000251,A29,3,3,1.0
E01000252,A29,1,1,1.0
E01000253,A29,3,2,1.5
E01000256,A29,2,1,2.0
E01000257,A29,1,1,1.0
E01000258,A29,3,1,3.0
E01000260,A29,4,2,2.0
E01000262,A29,5,5,1.0
E01000264,A29,6,4,1.5
E01000265,A29,1,1,1.0
E01000267,A29,3,2,1.5
E01000268,A29,2,2,1.0
E01000269,A29,2,2,1.0
E01000271,A29,6,3,2.0
E01000272,A29,1,1,1.0
E01000274,A29,2,2,1.0
E01000275,A29,6,6,1.0
E01000276,A29,1,1,1.0
E01000279,A29,1,1,1.0
E01000281,A29,6,3,2.0
E01000282,A29,1,1,1.0
E01000283,A29,2,1,2.0
E01000284,A29,1,1,1.0
E01000285,A29,1,1,1.0
E01000286,A29,2,2,1.0
E01000287,A29,1,1,1.0
E01000288,A29,1,1,1.0
E01000294,A29,3,3,1.0
E01000295,A29,2,2,1.0
E01000296,A29,4,4,1.0
E01000297,A29,1,1,1.0
E01000298,A29,3,3,1.0
E01000299,A29,3,3,1.0
E01000300,A29,7,7,1.0
E01000301,A29,1,1,1.0
E01000302,A29,1,1,1.0
E01000303,A29,4,4,1.0
E01000304,A29,1,1,1.0
E01000305,A29,7,2,3.5
E01000306,A29,63,4,15.75
E01000307,A29,20,6,3.3333333333333335
E01000309,A29,13,8,1.625
E01000310,A29,13,3,4.333333333333333
E01000313,A29,3,2,1.5
E01000314,A29,14,7,2.0
E01000315,A29,2,2,1.0
E01000316,A29,2,1,2.0
E01000317,A29,2,2,1.0
E01000318,A29,1,1,1.0
E01000319,A29,1,1,1.0
E01000320,A29,1,1,1.0
E01000321,A29,5,5,1.0
E01000322,A29,1,1,1.0
E01000323,A29,11,7,1.5714285714285714
E01017137,A29,2,1,2.0
E01017138,A29,5,4,1.25
E01017139,A29,4,4,1.0
E01017142,A29,1,1,1.0
E01017147,A29,1,1,1.0
E01017151,A29,1,1,1.0
E01017154,A29,2,2,1.0
E01017155,A29,1,1,1.0
E01017156,A29,1,1,1.0
E01017158,A29,2,2,1.0
E01017159,A29,1,1,1.0
E01017160,A29,2,2,1.0
E01017162,A29,1,1,1.0
E01017164,A29,1,1,1.0
E01017166,A29,2,2,1.0
E01017170,A29,1,1,1.0
E01017172,A29,1,1,1.0
E01017176,A29,1,1,1.0
E01017177,A29,1,1,1.0
E01017179,A29,1,1,1.0
E01017180,A29,3,3,1.0
E01017181,A29,1,1,1.0
E01017182,A29,2,2,1.0
E01017184,A29,4,4,1.0
E01017185,A29,1,1,1.0
E01017186,A29,4,2,2.0
E01017187,A29,3,3,1.0
E01017189,A29,2,2,1.0
E01017191,A29,3,2,1.5
E01017192,A29,4,4,1.0
E01017193,A29,1,1,1.0
E01017194,A29,3,3,1.0
E01017195,A29,4,4,1.0
E01017197,A29,3,3,1.0
E01017201,A29,3,3,1.0
E01017202,A29,3,3,1.0
E01017204,A29,2,2,1.0
E01017205,A29,1,1,1.0
E01017207,A29,2,1,2.0
E01017209,A29,2,2,1.0
E01017211,A29,1,1,1.0
E01017213,A29,3,3,1.0
E01017214,A29,5,4,1.25
E01017216,A29,10,8,1.25
E01017217,A29,1,1,1.0
E01017218,A29,1,1,1.0
E01017219,A29,3,3,1.0
E01017221,A29,1,1,1.0
E01017222,A29,1,1,1.0
E01017225,A29,1,1,1.0
E01017227,A29,1,1,1.0
E01017228,A29,3,2,1.5
E01017233,A29,2,2,1.0
E01017234,A29,1,1,1.0
E01017235,A29,1,1,1.0
E01017237,A29,1,1,1.0
E01017238,A29,1,1,1.0
E01017239,A29,2,2,1.0
E01017240,A29,2,1,2.0
E01017241,A29,1,1,1.0
E01017242,A29,1,1,1.0
E01017246,A29,3,3,1.0
E01017250,A29,1,1,1.0
E01017253,A29,3,3,1.0
E01017258,A29,2,1,2.0
E01017259,A29,1,1,1.0
E01017261,A29,4,4,1.0
E01017263,A29,1,1,1.0
E01017264,A29,1,1,1.0
E01017265,A29,1,1,1.0
E01017271,A29,1,1,1.0
E01017273,A29,1,1,1.0
E01017274,A29,1,1,1.0
E01017275,A29,1,1,1.0
E01017276,A29,4,1,4.0
E01017278,A29,3,2,1.5
E01017281,A29,1,1,1.0
E01023750,A29,1,1,1.0
E01023754,A29,1,1,1.0
E01023755,A29,1,1,1.0
E01023756,A29,5,1,5.0
E01023757,A29,1,1,1.0
E01023758,A29,3,2,1.5
E01023759,A29,4,3,1.3333333333333333
E01023760,A29,9,3,3.0
E01023761,A29,1,1,1.0
E01023765,A29,1,1,1.0
E01023766,A29,2,2,1.0
E01023767,A29,1,1,1.0
E01023769,A29,1,1,1.0
E01023771,A29,1,1,1.0
E01023772,A29,1,1,1.0
E01023773,A29,1,1,1.0
E01023774,A29,1,1,1.0
E01023775,A29,3,1,3.0
E01023776,A29,1,1,1.0
E01023777,A29,1,1,1.0
E01023778,A29,1,1,1.0
E01023779,A29,2,1,2.0
E01023780,A29,1,1,1.0
E01023781,A29,1,1,1.0
E01023782,A29,1,1,1.0
E01023783,A29,2,1,2.0
E01023785,A29,1,1,1.0
E01023788,A29,1,1,1.0
E01023789,A29,1,1,1.0
E01023790,A29,2,1,2.0
E01023791,A29,1,1,1.0
E01023793,A29,3,2,1.5
E01023794,A29,2,1,2.0
E01023795,A29,1,1,1.0
E01023796,A29,1,1,1.0
E01023798,A29,1,1,1.0
E01023800,A29,1,1,1.0
E01023801,A29,1,1,1.0
E01029477,A29,1,1,1.0
E01029479,A29,1,1,1.0
E01029484,A29,1,1,1.0
E01029488,A29,2,1,2.0
E01029498,A29,1,1,1.0
E01029508,A29,1,1,1.0
E01029509,A29,1,1,1.0
E01029515,A29,1,1,1.0
E01029516,A29,1,1,1.0
E01029517,A29,3,2,1.5
E01029528,A29,2,1,2.0
E01029530,A29,1,1,1.0
E01032738,A29,4,2,2.0
E01032745,A29,1,1,1.0
E01032751,A29,1,1,1.0
E01032755,A29,2,2,1.0
E01032900,A29,1,1,1.0
E01033572,A29,1,1,1.0
E01000117,A32,1,1,1.0
E01000118,A32,2,2,1.0
E01000119,A32,4,3,1.3333333333333333
E01000120,A32,2,1,2.0
E01000122,A32,1,1,1.0
E01000123,A32,2,2,1.0
E01000126,A32,2,2,1.0
E01000127,A32,2,2,1.0
E01000128,A32,2,2,1.0
E01000129,A32,1,1,1.0
E01000130,A32,1,1,1.0
E01000131,A32,4,3,1.3333333333333333
E01000132,A32,1,1,1.0
E01000133,A32,2,2,1.0
E01000134,A32,1,1,1.0
E01000135,A32,1,1,1.0
E01000136,A32,1,1,1.0
E01000138,A32,4,3,1.3333333333333333
E01000139,A32,1,1,1.0
E01000140,A32,1,1,1.0
E01000141,A32,3,3,1.0
E01000142,A32,2,2,1.0
E01000144,A32,2,2,1.0
E01000146,A32,1,1,1.0
E01000148,A32,3,2,1.5
E01000150,A32,1,1,1.0
E01000153,A32,1,1,1.0
E01000155,A32,1,1,1.0
E01000156,A32,2,2,1.0
E01000158,A32,1,1,1.0
E01000159,A32,1,1,1.0
E01000161,A32,3,3,1.0
E01000162,A32,1,1,1.0
E01000163,A32,2,2,1.0
E01000164,A32,1,1,1.0
E01000166,A32,1,1,1.0
E01000167,A32,1,1,1.0
E01000168,A32,1,1,1.0
E01000170,A32,1,1,1.0
E01000171,A32,1,1,1.0
E01000173,A32,1,1,1.0
E01000174,A32,3,3,1.0
E01000176,A32,2,2,1.0
E01000177,A32,1,1,1.0
E01000181,A32,1,1,1.0
E01000182,A32,4,4,1.0
E01000183,A32,1,1,1.0
E01000184,A32,1,1,1.0
E01000188,A32,1,1,1.0
E01000189,A32,1,1,1.0
E01000191,A32,1,1,1.0
E01000192,A32,1,1,1.0
E01000194,A32,1,1,1.0
E01000196,A32,2,2,1.0
E01000197,A32,4,3,1.3333333333333333
E01000198,A32,1,1,1.0
E01000202,A32,2,2,1.0
E01000204,A32,1,1,1.0
E01000205,A32,3,3,1.0
E01000206,A32,3,2,1.5
E01000207,A32,1,1,1.0
E01000210,A32,2,2,1.0
E01000211,A32,1,1,1.0
E01000214,A32,1,1,1.0
E01000222,A32,2,2,1.0
E01000223,A32,2,2,1.0
E01000225,A32,3,3,1.0
E01000228,A32,3,3,1.0
E01000229,A32,1,1,1.0
E01000230,A32,1,1,1.0
E01000231,A32,2,2,1.0
E01000232,A32,1,1,1.0
E01000233,A32,2,2,1.0
E01000234,A32,3,3,1.0
E01000235,A32,3,2,1.5
E01000236,A32,3,2,1.5
E01000237,A32,6,3,2.0
E01000238,A32,5,4,1.25
E01000239,A32,4,4,1.0
E01000240,A32,2,2,1.0
E01000241,A32,1,1,1.0
E01000243,A32,5,5,1.0
E01000245,A32,1,1,1.0
E01000246,A32,3,3,1.0
E01000247,A32,3,2,1.5
E01000248,A32,2,2,1.0
E01000249,A32,4,4,1.0
E01000250,A32,2,2,1.0
E01000252,A32,3,3,1.0
E01000253,A32,2,2,1.0
E01000254,A32,1,1,1.0
E01000255,A32,4,4,1.0
E01000256,A32,1,1,1.0
E01000257,A32,2,2,1.0
E01000258,A32,1,1,1.0
E01000259,A32,3,3,1.0
E01000261,A32,2,2,1.0
E01000262,A32,6,6,1.0
E01000263,A32,2,2,1.0
E01000264,A32,1,1,1.0
E01000265,A32,2,2,1.0
E01000266,A32,2,2,1.0
E01000267,A32,2,2,1.0
E01000268,A32,2,2,1.0
E01000269,A32,2,2,1.0
E01000270,A32,1,1,1.0
E01000271,A32,8,7,1.1428571428571428
E01000272,A32,2,2,1.0
E01000273,A32,4,3,1.3333333333333333
E01000274,A32,1,1,1.0
E01000275,A32,2,2,1.0
E01000276,A32,1,1,1.0
E01000277,A32,1,1,1.0
E01000279,A32,1,1,1.0
E01000280,A32,1,1,1.0
E01000282,A32,1,1,1.0
E01000283,A32,1,1,1.0
E01000284,A32,2,2,1.0
E01000286,A32,2,2,1.0
E01000287,A32,3,2,1.5
E01000288,A32,8,5,1.6
E01000292,A32,3,3,1.0
E01000293,A32,5,5,1.0
E01000294,A32,3,3,1.0
E01000295,A32,1,1,1.0
E01000297,A32,5,5,1.0
E01000298,A32,3,3,1.0
E01000301,A32,4,4,1.0
E01000303,A32,2,2,1.0
E01000304,A32,4,2,2.0
E01000307,A32,3,3,1.0
E01000309,A32,2,2,1.0
E01000310,A32,5,4,1.25
E01000313,A32,3,3,1.0
E01000314,A32,10,3,3.3333333333333335
E01000315,A32,2,2,1.0
E01000316,A32,2,2,1.0
E01000317,A32,1,1,1.0
E01000320,A32,2,2,1.0
E01000322,A32,2,1,2.0
E01000323,A32,1,1,1.0
E01033572,A32,1,1,1.0
E01000126,A33,2,2,1.0
E01000127,A33,1,1,1.0
E01000133,A33,1,1,1.0
E01000135,A33,1,1,1.0
E01000138,A33,3,1,3.0
E01000139,A33,7,1,7.0
E01000141,A33,1,1,1.0
E01000142,A33,1,1,1.0
E01000145,A33,5,1,5.0
E01000157,A33,1,1,1.0
E01000158,A33,1,1,1.0
E01000161,A33,2,2,1.0
E01000167,A33,1,1,1.0
E01000170,A33,1,1,1.0
E01000171,A33,1,1,1.0
E01000174,A33,1,1,1.0
E01000175,A33,3,2,1.5
E01000178,A33,1,1,1.0
E01000180,A33,1,1,1.0
E01000185,A33,1,1,1.0
E01000187,A33,1,1,1.0
E01000194,A33,4,3,1.3333333333333333
E01000196,A33,7,2,3.5
E01000197,A33,3,2,1.5
E01000200,A33,1,1,1.0
E01000219,A33,3,1,3.0
E01000221,A33,13,1,13.0
E01000230,A33,1,1,1.0
E01000234,A33,1,1,1.0
E01000237,A33,24,1,24.0
E01000239,A33,1,1,1.0
E01000243,A33,4,1,4.0
E01000244,A33,1,1,1.0
E01000245,A33,1,1,1.0
E01000246,A33,3,2,1.5
E01000250,A33,4,3,1.3333333333333333
E01000252,A33,5,1,5.0
E01000256,A33,3,1,3.0
E01000257,A33,1,1,1.0
E01000259,A33,1,1,1.0
E01000260,A33,3,1,3.0
E01000262,A33,1,1,1.0
E01000263,A33,2,2,1.0
E01000267,A33,2,1,2.0
E01000270,A33,1,1,1.0
E01000277,A33,3,1,3.0
E01000278,A33,1,1,1.0
E01000280,A33,1,1,1.0
E01000281,A33,2,1,2.0
E01000282,A33,5,1,5.0
E01000283,A33,1,1,1.0
E01000288,A33,2,1,2.0
E01000289,A33,4,2,2.0
E01000291,A33,3,1,3.0
E01000294,A33,1,1,1.0
E01000296,A33,11,1,11.0
E01000299,A33,1,1,1.0
E01000300,A33,1,1,1.0
E01000301,A33,3,1,3.0
E01000303,A33,4,1,4.0
E01000304,A33,2,1,2.0
E01000305,A33,9,1,9.0
E01000306,A33,9,1,9.0
E01000307,A33,17,1,17.0
E01000309,A33,1,1,1.0
E01000310,A33,19,2,9.5
E01000311,A33,1,1,1.0
E01000314,A33,3,1,3.0
E01000316,A33,1,1,1.0
E01000319,A33,2,1,2.0
E01000321,A33,1,1,1.0
E01000322,A33,1,1,1.0
E01000323,A33,2,2,1.0
E01000648,A33,1,1,1.0
E01000655,A33,2,2,1.0
E01000659,A33,1,1,1.0
E01000664,A33,3,3,1.0
E01000665,A33,1,1,1.0
E01000666,A33,1,1,1.0
E01000669,A33,1,1,1.0
E01000670,A33,1,1,1.0
E01000672,A33,1,1,1.0
E01000673,A33,3,2,1.5
E01000674,A33,1,1,1.0
E01000675,A33,4,3,1.3333333333333333
E01000679,A33,1,1,1.0
E01000680,A33,1,1,1.0
E01000682,A33,1,1,1.0
E01000685,A33,2,2,1.0
E01000698,A33,1,1,1.0
E01000699,A33,1,1,1.0
E01000703,A33,1,1,1.0
E01000707,A33,2,2,1.0
E01000713,A33,1,1,1.0
E01000715,A33,1,1,1.0
E01000719,A33,1,1,1.0
E01000720,A33,1,1,1.0
E01000721,A33,1,1,1.0
E01000725,A33,1,1,1.0
E01000729,A33,1,1,1.0
E01000730,A33,2,2,1.0
E01000732,A33,1,1,1.0
E01000733,A33,2,2,1.0
E01000737,A33,1,1,1.0
E01000739,A33,1,1,1.0
E01000741,A33,1,1,1.0
E01000742,A33,1,1,1.0
E01000749,A33,2,2,1.0
E01000751,A33,1,1,1.0
E01000752,A33,1,1,1.0
E01000753,A33,1,1,1.0
E01000765,A33,1,1,1.0
E01000772,A33,1,1,1.0
E01000788,A33,5,3,1.6666666666666667
E01000790,A33,1,1,1.0
E01000795,A33,1,1,1.0
E01000799,A33,2,1,2.0
E01000806,A33,1,1,1.0
E01000807,A33,3,3,1.0
E01000827,A33,1,1,1.0
E01000831,A33,1,1,1.0
E01017138,A33,1,1,1.0
E01017139,A33,1,1,1.0
E01017140,A33,2,2,1.0
E01017142,A33,1,1,1.0
E01017177,A33,2,2,1.0
E01017181,A33,2,1,2.0
E01017192,A33,1,1,1.0
E01017195,A33,3,2,1.5
E01017200,A33,1,1,1.0
E01017203,A33,1,1,1.0
E01017206,A33,1,1,1.0
E01017216,A33,1,1,1.0
E01017228,A33,1,1,1.0
E01017231,A33,1,1,1.0
E01017252,A33,1,1,1.0
E01017254,A33,2,2,1.0
E01017257,A33,1,1,1.0
E01017267,A33,1,1,1.0
E01017276,A33,1,1,1.0
E01023753,A33,1,1,1.0
E01023774,A33,1,1,1.0
E01029477,A33,1,1,1.0
E01029484,A33,1,1,1.0
E01029530,A33,1,1,1.0
E01032562,A33,1,1,1.0
E01032568,A33,1,1,1.0
E01032738,A33,1,1,1.0
E01032745,A33,1,1,1.0
E01032755,A33,1,1,1.0
E01000647,A34,2,2,1.0
E01000651,A34,1,1,1.0
E01000654,A34,1,1,1.0
E01000655,A34,2,2,1.0
E01000661,A34,1,1,1.0
E01000665,A34,1,1,1.0
E01000666,A34,1,1,1.0
E01000667,A34,1,1,1.0
E01000679,A34,1,1,1.0
E01000682,A34,2,2,1.0
E01000683,A34,3,3,1.0
E01000686,A34,1,1,1.0
E01000688,A34,1,1,1.0
E01000689,A34,2,1,2.0
E01000691,A34,1,1,1.0
E01000692,A34,2,2,1.0
E01000693,A34,1,1,1.0
E01000694,A34,1,1,1.0
E01000696,A34,1,1,1.0
E01000707,A34,1,1,1.0
E01000711,A34,3,1,3.0
E01000714,A34,2,2,1.0
E01000719,A34,1,1,1.0
E01000721,A34,1,1,1.0
E01000723,A34,1,1,1.0
E01000726,A34,3,3,1.0
E01000727,A34,1,1,1.0
E01000728,A34,1,1,1.0
E01000731,A34,1,1,1.0
E01000733,A34,4,3,1.3333333333333333
E01000743,A34,1,1,1.0
E01000747,A34,2,2,1.0
E01000748,A34,1,1,1.0
E01000749,A34,1,1,1.0
E01000752,A34,1,1,1.0
E01000753,A34,1,1,1.0
E01000755,A34,1,1,1.0
E01000756,A34,1,1,1.0
E01000757,A34,1,1,1.0
E01000760,A34,1,1,1.0
E01000763,A34,1,1,1.0
E01000764,A34,1,1,1.0
E01000766,A34,1,1,1.0
E01000770,A34,1,1,1.0
E01000772,A34,2,2,1.0
E01000774,A34,1,1,1.0
E01000779,A34,2,2,1.0
E01000780,A34,1,1,1.0
E01000782,A34,1,1,1.0
E01000786,A34,3,3,1.0
E01000787,A34,1,1,1.0
E01000790,A34,1,1,1.0
E01000792,A34,4,2,2.0
E01000793,A34,1,1,1.0
E01000794,A34,1,1,1.0
E01000795,A34,1,1,1.0
E01000797,A34,2,2,1.0
E01000800,A34,1,1,1.0
E01000803,A34,1,1,1.0
E01000804,A34,1,1,1.0
E01000808,A34,1,1,1.0
E01000815,A34,1,1,1.0
E01000824,A34,2,2,1.0
E01000829,A34,1,1,1.0
E01000831,A34,2,2,1.0
E01000832,A34,2,2,1.0
E01000835,A34,1,1,1.0
E01000838,A34,2,2,1.0
E01000839,A34,2,2,1.0
E01000840,A34,2,2,1.0
E01017144,A34,1,1,1.0
E01017166,A34,1,1,1.0
E01017181,A34,1,1,1.0
E01017182,A34,1,1,1.0
E01017203,A34,2,2,1.0
E01017214,A34,1,1,1.0
E01017216,A34,2,1,2.0
E01017219,A34,1,1,1.0
E01017223,A34,1,1,1.0
E01017227,A34,1,1,1.0
E01017237,A34,1,1,1.0
E01017239,A34,2,2,1.0
E01017240,A34,1,1,1.0
E01017243,A34,1,1,1.0
E01017253,A34,2,2,1.0
E01017257,A34,2,1,2.0
E01017261,A34,2,1,2.0
E01017263,A34,3,2,1.5
E01017274,A34,1,1,1.0
E01000120,A37,1,1,1.0
E01000138,A37,1,1,1.0
E01000140,A37,1,1,1.0
E01000157,A37,1,1,1.0
E01000160,A37,1,1,1.0
E01000166,A37,1,1,1.0
E01000168,A37,1,1,1.0
E01000172,A37,1,1,1.0
E01000181,A37,1,1,1.0
E01000196,A37,1,1,1.0
E01000203,A37,1,1,1.0
E01000209,A37,1,1,1.0
E01000212,A37,1,1,1.0
E01000220,A37,1,1,1.0
E01000234,A37,1,1,1.0
E01000235,A37,1,1,1.0
E01000239,A37,1,1,1.0
E01000242,A37,1,1,1.0
E01000249,A37,1,1,1.0
E01000256,A37,1,1,1.0
E01000262,A37,1,1,1.0
E01000268,A37,1,1,1.0
E01000269,A37,1,1,1.0
E01000276,A37,1,1,1.0
E01000320,A37,1,1,1.0
E01017215,A4,1,1,1.0
E01017220,A4,1,1,1.0
E01017136,A41,2,2,1.0
E01017138,A41,1,1,1.0
E01017139,A41,1,1,1.0
E01017140,A41,7,5,1.4
E01017142,A41,6,5,1.2
E01017145,A41,2,2,1.0
E01017146,A41,6,4,1.5
E01017147,A41,1,1,1.0
E01017149,A41,1,1,1.0
E01017150,A41,1,1,1.0
E01017151,A41,3,3,1.0
E01017152,A41,4,4,1.0
E01017154,A41,1,1,1.0
E01017155,A41,1,1,1.0
E01017157,A41,1,1,1.0
E01017158,A41,2,2,1.0
E01017159,A41,3,3,1.0
E01017162,A41,1,1,1.0
E01017164,A41,4,3,1.3333333333333333
E01017166,A41,5,5,1.0
E01017167,A41,3,2,1.5
E01017168,A41,2,2,1.0
E01017169,A41,1,1,1.0
E01017170,A41,1,1,1.0
E01017171,A41,1,1,1.0
E01017172,A41,1,1,1.0
E01017173,A41,2,1,2.0
E01017175,A41,1,1,1.0
E01017176,A41,1,1,1.0
E01017177,A41,3,3,1.0
E01017180,A41,2,2,1.0
E01017181,A41,1,1,1.0
E01017182,A41,1,1,1.0
E01017183,A41,1,1,1.0
E01017184,A41,1,1,1.0
E01017185,A41,1,1,1.0
E01017187,A41,3,3,1.0
E01017188,A41,1,1,1.0
E01017189,A41,2,2,1.0
E01017191,A41,2,2,1.0
E01017192,A41,5,5,1.0
E01017193,A41,2,1,2.0
E01017194,A41,5,5,1.0
E01017195,A41,3,3,1.0
E01017196,A41,2,2,1.0
E01017197,A41,3,3,1.0
E01017199,A41,1,1,1.0
E01017200,A41,1,1,1.0
E01017201,A41,1,1,1.0
E01017202,A41,1,1,1.0
E01017204,A41,2,2,1.0
E01017206,A41,1,1,1.0
E01017207,A41,2,2,1.0
E01017210,A41,1,1,1.0
E01017211,A41,2,2,1.0
E01017213,A41,2,2,1.0
E01017214,A41,2,2,1.0
E01017215,A41,1,1,1.0
E01017216,A41,1,1,1.0
E01017217,A41,1,1,1.0
E01017218,A41,1,1,1.0
E01017219,A41,1,1,1.0
E01017221,A41,1,1,1.0
E01017223,A41,7,6,1.1666666666666667
E01017224,A41,1,1,1.0
E01017225,A41,1,1,1.0
E01017228,A41,1,1,1.0
E01017232,A41,1,1,1.0
E01017233,A41,1,1,1.0
E01017234,A41,1,1,1.0
E01017235,A41,1,1,1.0
E01017236,A41,1,1,1.0
E01017238,A41,2,2,1.0
E01017239,A41,6,5,1.2
E01017240,A41,2,2,1.0
E01017241,A41,2,2,1.0
E01017242,A41,4,4,1.0
E01017243,A41,1,1,1.0
E01017248,A41,2,2,1.0
E01017249,A41,2,2,1.0
E01017250,A41,3,3,1.0
E01017252,A41,4,4,1.0
E01017253,A41,3,3,1.0
E01017254,A41,3,3,1.0
E01017257,A41,1,1,1.0
E01017258,A41,1,1,1.0
E01017260,A41,2,2,1.0
E01017261,A41,1,1,1.0
E01017264,A41,2,2,1.0
E01017265,A41,1,1,1.0
E01017266,A41,2,2,1.0
E01017267,A41,4,4,1.0
E01017270,A41,2,2,1.0
E01017271,A41,2,2,1.0
E01017273,A41,2,2,1.0
E01017275,A41,1,1,1.0
E01017276,A41,2,2,1.0
E01017277,A41,1,1,1.0
E01017280,A41,1,1,1.0
E01023781,A41,1,1,1.0
E01029476,A41,1,1,1.0
E01029481,A41,1,1,1.0
E01029484,A41,1,1,1.0
E01029488,A41,3,3,1.0
E01029495,A41,1,1,1.0
E01029498,A41,1,1,1.0
E01029518,A41,1,1,1.0
E01029523,A41,1,1,1.0
E01029524,A41,1,1,1.0
E01032738,A41,6,5,1.2
E01032745,A41,1,1,1.0
E01032748,A41,2,2,1.0
E01032750,A41,1,1,1.0
E01032753,A41,11,7,1.5714285714285714
E01032756,A41,4,3,1.3333333333333333
E01017144,A44,1,1,1.0
E01017146,A44,1,1,1.0
E01017151,A44,1,1,1.0
E01017194,A44,1,1,1.0
E01017202,A44,2,2,1.0
E01017204,A44,1,1,1.0
E01017208,A44,1,1,1.0
E01017215,A44,1,1,1.0
E01017255,A44,2,1,2.0
E01017260,A44,1,1,1.0
E01000155,A47,1,1,1.0
E01000161,A47,1,1,1.0
E01000167,A47,1,1,1.0
E01000192,A47,1,1,1.0
E01000243,A47,1,1,1.0
E01000248,A47,1,1,1.0
E01000257,A47,1,1,1.0
E01000306,A47,2,2,1.0
E01000309,A47,1,1,1.0
E01000647,A47,2,1,2.0
E01000649,A47,1,1,1.0
E01000651,A47,1,1,1.0
E01000658,A47,1,1,1.0
E01000665,A47,1,1,1.0
E01000666,A47,2,1,2.0
E01000668,A47,2,2,1.0
E01000670,A47,1,1,1.0
E01000675,A47,1,1,1.0
E01000676,A47,1,1,1.0
E01000677,A47,2,2,1.0
E01000680,A47,1,1,1.0
E01000682,A47,1,1,1.0
E01000683,A47,1,1,1.0
E01000685,A47,1,1,1.0
E01000690,A47,1,1,1.0
E01000699,A47,1,1,1.0
E01000700,A47,1,1,1.0
E01000701,A47,1,1,1.0
E01000703,A47,2,2,1.0
E01000704,A47,1,1,1.0
E01000710,A47,1,1,1.0
E01000715,A47,1,1,1.0
E01000719,A47,2,1,2.0
E01000726,A47,1,1,1.0
E01000728,A47,3,1,3.0
E01000730,A47,1,1,1.0
E01000738,A47,2,1,2.0
E01000740,A47,2,2,1.0
E01000742,A47,1,1,1.0
E01000751,A47,1,1,1.0
E01000753,A47,2,1,2.0
E01000754,A47,1,1,1.0
E01000759,A47,2,2,1.0
E01000769,A47,1,1,1.0
E01000771,A47,1,1,1.0
E01000790,A47,2,2,1.0
E01000793,A47,1,1,1.0
E01000795,A47,1,1,1.0
E01000802,A47,1,1,1.0
E01000813,A47,1,1,1.0
E01000814,A47,1,1,1.0
E01000832,A47,1,1,1.0
E01000836,A47,1,1,1.0
E01000839,A47,1,1,1.0
E01017138,A47,2,2,1.0
E01017140,A47,1,1,1.0
E01017142,A47,2,2,1.0
E01017149,A47,1,1,1.0
E01017152,A47,1,1,1.0
E01017158,A47,1,1,1.0
E01017159,A47,2,2,1.0
E01017163,A47,1,1,1.0
E01017164,A47,1,1,1.0
E01017168,A47,2,1,2.0
E01017170,A47,1,1,1.0
E01017174,A47,1,1,1.0
E01017175,A47,1,1,1.0
E01017178,A47,1,1,1.0
E01017181,A47,4,1,4.0
E01017182,A47,1,1,1.0
E01017183,A47,1,1,1.0
E01017184,A47,4,3,1.3333333333333333
E01017185,A47,1,1,1.0
E01017186,A47,1,1,1.0
E01017187,A47,3,2,1.5
E01017189,A47,3,2,1.5
E01017190,A47,1,1,1.0
E01017191,A47,2,2,1.0
E01017192,A47,1,1,1.0
E01017193,A47,6,1,6.0
E01017194,A47,3,1,3.0
E01017195,A47,6,5,1.2
E01017196,A47,1,1,1.0
E01017198,A47,2,1,2.0
E01017202,A47,1,1,1.0
E01017207,A47,1,1,1.0
E01017212,A47,1,1,1.0
E01017213,A47,2,2,1.0
E01017214,A47,1,1,1.0
E01017215,A47,1,1,1.0
E01017216,A47,6,2,3.0
E01017217,A47,1,1,1.0
E01017219,A47,1,1,1.0
E01017221,A47,1,1,1.0
E01017222,A47,1,1,1.0
E01017224,A47,1,1,1.0
E01017227,A47,1,1,1.0
E01017228,A47,1,1,1.0
E01017231,A47,1,1,1.0
E01017234,A47,1,1,1.0
E01017235,A47,3,3,1.0
E01017245,A47,1,1,1.0
E01017247,A47,1,1,1.0
E01017248,A47,1,1,1.0
E01017249,A47,1,1,1.0
E01017250,A47,1,1,1.0
E01017251,A47,2,2,1.0
E01017253,A47,2,2,1.0
E01017256,A47,2,2,1.0
E01017257,A47,1,1,1.0
E01017261,A47,1,1,1.0
E01017264,A47,1,1,1.0
E01017267,A47,2,2,1.0
E01017276,A47,1,1,1.0
E01017278,A47,2,2,1.0
E01029494,A47,1,1,1.0
E01029522,A47,1,1,1.0
E01032745,A47,2,2,1.0
E01032748,A47,1,1,1.0
E01032751,A47,1,1,1.0
E01032753,A47,1,1,1.0
E01032755,A47,1,1,1.0
E01032756,A47,1,1,1.0
E01000118,A48,1,1,1.0
E01000123,A48,1,1,1.0
E01000127,A48,3,2,1.5
E01000136,A48,1,1,1.0
E01000141,A48,1,1,1.0
E01000146,A48,1,1,1.0
E01000148,A48,1,1,1.0
E01000155,A48,2,2,1.0
E01000157,A48,1,1,1.0
E01000159,A48,1,1,1.0
E01000171,A48,1,1,1.0
E01000174,A48,1,1,1.0
E01000178,A48,1,1,1.0
E01000182,A48,1,1,1.0
E01000187,A48,1,1,1.0
E01000189,A48,1,1,1.0
E01000194,A48,1,1,1.0
E01000196,A48,2,2,1.0
E01000197,A48,1,1,1.0
E01000200,A48,2,2,1.0
E01000201,A48,3,2,1.5
E01000203,A48,1,1,1.0
E01000204,A48,1,1,1.0
E01000208,A48,2,2,1.0
E01000215,A48,1,1,1.0
E01000223,A48,1,1,1.0
E01000236,A48,1,1,1.0
E01000237,A48,2,2,1.0
E01000238,A48,1,1,1.0
E01000240,A48,2,2,1.0
E01000256,A48,2,2,1.0
E01000260,A48,1,1,1.0
E01000262,A48,2,2,1.0
E01000263,A48,1,1,1.0
E01000264,A48,1,1,1.0
E01000265,A48,1,1,1.0
E01000279,A48,1,1,1.0
E01000280,A48,1,1,1.0
E01000292,A48,1,1,1.0
E01000294,A48,1,1,1.0
E01000295,A48,2,2,1.0
E01000301,A48,1,1,1.0
E01000302,A48,1,1,1.0
E01000304,A48,2,2,1.0
E01000311,A48,1,1,1.0
E01000315,A48,1,1,1.0
E01000321,A48,1,1,1.0
E01017201,A51,1,1,1.0
E01017220,A51,1,1,1.0
E01000645,A52,1,1,1.0
E01000646,A52,1,1,1.0
E01000648,A52,1,1,1.0
E01000649,A52,2,2,1.0
E01000650,A52,1,1,1.0
E01000651,A52,1,1,1.0
E01000653,A52,1,1,1.0
E01000657,A52,2,2,1.0
E01000659,A52,1,1,1.0
E01000661,A52,2,2,1.0
E01000662,A52,1,1,1.0
E01000666,A52,1,1,1.0
E01000667,A52,1,1,1.0
E01000671,A52,2,2,1.0
E01000673,A52,3,3,1.0
E01000676,A52,3,3,1.0
E01000679,A52,1,1,1.0
E01000680,A52,1,1,1.0
E01000683,A52,1,1,1.0
E01000684,A52,2,2,1.0
E01000685,A52,2,1,2.0
E01000687,A52,2,2,1.0
E01000689,A52,1,1,1.0
E01000690,A52,2,2,1.0
E01000692,A52,1,1,1.0
E01000693,A52,1,1,1.0
E01000694,A52,1,1,1.0
E01000695,A52,1,1,1.0
E01000696,A52,1,1,1.0
E01000697,A52,1,1,1.0
E01000700,A52,1,1,1.0
E01000703,A52,1,1,1.0
E01000704,A52,1,1,1.0
E01000705,A52,1,1,1.0
E01000706,A52,1,1,1.0
E01000709,A52,1,1,1.0
E01000710,A52,1,1,1.0
E01000711,A52,1,1,1.0
E01000713,A52,2,1,2.0
E01000714,A52,2,2,1.0
E01000718,A52,1,1,1.0
E01000719,A52,2,2,1.0
E01000720,A52,5,3,1.6666666666666667
E01000721,A52,1,1,1.0
E01000722,A52,1,1,1.0
E01000724,A52,1,1,1.0
E01000725,A52,1,1,1.0
E01000727,A52,1,1,1.0
E01000728,A52,1,1,1.0
E01000729,A52,1,1,1.0
E01000730,A52,1,1,1.0
E01000732,A52,1,1,1.0
E01000733,A52,1,1,1.0
E01000735,A52,1,1,1.0
E01000738,A52,2,2,1.0
E01000740,A52,1,1,1.0
E01000743,A52,2,2,1.0
E01000744,A52,1,1,1.0
E01000745,A52,1,1,1.0
E01000746,A52,1,1,1.0
E01000747,A52,3,3,1.0
E01000748,A52,1,1,1.0
E01000749,A52,2,2,1.0
E01000751,A52,4,4,1.0
E01000752,A52,1,1,1.0
E01000755,A52,1,1,1.0
E01000757,A52,1,1,1.0
E01000759,A52,6,5,1.2
E01000760,A52,1,1,1.0
E01000761,A52,1,1,1.0
E01000763,A52,1,1,1.0
E01000764,A52,2,2,1.0
E01000765,A52,1,1,1.0
E01000767,A52,1,1,1.0
E01000768,A52,2,2,1.0
E01000771,A52,2,2,1.0
E01000772,A52,2,2,1.0
E01000773,A52,2,2,1.0
E01000774,A52,2,2,1.0
E01000775,A52,2,2,1.0
E01000778,A52,2,2,1.0
E01000779,A52,2,2,1.0
E01000781,A52,1,1,1.0
E01000783,A52,1,1,1.0
E01000784,A52,3,3,1.0
E01000790,A52,1,1,1.0
E01000791,A52,1,1,1.0
E01000792,A52,1,1,1.0
E01000795,A52,3,2,1.5
E01000796,A52,1,1,1.0
E01000797,A52,4,4,1.0
E01000801,A52,2,2,1.0
E01000802,A52,3,2,1.5
E01000803,A52,1,1,1.0
E01000805,A52,1,1,1.0
E01000806,A52,2,2,1.0
E01000807,A52,1,1,1.0
E01000809,A52,1,1,1.0
E01000813,A52,3,2,1.5
E01000814,A52,1,1,1.0
E01000815,A52,1,1,1.0
E01000816,A52,2,2,1.0
E01000818,A52,1,1,1.0
E01000823,A52,2,2,1.0
E01000825,A52,1,1,1.0
E01000826,A52,2,2,1.0
E01000827,A52,1,1,1.0
E01000829,A52,3,2,1.5
E01000832,A52,1,1,1.0
E01000838,A52,2,2,1.0
E01000839,A52,1,1,1.0
E01000840,A52,1,1,1.0
E01032562,A52,1,1,1.0
E01000647,A53,2,2,1.0
E01000659,A53,1,1,1.0
E01000664,A53,1,1,1.0
E01000667,A53,1,1,1.0
E01000669,A53,1,1,1.0
E01000677,A53,2,2,1.0
E01000683,A53,3,2,1.5
E01000700,A53,3,2,1.5
E01000712,A53,1,1,1.0
E01000718,A53,1,1,1.0
E01000719,A53,1,1,1.0
E01000720,A53,1,1,1.0
E01000725,A53,1,1,1.0
E01000726,A53,1,1,1.0
E01000727,A53,2,2,1.0
E01000728,A53,1,1,1.0
E01000734,A53,1,1,1.0
E01000740,A53,1,1,1.0
E01000743,A53,1,1,1.0
E01000745,A53,1,1,1.0
E01000749,A53,1,1,1.0
E01000751,A53,1,1,1.0
E01000754,A53,1,1,1.0
E01000760,A53,1,1,1.0
E01000763,A53,1,1,1.0
E01000770,A53,4,4,1.0
E01000771,A53,1,1,1.0
E01000786,A53,2,2,1.0
E01000788,A53,3,3,1.0
E01000797,A53,1,1,1.0
E01000805,A53,2,2,1.0
E01000806,A53,2,2,1.0
E01000808,A53,1,1,1.0
E01000825,A53,1,1,1.0
E01000834,A53,1,1,1.0
E01029505,A53,2,2,1.0
E01029518,A53,2,2,1.0
E01032570,A53,2,2,1.0
E01032900,A53,1,1,1.0
E01017138,A54,2,2,1.0
E01017140,A54,9,7,1.2857142857142858
E01017142,A54,2,2,1.0
E01017144,A54,2,2,1.0
E01017145,A54,2,2,1.0
E01017149,A54,1,1,1.0
E01017150,A54,1,1,1.0
E01017151,A54,1,1,1.0
E01017152,A54,3,3,1.0
E01017154,A54,1,1,1.0
E01017158,A54,1,1,1.0
E01017159,A54,1,1,1.0
E01017160,A54,4,3,1.3333333333333333
E01017163,A54,1,1,1.0
E01017164,A54,1,1,1.0
E01017167,A54,1,1,1.0
E01017169,A54,1,1,1.0
E01017171,A54,1,1,1.0
E01017173,A54,1,1,1.0
E01017174,A54,1,1,1.0
E01017177,A54,2,2,1.0
E01017181,A54,1,1,1.0
E01017182,A54,1,1,1.0
E01017184,A54,2,2,1.0
E01017187,A54,1,1,1.0
E01017190,A54,2,2,1.0
E01017192,A54,1,1,1.0
E01017193,A54,1,1,1.0
E01017194,A54,1,1,1.0
E01017197,A54,1,1,1.0
E01017198,A54,3,3,1.0
E01017200,A54,2,2,1.0
E01017201,A54,2,2,1.0
E01017202,A54,3,2,1.5
E01017204,A54,2,2,1.0
E01017209,A54,1,1,1.0
E01017214,A54,3,1,3.0
E01017220,A54,1,1,1.0
E01017222,A54,2,1,2.0
E01017223,A54,2,2,1.0
E01017224,A54,1,1,1.0
E01017228,A54,2,2,1.0
E01017231,A54,1,1,1.0
E01017234,A54,2,2,1.0
E01017235,A54,1,1,1.0
E01017236,A54,2,2,1.0
E01017239,A54,2,2,1.0
E01017244,A54,1,1,1.0
E01017246,A54,2,2,1.0
E01017247,A54,1,1,1.0
E01017252,A54,2,2,1.0
E01017253,A54,1,1,1.0
E01017254,A54,2,2,1.0
E01017256,A54,1,1,1.0
E01017257,A54,1,1,1.0
E01017260,A54,1,1,1.0
E01017261,A54,1,1,1.0
E01017265,A54,1,1,1.0
E01017270,A54,1,1,1.0
E01017272,A54,1,1,1.0
E01017276,A54,3,3,1.0
E01017277,A54,1,1,1.0
E01017278,A54,2,2,1.0
E01017280,A54,1,1,1.0
E01023756,A54,3,1,3.0
E01023774,A54,1,1,1.0
E01023775,A54,2,2,1.0
E01023782,A54,1,1,1.0
E01023784,A54,1,1,1.0
E01023785,A54,4,1,4.0
E01023789,A54,2,1,2.0
E01023791,A54,1,1,1.0
E01023792,A54,1,1,1.0
E01029480,A54,1,1,1.0
E01029484,A54,1,1,1.0
E01029488,A54,1,1,1.0
E01029503,A54,2,2,1.0
E01029505,A54,1,1,1.0
E01029514,A54,2,2,1.0
E01029518,A54,1,1,1.0
E01029519,A54,1,1,1.0
E01029529,A54,1,1,1.0
E01029530,A54,1,1,1.0
E01032746,A54,1,1,1.0
E01032748,A54,1,1,1.0
E01032753,A54,1,1,1.0
E01032756,A54,1,1,1.0
E01000115,A55,1,1,1.0
E01000116,A55,2,2,1.0
E01000117,A55,5,4,1.25
E01000119,A55,1,1,1.0
E01000122,A55,2,2,1.0
E01000123,A55,2,2,1.0
E01000127,A55,2,2,1.0
E01000128,A55,1,1,1.0
E01000134,A55,1,1,1.0
E01000137,A55,1,1,1.0
E01000138,A55,1,1,1.0
E01000140,A55,1,1,1.0
E01000144,A55,1,1,1.0
E01000145,A55,2,2,1.0
E01000148,A55,1,1,1.0
E01000151,A55,1,1,1.0
E01000155,A55,2,2,1.0
E01000156,A55,2,2,1.0
E01000157,A55,2,2,1.0
E01000158,A55,1,1,1.0
E01000159,A55,4,4,1.0
E01000160,A55,1,1,1.0
E01000161,A55,3,3,1.0
E01000162,A55,1,1,1.0
E01000164,A55,1,1,1.0
E01000167,A55,1,1,1.0
E01000168,A55,1,1,1.0
E01000169,A55,1,1,1.0
E01000170,A55,3,3,1.0
E01000172,A55,3,3,1.0
E01000173,A55,2,2,1.0
E01000174,A55,1,1,1.0
E01000177,A55,4,4,1.0
E01000178,A55,2,1,2.0
E01000179,A55,1,1,1.0
E01000182,A55,1,1,1.0
E01000184,A55,1,1,1.0
E01000186,A55,1,1,1.0
E01000187,A55,1,1,1.0
E01000188,A55,2,2,1.0
E01000191,A55,1,1,1.0
E01000192,A55,2,1,2.0
E01000193,A55,2,2,1.0
E01000194,A55,2,2,1.0
E01000196,A55,2,2,1.0
E01000198,A55,1,1,1.0
E01000199,A55,2,1,2.0
E01000203,A55,2,1,2.0
E01000204,A55,1,1,1.0
E01000205,A55,1,1,1.0
E01000206,A55,2,2,1.0
E01000207,A55,1,1,1.0
E01000208,A55,4,3,1.3333333333333333
E01000209,A55,2,2,1.0
E01000210,A55,2,2,1.0
E01000211,A55,3,3,1.0
E01000212,A55,1,1,1.0
E01000214,A55,2,2,1.0
E01000215,A55,1,1,1.0
E01000216,A55,1,1,1.0
E01000220,A55,1,1,1.0
E01000221,A55,1,1,1.0
E01000228,A55,1,1,1.0
E01000231,A55,1,1,1.0
E01000233,A55,3,2,1.5
E01000234,A55,3,1,3.0
E01000236,A55,1,1,1.0
E01000241,A55,2,1,2.0
E01000243,A55,2,2,1.0
E01000244,A55,1,1,1.0
E01000248,A55,5,3,1.6666666666666667
E01000249,A55,1,1,1.0
E01000250,A55,1,1,1.0
E01000253,A55,4,4,1.0
E01000254,A55,1,1,1.0
E01000255,A55,1,1,1.0
E01000256,A55,1,1,1.0
E01000259,A55,1,1,1.0
E01000260,A55,1,1,1.0
E01000261,A55,3,3,1.0
E01000262,A55,1,1,1.0
E01000263,A55,1,1,1.0
E01000266,A55,1,1,1.0
E01000267,A55,1,1,1.0
E01000268,A55,2,1,2.0
E01000270,A55,3,2,1.5
E01000271,A55,2,2,1.0
E01000272,A55,2,2,1.0
E01000273,A55,1,1,1.0
E01000274,A55,3,2,1.5
E01000276,A55,2,2,1.0
E01000277,A55,1,1,1.0
E01000278,A55,3,3,1.0
E01000279,A55,1,1,1.0
E01000281,A55,1,1,1.0
E01000282,A55,2,2,1.0
E01000284,A55,3,1,3.0
E01000286,A55,1,1,1.0
E01000288,A55,1,1,1.0
E01000290,A55,1,1,1.0
E01000292,A55,2,2,1.0
E01000295,A55,1,1,1.0
E01000296,A55,2,2,1.0
E01000297,A55,2,2,1.0
E01000298,A55,3,3,1.0
E01000302,A55,1,1,1.0
E01000304,A55,1,1,1.0
E01000306,A55,2,2,1.0
E01000307,A55,1,1,1.0
E01000308,A55,1,1,1.0
E01000310,A55,2,2,1.0
E01000314,A55,3,3,1.0
E01000315,A55,1,1,1.0
E01000316,A55,1,1,1.0
E01000319,A55,1,1,1.0
E01000321,A55,2,2,1.0
E01000322,A55,1,1,1.0
E01000323,A55,1,1,1.0
E01000645,A55,3,3,1.0
E01000646,A55,1,1,1.0
E01000647,A55,3,3,1.0
E01000648,A55,4,2,2.0
E01000649,A55,1,1,1.0
E01000650,A55,5,4,1.25
E01000651,A55,8,4,2.0
E01000652,A55,6,5,1.2
E01000654,A55,5,4,1.25
E01000655,A55,1,1,1.0
E01000656,A55,5,5,1.0
E01000657,A55,3,3,1.0
E01000659,A55,3,3,1.0
E01000661,A55,2,2,1.0
E01000663,A55,6,5,1.2
E01000664,A55,1,1,1.0
E01000665,A55,4,4,1.0
E01000666,A55,8,7,1.1428571428571428
E01000668,A55,2,2,1.0
E01000669,A55,1,1,1.0
E01000670,A55,3,3,1.0
E01000671,A55,3,3,1.0
E01000672,A55,4,4,1.0
E01000673,A55,2,2,1.0
E01000675,A55,7,7,1.0
E01000676,A55,1,1,1.0
E01000677,A55,3,3,1.0
E01000678,A55,4,4,1.0
E01000679,A55,5,5,1.0
E01000680,A55,3,3,1.0
E01000681,A55,3,2,1.5
E01000682,A55,3,3,1.0
E01000683,A55,5,4,1.25
E01000684,A55,5,4,1.25
E01000685,A55,2,2,1.0
E01000687,A55,2,2,1.0
E01000688,A55,4,4,1.0
E01000689,A55,1,1,1.0
E01000690,A55,1,1,1.0
E01000691,A55,2,2,1.0
E01000692,A55,2,2,1.0
E01000693,A55,1,1,1.0
E01000694,A55,5,5,1.0
E01000695,A55,1,1,1.0
E01000696,A55,4,3,1.3333333333333333
E01000697,A55,2,2,1.0
E01000698,A55,3,3,1.0
E01000699,A55,1,1,1.0
E01000700,A55,4,4,1.0
E01000701,A55,3,3,1.0
E01000702,A55,2,2,1.0
E01000703,A55,6,5,1.2
E01000705,A55,1,1,1.0
E01000706,A55,2,2,1.0
E01000707,A55,1,1,1.0
E01000708,A55,8,8,1.0
E01000709,A55,1,1,1.0
E01000710,A55,2,2,1.0
E01000711,A55,2,1,2.0
E01000712,A55,2,2,1.0
E01000713,A55,2,1,2.0
E01000714,A55,4,4,1.0
E01000715,A55,1,1,1.0
E01000716,A55,1,1,1.0
E01000717,A55,1,1,1.0
E01000718,A55,2,2,1.0
E01000719,A55,3,3,1.0
E01000720,A55,3,3,1.0
E01000722,A55,1,1,1.0
E01000724,A55,4,4,1.0
E01000725,A55,1,1,1.0
E01000726,A55,1,1,1.0
E01000727,A55,1,1,1.0
E01000728,A55,3,3,1.0
E01000729,A55,2,2,1.0
E01000731,A55,1,1,1.0
E01000732,A55,1,1,1.0
E01000733,A55,2,2,1.0
E01000734,A55,3,3,1.0
E01000735,A55,2,2,1.0
E01000737,A55,1,1,1.0
E01000738,A55,1,1,1.0
E01000739,A55,1,1,1.0
E01000740,A55,2,1,2.0
E01000741,A55,2,2,1.0
E01000742,A55,5,5,1.0
E01000743,A55,1,1,1.0
E01000744,A55,2,2,1.0
E01000745,A55,4,4,1.0
E01000746,A55,4,4,1.0
E01000747,A55,2,2,1.0
E01000749,A55,3,3,1.0
E01000751,A55,3,3,1.0
E01000752,A55,5,4,1.25
E01000753,A55,4,4,1.0
E01000754,A55,4,4,1.0
E01000755,A55,1,1,1.0
E01000756,A55,4,4,1.0
E01000758,A55,4,4,1.0
E01000759,A55,1,1,1.0
E01000760,A55,2,2,1.0
E01000761,A55,2,2,1.0
E01000762,A55,1,1,1.0
E01000763,A55,2,2,1.0
E01000764,A55,1,1,1.0
E01000765,A55,2,2,1.0
E01000766,A55,5,5,1.0
E01000767,A55,5,5,1.0
E01000768,A55,2,2,1.0
E01000769,A55,1,1,1.0
E01000770,A55,5,5,1.0
E01000771,A55,4,4,1.0
E01000772,A55,2,2,1.0
E01000773,A55,1,1,1.0
E01000774,A55,5,5,1.0
E01000775,A55,6,5,1.2
E01000777,A55,2,2,1.0
E01000778,A55,3,2,1.5
E01000779,A55,1,1,1.0
E01000780,A55,4,2,2.0
E01000781,A55,1,1,1.0
E01000782,A55,1,1,1.0
E01000783,A55,3,3,1.0
E01000784,A55,3,3,1.0
E01000786,A55,1,1,1.0
E01000787,A55,1,1,1.0
E01000788,A55,3,3,1.0
E01000790,A55,6,5,1.2
E01000791,A55,3,3,1.0
E01000792,A55,2,2,1.0
E01000793,A55,2,2,1.0
E01000794,A55,3,3,1.0
E01000796,A55,1,1,1.0
E01000797,A55,5,4,1.25
E01000799,A55,1,1,1.0
E01000800,A55,4,4,1.0
E01000802,A55,5,4,1.25
E01000804,A55,6,5,1.2
E01000805,A55,3,3,1.0
E01000806,A55,2,2,1.0
E01000807,A55,3,3,1.0
E01000808,A55,2,2,1.0
E01000810,A55,1,1,1.0
E01000811,A55,2,2,1.0
E01000812,A55,7,5,1.4
E01000813,A55,5,5,1.0
E01000814,A55,3,3,1.0
E01000816,A55,2,2,1.0
E01000818,A55,1,1,1.0
E01000819,A55,2,2,1.0
E01000822,A55,1,1,1.0
E01000823,A55,3,2,1.5
E01000825,A55,1,1,1.0
E01000826,A55,3,3,1.0
E01000827,A55,2,2,1.0
E01000829,A55,3,3,1.0
E01000830,A55,1,1,1.0
E01000831,A55,4,4,1.0
E01000832,A55,5,5,1.0
E01000833,A55,2,2,1.0
E01000834,A55,1,1,1.0
E01000835,A55,2,2,1.0
E01000836,A55,6,5,1.2
E01000837,A55,3,2,1.5
E01000838,A55,3,2,1.5
E01000839,A55,2,2,1.0
E01000840,A55,1,1,1.0
E01000841,A55,6,6,1.0
E01017138,A55,1,1,1.0
E01017142,A55,3,2,1.5
E01017145,A55,5,4,1.25
E01017146,A55,1,1,1.0
E01017150,A55,2,2,1.0
E01017151,A55,2,1,2.0
E01017164,A55,1,1,1.0
E01017167,A55,1,1,1.0
E01017168,A55,1,1,1.0
E01017175,A55,1,1,1.0
E01017177,A55,2,1,2.0
E01017178,A55,1,1,1.0
E01017180,A55,1,1,1.0
E01017181,A55,1,1,1.0
E01017184,A55,1,1,1.0
E01017186,A55,1,1,1.0
E01017187,A55,1,1,1.0
E01017190,A55,4,3,1.3333333333333333
E01017192,A55,1,1,1.0
E01017193,A55,1,1,1.0
E01017194,A55,1,1,1.0
E01017195,A55,1,1,1.0
E01017196,A55,1,1,1.0
E01017199,A55,2,1,2.0
E01017202,A55,1,1,1.0
E01017208,A55,1,1,1.0
E01017211,A55,1,1,1.0
E01017212,A55,2,2,1.0
E01017214,A55,2,2,1.0
E01017215,A55,4,1,4.0
E01017216,A55,4,2,2.0
E01017220,A55,1,1,1.0
E01017222,A55,1,1,1.0
E01017223,A55,1,1,1.0
E01017224,A55,1,1,1.0
E01017226,A55,2,2,1.0
E01017227,A55,2,1,2.0
E01017231,A55,1,1,1.0
E01017232,A55,2,2,1.0
E01017239,A55,1,1,1.0
E01017241,A55,1,1,1.0
E01017246,A55,1,1,1.0
E01017248,A55,3,2,1.5
E01017249,A55,1,1,1.0
E01017250,A55,1,1,1.0
E01017251,A55,1,1,1.0
E01017252,A55,2,2,1.0
E01017253,A55,1,1,1.0
E01017256,A55,1,1,1.0
E01017261,A55,1,1,1.0
E01017263,A55,1,1,1.0
E01017264,A55,1,1,1.0
E01017265,A55,2,2,1.0
E01017270,A55,1,1,1.0
E01017271,A55,4,3,1.3333333333333333
E01017278,A55,1,1,1.0
E01017280,A55,2,2,1.0
E01032568,A55,2,2,1.0
E01032570,A55,3,3,1.0
E01032753,A55,3,3,1.0
E01032756,A55,2,1,2.0
E01033572,A55,1,1,1.0
E01000116,A56,3,3,1.0
E01000126,A56,2,2,1.0
E01000159,A56,1,1,1.0
E01000172,A56,1,1,1.0
E01000182,A56,1,1,1.0
E01000190,A56,1,1,1.0
E01000219,A56,1,1,1.0
E01000238,A56,2,1,2.0
E01000259,A56,1,1,1.0
E01000262,A56,1,1,1.0
E01000265,A56,1,1,1.0
E01000273,A56,1,1,1.0
E01000288,A56,1,1,1.0
E01000302,A56,1,1,1.0
E01017139,A56,1,1,1.0
E01017154,A56,1,1,1.0
E01017157,A56,1,1,1.0
E01017165,A56,1,1,1.0
E01017170,A56,1,1,1.0
E01017182,A56,1,1,1.0
E01017183,A56,2,2,1.0
E01017193,A56,1,1,1.0
E01017202,A56,2,2,1.0
E01017203,A56,1,1,1.0
E01017209,A56,1,1,1.0
E01017216,A56,1,1,1.0
E01017220,A56,1,1,1.0
E01017225,A56,1,1,1.0
E01017236,A56,2,1,2.0
E01017242,A56,1,1,1.0
E01017250,A56,1,1,1.0
E01017273,A56,1,1,1.0
E01017276,A56,2,1,2.0
E01017278,A56,1,1,1.0
E01017279,A56,1,1,1.0
E01029477,A56,1,1,1.0
E01029487,A56,1,1,1.0
E01029493,A56,2,2,1.0
E01029497,A56,1,1,1.0
E01029499,A56,1,1,1.0
E01029502,A56,1,1,1.0
E01029519,A56,2,1,2.0
E01029526,A56,1,1,1.0
E01029529,A56,1,1,1.0
E01032738,A56,1,1,1.0
E01032745,A56,1,1,1.0
E01032751,A56,9,3,3.0
E01032899,A56,1,1,1.0
E01000115,A57,2,2,1.0
E01000116,A57,5,5,1.0
E01000117,A57,2,2,1.0
E01000118,A57,1,1,1.0
E01000119,A57,7,6,1.1666666666666667
E01000120,A57,2,2,1.0
E01000121,A57,1,1,1.0
E01000122,A57,4,4,1.0
E01000125,A57,2,2,1.0
E01000127,A57,3,3,1.0
E01000128,A57,2,2,1.0
E01000129,A57,2,2,1.0
E01000132,A57,1,1,1.0
E01000135,A57,1,1,1.0
E01000136,A57,5,5,1.0
E01000137,A57,2,2,1.0
E01000138,A57,1,1,1.0
E01000139,A57,2,1,2.0
E01000140,A57,2,2,1.0
E01000141,A57,1,1,1.0
E01000142,A57,1,1,1.0
E01000144,A57,2,2,1.0
E01000145,A57,1,1,1.0
E01000146,A57,2,2,1.0
E01000147,A57,2,2,1.0
E01000150,A57,1,1,1.0
E01000152,A57,1,1,1.0
E01000156,A57,4,3,1.3333333333333333
E01000158,A57,2,2,1.0
E01000160,A57,2,2,1.0
E01000161,A57,1,1,1.0
E01000162,A57,4,3,1.3333333333333333
E01000163,A57,3,2,1.5
E01000164,A57,2,2,1.0
E01000166,A57,1,1,1.0
E01000167,A57,1,1,1.0
E01000169,A57,1,1,1.0
E01000170,A57,1,1,1.0
E01000171,A57,3,1,3.0
E01000173,A57,4,4,1.0
E01000174,A57,2,2,1.0
E01000175,A57,2,2,1.0
E01000177,A57,1,1,1.0
E01000178,A57,5,4,1.25
E01000181,A57,3,3,1.0
E01000182,A57,2,2,1.0
E01000185,A57,1,1,1.0
E01000186,A57,5,4,1.25
E01000188,A57,3,2,1.5
E01000190,A57,6,6,1.0
E01000191,A57,1,1,1.0
E01000192,A57,6,6,1.0
E01000193,A57,4,4,1.0
E01000194,A57,1,1,1.0
E01000195,A57,1,1,1.0
E01000196,A57,3,3,1.0
E01000197,A57,7,6,1.1666666666666667
E01000198,A57,4,4,1.0
E01000199,A57,4,4,1.0
E01000200,A57,1,1,1.0
E01000201,A57,2,2,1.0
E01000203,A57,1,1,1.0
E01000204,A57,4,3,1.3333333333333333
E01000205,A57,2,2,1.0
E01000206,A57,4,4,1.0
E01000207,A57,7,6,1.1666666666666667
E01000208,A57,1,1,1.0
E01000210,A57,1,1,1.0
E01000212,A57,1,1,1.0
E01000213,A57,2,2,1.0
E01000214,A57,1,1,1.0
E01000215,A57,2,2,1.0
E01000216,A57,1,1,1.0
E01000217,A57,2,2,1.0
E01000218,A57,2,2,1.0
E01000220,A57,1,1,1.0
E01000221,A57,1,1,1.0
E01000223,A57,3,3,1.0
E01000224,A57,1,1,1.0
E01000225,A57,2,2,1.0
E01000227,A57,1,1,1.0
E01000228,A57,2,2,1.0
E01000229,A57,1,1,1.0
E01000230,A57,1,1,1.0
E01000231,A57,2,2,1.0
E01000232,A57,5,4,1.25
E01000233,A57,4,4,1.0
E01000234,A57,1,1,1.0
E01000236,A57,1,1,1.0
E01000237,A57,10,5,2.0
E01000238,A57,3,3,1.0
E01000239,A57,3,2,1.5
E01000240,A57,3,3,1.0
E01000241,A57,1,1,1.0
E01000242,A57,1,1,1.0
E01000243,A57,8,3,2.6666666666666665
E01000244,A57,5,2,2.5
E01000245,A57,1,1,1.0
E01000246,A57,2,2,1.0
E01000248,A57,3,3,1.0
E01000250,A57,12,10,1.2
E01000251,A57,2,2,1.0
E01000252,A57,1,1,1.0
E01000253,A57,2,2,1.0
E01000256,A57,4,4,1.0
E01000257,A57,1,1,1.0
E01000258,A57,3,3,1.0
E01000259,A57,4,4,1.0
E01000260,A57,1,1,1.0
E01000261,A57,2,2,1.0
E01000262,A57,2,2,1.0
E01000263,A57,3,3,1.0
E01000265,A57,1,1,1.0
E01000266,A57,2,2,1.0
E01000268,A57,8,4,2.0
E01000269,A57,4,4,1.0
E01000270,A57,3,3,1.0
E01000271,A57,5,4,1.25
E01000272,A57,3,3,1.0
E01000273,A57,1,1,1.0
E01000274,A57,1,1,1.0
E01000275,A57,1,1,1.0
E01000276,A57,2,2,1.0
E01000277,A57,3,3,1.0
E01000278,A57,3,2,1.5
E01000279,A57,4,3,1.3333333333333333
E01000280,A57,1,1,1.0
E01000282,A57,3,3,1.0
E01000283,A57,4,4,1.0
E01000284,A57,1,1,1.0
E01000286,A57,2,2,1.0
E01000287,A57,3,2,1.5
E01000288,A57,2,2,1.0
E01000289,A57,1,1,1.0
E01000291,A57,1,1,1.0
E01000292,A57,2,2,1.0
E01000293,A57,6,6,1.0
E01000294,A57,5,4,1.25
E01000295,A57,2,2,1.0
E01000296,A57,4,3,1.3333333333333333
E01000298,A57,1,1,1.0
E01000299,A57,2,2,1.0
E01000300,A57,1,1,1.0
E01000301,A57,6,6,1.0
E01000302,A57,1,1,1.0
E01000303,A57,3,3,1.0
E01000304,A57,1,1,1.0
E01000305,A57,9,1,9.0
E01000306,A57,19,3,6.333333333333333
E01000307,A57,2,2,1.0
E01000309,A57,15,3,5.0
E01000310,A57,3,3,1.0
E01000311,A57,1,1,1.0
E01000312,A57,1,1,1.0
E01000313,A57,6,1,6.0
E01000314,A57,14,2,7.0
E01000315,A57,1,1,1.0
E01000316,A57,3,3,1.0
E01000317,A57,1,1,1.0
E01000318,A57,2,2,1.0
E01000319,A57,2,1,2.0
E01000320,A57,3,2,1.5
E01000321,A57,2,2,1.0
E01000324,A57,1,1,1.0
E01000645,A57,4,4,1.0
E01000646,A57,1,1,1.0
E01000649,A57,1,1,1.0
E01000650,A57,2,2,1.0
E01000652,A57,4,4,1.0
E01000654,A57,2,2,1.0
E01000656,A57,1,1,1.0
E01000657,A57,2,2,1.0
E01000658,A57,2,2,1.0
E01000659,A57,2,2,1.0
E01000662,A57,1,1,1.0
E01000663,A57,4,4,1.0
E01000664,A57,1,1,1.0
E01000665,A57,2,2,1.0
E01000666,A57,3,3,1.0
E01000668,A57,1,1,1.0
E01000671,A57,1,1,1.0
E01000675,A57,7,7,1.0
E01000676,A57,1,1,1.0
E01000677,A57,2,2,1.0
E01000678,A57,4,4,1.0
E01000679,A57,2,2,1.0
E01000680,A57,2,1,2.0
E01000682,A57,2,2,1.0
E01000683,A57,4,3,1.3333333333333333
E01000685,A57,2,2,1.0
E01000686,A57,2,2,1.0
E01000687,A57,1,1,1.0
E01000688,A57,2,2,1.0
E01000689,A57,2,2,1.0
E01000691,A57,6,6,1.0
E01000692,A57,2,2,1.0
E01000693,A57,2,2,1.0
E01000694,A57,1,1,1.0
E01000695,A57,1,1,1.0
E01000697,A57,2,2,1.0
E01000700,A57,1,1,1.0
E01000703,A57,2,2,1.0
E01000704,A57,1,1,1.0
E01000705,A57,1,1,1.0
E01000712,A57,2,2,1.0
E01000714,A57,2,2,1.0
E01000716,A57,2,2,1.0
E01000719,A57,1,1,1.0
E01000721,A57,3,3,1.0
E01000722,A57,2,2,1.0
E01000724,A57,2,2,1.0
E01000727,A57,3,2,1.5
E01000729,A57,4,1,4.0
E01000730,A57,3,2,1.5
E01000732,A57,1,1,1.0
E01000733,A57,1,1,1.0
E01000734,A57,1,1,1.0
E01000738,A57,6,2,3.0
E01000739,A57,2,1,2.0
E01000740,A57,2,2,1.0
E01000741,A57,1,1,1.0
E01000742,A57,1,1,1.0
E01000748,A57,1,1,1.0
E01000749,A57,3,2,1.5
E01000751,A57,3,3,1.0
E01000752,A57,2,1,2.0
E01000753,A57,7,7,1.0
E01000754,A57,6,4,1.5
E01000755,A57,3,3,1.0
E01000757,A57,4,4,1.0
E01000758,A57,4,4,1.0
E01000760,A57,4,4,1.0
E01000761,A57,2,1,2.0
E01000762,A57,1,1,1.0
E01000763,A57,1,1,1.0
E01000764,A57,1,1,1.0
E01000766,A57,1,1,1.0
E01000767,A57,2,2,1.0
E01000768,A57,2,2,1.0
E01000769,A57,3,3,1.0
E01000771,A57,1,1,1.0
E01000774,A57,1,1,1.0
E01000775,A57,1,1,1.0
E01000778,A57,2,2,1.0
E01000779,A57,1,1,1.0
E01000782,A57,1,1,1.0
E01000784,A57,1,1,1.0
E01000785,A57,1,1,1.0
E01000786,A57,2,2,1.0
E01000787,A57,2,2,1.0
E01000788,A57,2,2,1.0
E01000789,A57,1,1,1.0
E01000790,A57,8,6,1.3333333333333333
E01000793,A57,2,2,1.0
E01000795,A57,2,2,1.0
E01000797,A57,4,4,1.0
E01000798,A57,2,2,1.0
E01000799,A57,1,1,1.0
E01000803,A57,2,2,1.0
E01000804,A57,3,3,1.0
E01000805,A57,1,1,1.0
E01000807,A57,6,6,1.0
E01000808,A57,2,2,1.0
E01000809,A57,1,1,1.0
E01000810,A57,1,1,1.0
E01000811,A57,3,3,1.0
E01000813,A57,7,6,1.1666666666666667
E01000814,A57,1,1,1.0
E01000816,A57,1,1,1.0
E01000818,A57,3,2,1.5
E01000819,A57,1,1,1.0
E01000820,A57,1,1,1.0
E01000822,A57,1,1,1.0
E01000824,A57,3,3,1.0
E01000827,A57,1,1,1.0
E01000831,A57,2,2,1.0
E01000835,A57,1,1,1.0
E01000836,A57,2,2,1.0
E01000839,A57,1,1,1.0
E01000841,A57,2,2,1.0
E01017136,A57,2,2,1.0
E01017138,A57,2,2,1.0
E01017139,A57,3,3,1.0
E01017140,A57,12,11,1.0909090909090908
E01017142,A57,2,1,2.0
E01017144,A57,4,4,1.0
E01017145,A57,2,1,2.0
E01017146,A57,1,1,1.0
E01017147,A57,1,1,1.0
E01017151,A57,1,1,1.0
E01017157,A57,1,1,1.0
E01017160,A57,2,2,1.0
E01017162,A57,1,1,1.0
E01017163,A57,1,1,1.0
E01017164,A57,3,2,1.5
E01017165,A57,1,1,1.0
E01017167,A57,1,1,1.0
E01017168,A57,2,2,1.0
E01017170,A57,2,2,1.0
E01017173,A57,1,1,1.0
E01017174,A57,1,1,1.0
E01017177,A57,1,1,1.0
E01017179,A57,2,2,1.0
E01017181,A57,4,1,4.0
E01017182,A57,2,2,1.0
E01017183,A57,1,1,1.0
E01017184,A57,2,2,1.0
E01017185,A57,1,1,1.0
E01017190,A57,2,1,2.0
E01017194,A57,2,2,1.0
E01017195,A57,1,1,1.0
E01017196,A57,1,1,1.0
E01017198,A57,1,1,1.0
E01017200,A57,1,1,1.0
E01017203,A57,1,1,1.0
E01017204,A57,1,1,1.0
E01017206,A57,1,1,1.0
E01017212,A57,2,2,1.0
E01017213,A57,2,2,1.0
E01017214,A57,2,2,1.0
E01017215,A57,1,1,1.0
E01017216,A57,4,4,1.0
E01017217,A57,1,1,1.0
E01017218,A57,1,1,1.0
E01017219,A57,1,1,1.0
E01017220,A57,2,2,1.0
E01017223,A57,3,3,1.0
E01017224,A57,7,4,1.75
E01017225,A57,3,3,1.0
E01017226,A57,1,1,1.0
E01017228,A57,1,1,1.0
E01017235,A57,1,1,1.0
E01017237,A57,1,1,1.0
E01017241,A57,3,2,1.5
E01017248,A57,1,1,1.0
E01017250,A57,1,1,1.0
E01017251,A57,1,1,1.0
E01017252,A57,2,2,1.0
E01017255,A57,1,1,1.0
E01017256,A57,2,2,1.0
E01017259,A57,2,2,1.0
E01017260,A57,1,1,1.0
E01017262,A57,1,1,1.0
E01017264,A57,1,1,1.0
E01017265,A57,1,1,1.0
E01017270,A57,1,1,1.0
E01017272,A57,1,1,1.0
E01017274,A57,1,1,1.0
E01017275,A57,1,1,1.0
E01017278,A57,2,2,1.0
E01023771,A57,1,1,1.0
E01023776,A57,3,3,1.0
E01023784,A57,2,2,1.0
E01023798,A57,4,1,4.0
E01028521,A57,1,1,1.0
E01029475,A57,1,1,1.0
E01029477,A57,1,1,1.0
E01029478,A57,1,1,1.0
E01029485,A57,2,2,1.0
E01029490,A57,1,1,1.0
E01029493,A57,1,1,1.0
E01029494,A57,1,1,1.0
E01029495,A57,1,1,1.0
E01029497,A57,3,3,1.0
E01029500,A57,1,1,1.0
E01029502,A57,1,1,1.0
E01029511,A57,1,1,1.0
E01029515,A57,1,1,1.0
E01029522,A57,1,1,1.0
E01029526,A57,2,1,2.0
E01029528,A57,1,1,1.0
E01032570,A57,3,3,1.0
E01032738,A57,3,3,1.0
E01032745,A57,1,1,1.0
E01032748,A57,4,2,2.0
E01032753,A57,3,3,1.0
E01032756,A57,1,1,1.0
E01032899,A57,1,1,1.0
E01017247,A58,1,1,1.0
E01000146,A6,1,1,1.0
E01000179,A6,1,1,1.0
E01000219,A6,1,1,1.0
E01000316,A6,1,1,1.0
E01000117,A60,2,1,2.0
E01000134,A60,1,1,1.0
E01000135,A60,1,1,1.0
E01000136,A60,1,1,1.0
E01000138,A60,1,1,1.0
E01000139,A60,3,1,3.0
E01000141,A60,4,3,1.3333333333333333
E01000142,A60,1,1,1.0
E01000144,A60,1,1,1.0
E01000145,A60,1,1,1.0
E01000146,A60,2,2,1.0
E01000147,A60,1,1,1.0
E01000150,A60,1,1,1.0
E01000152,A60,1,1,1.0
E01000156,A60,1,1,1.0
E01000159,A60,1,1,1.0
E01000166,A60,2,2,1.0
E01000167,A60,3,1,3.0
E01000169,A60,3,3,1.0
E01000170,A60,1,1,1.0
E01000171,A60,3,1,3.0
E01000172,A60,1,1,1.0
E01000173,A60,4,2,2.0
E01000174,A60,6,4,1.5
E01000176,A60,1,1,1.0
E01000180,A60,1,1,1.0
E01000183,A60,1,1,1.0
E01000184,A60,1,1,1.0
E01000186,A60,1,1,1.0
E01000188,A60,2,2,1.0
E01000190,A60,2,2,1.0
E01000192,A60,1,1,1.0
E01000193,A60,2,2,1.0
E01000194,A60,3,3,1.0
E01000196,A60,6,2,3.0
E01000197,A60,4,2,2.0
E01000198,A60,2,2,1.0
E01000201,A60,1,1,1.0
E01000203,A60,2,2,1.0
E01000204,A60,1,1,1.0
E01000206,A60,4,4,1.0
E01000208,A60,1,1,1.0
E01000209,A60,1,1,1.0
E01000213,A60,2,2,1.0
E01000214,A60,2,2,1.0
E01000215,A60,1,1,1.0
E01000218,A60,3,3,1.0
E01000219,A60,1,1,1.0
E01000221,A60,4,1,4.0
E01000223,A60,4,2,2.0
E01000228,A60,3,3,1.0
E01000229,A60,2,2,1.0
E01000230,A60,1,1,1.0
E01000231,A60,1,1,1.0
E01000233,A60,3,3,1.0
E01000235,A60,4,4,1.0
E01000236,A60,2,2,1.0
E01000237,A60,8,2,4.0
E01000238,A60,2,2,1.0
E01000239,A60,1,1,1.0
E01000240,A60,2,2,1.0
E01000243,A60,3,2,1.5
E01000244,A60,4,4,1.0
E01000245,A60,1,1,1.0
E01000246,A60,3,3,1.0
E01000247,A60,1,1,1.0
E01000248,A60,2,2,1.0
E01000249,A60,4,4,1.0
E01000250,A60,15,2,7.5
E01000251,A60,1,1,1.0
E01000252,A60,1,1,1.0
E01000253,A60,5,4,1.25
E01000255,A60,2,2,1.0
E01000256,A60,1,1,1.0
E01000257,A60,3,3,1.0
E01000258,A60,3,3,1.0
E01000260,A60,3,3,1.0
E01000261,A60,2,2,1.0
E01000262,A60,6,2,3.0
E01000263,A60,2,2,1.0
E01000264,A60,1,1,1.0
E01000265,A60,3,3,1.0
E01000267,A60,2,2,1.0
E01000268,A60,3,2,1.5
E01000269,A60,1,1,1.0
E01000270,A60,3,3,1.0
E01000271,A60,2,1,2.0
E01000272,A60,2,2,1.0
E01000273,A60,5,3,1.6666666666666667
E01000275,A60,5,4,1.25
E01000276,A60,1,1,1.0
E01000277,A60,3,1,3.0
E01000279,A60,5,4,1.25
E01000281,A60,13,1,13.0
E01000282,A60,5,1,5.0
E01000284,A60,1,1,1.0
E01000285,A60,1,1,1.0
E01000286,A60,2,2,1.0
E01000288,A60,9,2,4.5
E01000289,A60,5,2,2.5
E01000290,A60,4,2,2.0
E01000292,A60,7,3,2.3333333333333335
E01000293,A60,8,3,2.6666666666666665
E01000294,A60,2,2,1.0
E01000296,A60,9,2,4.5
E01000297,A60,1,1,1.0
E01000299,A60,1,1,1.0
E01000300,A60,1,1,1.0
E01000301,A60,1,1,1.0
E01000303,A60,2,1,2.0
E01000305,A60,11,4,2.75
E01000306,A60,7,1,7.0
E01000307,A60,11,5,2.2
E01000309,A60,4,2,2.0
E01000310,A60,7,1,7.0
E01000311,A60,1,1,1.0
E01000313,A60,3,1,3.0
E01000314,A60,35,1,35.0
E01000315,A60,1,1,1.0
E01000316,A60,3,3,1.0
E01000318,A60,1,1,1.0
E01000319,A60,1,1,1.0
E01000321,A60,2,2,1.0
E01000322,A60,2,2,1.0
E01000324,A60,1,1,1.0
E01017136,A60,1,1,1.0
E01017139,A60,1,1,1.0
E01017140,A60,2,2,1.0
E01017144,A60,2,2,1.0
E01017145,A60,7,6,1.1666666666666667
E01017146,A60,8,5,1.6
E01017147,A60,1,1,1.0
E01017148,A60,3,3,1.0
E01017150,A60,4,4,1.0
E01017152,A60,6,4,1.5
E01017153,A60,1,1,1.0
E01017154,A60,4,2,2.0
E01017155,A60,1,1,1.0
E01017158,A60,1,1,1.0
E01017159,A60,1,1,1.0
E01017160,A60,1,1,1.0
E01017162,A60,1,1,1.0
E01017163,A60,2,1,2.0
E01017164,A60,6,5,1.2
E01017165,A60,2,2,1.0
E01017166,A60,2,2,1.0
E01017167,A60,2,2,1.0
E01017168,A60,3,3,1.0
E01017170,A60,2,2,1.0
E01017171,A60,1,1,1.0
E01017172,A60,2,1,2.0
E01017173,A60,4,4,1.0
E01017174,A60,1,1,1.0
E01017175,A60,1,1,1.0
E01017177,A60,2,2,1.0
E01017178,A60,1,1,1.0
E01017180,A60,1,1,1.0
E01017183,A60,2,2,1.0
E01017185,A60,4,4,1.0
E01017186,A60,2,2,1.0
E01017187,A60,5,5,1.0
E01017188,A60,5,5,1.0
E01017190,A60,3,3,1.0
E01017192,A60,2,2,1.0
E01017194,A60,3,3,1.0
E01017195,A60,5,4,1.25
E01017197,A60,3,2,1.5
E01017198,A60,1,1,1.0
E01017199,A60,1,1,1.0
E01017200,A60,1,1,1.0
E01017201,A60,1,1,1.0
E01017202,A60,1,1,1.0
E01017203,A60,3,3,1.0
E01017204,A60,3,3,1.0
E01017207,A60,4,3,1.3333333333333333
E01017208,A60,3,3,1.0
E01017210,A60,1,1,1.0
E01017211,A60,4,1,4.0
E01017212,A60,16,5,3.2
E01017213,A60,3,3,1.0
E01017214,A60,5,4,1.25
E01017215,A60,6,6,1.0
E01017216,A60,2,2,1.0
E01017217,A60,1,1,1.0
E01017223,A60,1,1,1.0
E01017224,A60,2,2,1.0
E01017225,A60,2,2,1.0
E01017226,A60,1,1,1.0
E01017231,A60,2,2,1.0
E01017232,A60,1,1,1.0
E01017233,A60,2,2,1.0
E01017236,A60,5,4,1.25
E01017239,A60,8,8,1.0
E01017240,A60,1,1,1.0
E01017241,A60,1,1,1.0
E01017242,A60,3,3,1.0
E01017243,A60,6,6,1.0
E01017244,A60,2,2,1.0
E01017245,A60,1,1,1.0
E01017247,A60,6,2,3.0
E01017248,A60,7,7,1.0
E01017249,A60,2,2,1.0
E01017251,A60,2,2,1.0
E01017252,A60,7,6,1.1666666666666667
E01017253,A60,1,1,1.0
E01017254,A60,6,6,1.0
E01017256,A60,1,1,1.0
E01017257,A60,1,1,1.0
E01017259,A60,2,1,2.0
E01017260,A60,1,1,1.0
E01017261,A60,2,2,1.0
E01017265,A60,1,1,1.0
E01017267,A60,3,2,1.5
E01017270,A60,1,1,1.0
E01017271,A60,5,5,1.0
E01017274,A60,1,1,1.0
E01017275,A60,2,2,1.0
E01017276,A60,2,2,1.0
E01017277,A60,1,1,1.0
E01017279,A60,1,1,1.0
E01017280,A60,4,3,1.3333333333333333
E01017281,A60,2,2,1.0
E01023798,A60,3,1,3.0
E01028477,A60,1,1,1.0
E01028754,A60,2,1,2.0
E01029477,A60,1,1,1.0
E01029479,A60,1,1,1.0
E01029488,A60,2,1,2.0
E01029498,A60,1,1,1.0
E01029500,A60,1,1,1.0
E01029511,A60,1,1,1.0
E01029515,A60,3,3,1.0
E01029518,A60,1,1,1.0
E01029520,A60,1,1,1.0
E01029521,A60,1,1,1.0
E01029524,A60,1,1,1.0
E01029525,A60,1,1,1.0
E01032738,A60,2,2,1.0
E01032748,A60,2,1,2.0
E01032753,A60,3,3,1.0
E01032756,A60,2,2,1.0
E01033573,A60,1,1,1.0
E01000677,A63,2,2,1.0
E01000760,A63,1,1,1.0
E01000790,A63,6,6,1.0
E01000841,A63,1,1,1.0
E01000645,A69,10,5,2.0
E01000646,A69,1,1,1.0
E01000648,A69,1,1,1.0
E01000649,A69,1,1,1.0
E01000650,A69,4,3,1.3333333333333333
E01000651,A69,1,1,1.0
E01000652,A69,1,1,1.0
E01000653,A69,1,1,1.0
E01000654,A69,5,5,1.0
E01000656,A69,1,1,1.0
E01000657,A69,3,3,1.0
E01000658,A69,1,1,1.0
E01000659,A69,1,1,1.0
E01000663,A69,1,1,1.0
E01000664,A69,1,1,1.0
E01000665,A69,1,1,1.0
E01000666,A69,4,4,1.0
E01000667,A69,2,2,1.0
E01000668,A69,2,2,1.0
E01000669,A69,1,1,1.0
E01000671,A69,4,4,1.0
E01000672,A69,1,1,1.0
E01000674,A69,2,2,1.0
E01000675,A69,4,4,1.0
E01000676,A69,4,3,1.3333333333333333
E01000677,A69,4,4,1.0
E01000679,A69,1,1,1.0
E01000680,A69,3,3,1.0
E01000681,A69,1,1,1.0
E01000683,A69,2,2,1.0
E01000684,A69,2,1,2.0
E01000686,A69,5,5,1.0
E01000688,A69,1,1,1.0
E01000689,A69,1,1,1.0
E01000690,A69,2,2,1.0
E01000691,A69,1,1,1.0
E01000692,A69,1,1,1.0
E01000693,A69,6,6,1.0
E01000694,A69,1,1,1.0
E01000696,A69,4,4,1.0
E01000697,A69,4,4,1.0
E01000698,A69,2,2,1.0
E01000700,A69,1,1,1.0
E01000701,A69,1,1,1.0
E01000703,A69,1,1,1.0
E01000705,A69,1,1,1.0
E01000707,A69,1,1,1.0
E01000713,A69,1,1,1.0
E01000714,A69,4,4,1.0
E01000715,A69,2,2,1.0
E01000716,A69,1,1,1.0
E01000717,A69,2,2,1.0
E01000718,A69,1,1,1.0
E01000719,A69,5,2,2.5
E01000720,A69,2,2,1.0
E01000722,A69,2,2,1.0
E01000723,A69,1,1,1.0
E01000725,A69,3,3,1.0
E01000727,A69,4,2,2.0
E01000728,A69,1,1,1.0
E01000729,A69,2,1,2.0
E01000730,A69,4,4,1.0
E01000732,A69,4,4,1.0
E01000733,A69,1,1,1.0
E01000734,A69,3,2,1.5
E01000738,A69,3,2,1.5
E01000739,A69,1,1,1.0
E01000740,A69,1,1,1.0
E01000741,A69,1,1,1.0
E01000745,A69,1,1,1.0
E01000747,A69,5,5,1.0
E01000748,A69,4,3,1.3333333333333333
E01000749,A69,5,5,1.0
E01000751,A69,1,1,1.0
E01000752,A69,2,2,1.0
E01000753,A69,6,4,1.5
E01000755,A69,3,3,1.0
E01000756,A69,5,5,1.0
E01000757,A69,1,1,1.0
E01000758,A69,1,1,1.0
E01000759,A69,2,2,1.0
E01000760,A69,1,1,1.0
E01000761,A69,5,5,1.0
E01000765,A69,2,2,1.0
E01000766,A69,1,1,1.0
E01000767,A69,3,2,1.5
E01000769,A69,1,1,1.0
E01000770,A69,3,2,1.5
E01000771,A69,2,2,1.0
E01000772,A69,3,2,1.5
E01000775,A69,1,1,1.0
E01000777,A69,2,2,1.0
E01000780,A69,2,2,1.0
E01000784,A69,1,1,1.0
E01000785,A69,1,1,1.0
E01000788,A69,6,5,1.2
E01000790,A69,11,8,1.375
E01000794,A69,2,2,1.0
E01000795,A69,1,1,1.0
E01000797,A69,4,4,1.0
E01000799,A69,1,1,1.0
E01000802,A69,1,1,1.0
E01000804,A69,2,2,1.0
E01000805,A69,3,2,1.5
E01000807,A69,2,2,1.0
E01000808,A69,1,1,1.0
E01000810,A69,1,1,1.0
E01000811,A69,1,1,1.0
E01000812,A69,1,1,1.0
E01000813,A69,3,3,1.0
E01000815,A69,1,1,1.0
E01000816,A69,2,2,1.0
E01000818,A69,1,1,1.0
E01000819,A69,2,2,1.0
E01000820,A69,1,1,1.0
E01000822,A69,1,1,1.0
E01000823,A69,1,1,1.0
E01000824,A69,2,2,1.0
E01000825,A69,1,1,1.0
E01000826,A69,1,1,1.0
E01000828,A69,2,2,1.0
E01000830,A69,1,1,1.0
E01000831,A69,2,2,1.0
E01000832,A69,4,4,1.0
E01000834,A69,1,1,1.0
E01000836,A69,2,2,1.0
E01000837,A69,1,1,1.0
E01000838,A69,2,2,1.0
E01000839,A69,1,1,1.0
E01000840,A69,1,1,1.0
E01000841,A69,2,2,1.0
E01003062,A69,1,1,1.0
E01032570,A69,4,4,1.0
E01000117,A70,1,1,1.0
E01000138,A70,1,1,1.0
E01000139,A70,1,1,1.0
E01000144,A70,1,1,1.0
E01000150,A70,1,1,1.0
E01000159,A70,1,1,1.0
E01000165,A70,1,1,1.0
E01000177,A70,1,1,1.0
E01000190,A70,1,1,1.0
E01000191,A70,1,1,1.0
E01000192,A70,1,1,1.0
E01000193,A70,1,1,1.0
E01000196,A70,1,1,1.0
E01000197,A70,1,1,1.0
E01000199,A70,1,1,1.0
E01000206,A70,1,1,1.0
E01000208,A70,1,1,1.0
E01000210,A70,1,1,1.0
E01000216,A70,1,1,1.0
E01000218,A70,1,1,1.0
E01000221,A70,1,1,1.0
E01000224,A70,1,1,1.0
E01000228,A70,1,1,1.0
E01000232,A70,1,1,1.0
E01000235,A70,1,1,1.0
E01000239,A70,1,1,1.0
E01000241,A70,1,1,1.0
E01000244,A70,1,1,1.0
E01000248,A70,1,1,1.0
E01000254,A70,1,1,1.0
E01000260,A70,1,1,1.0
E01000262,A70,1,1,1.0
E01000273,A70,1,1,1.0
E01000278,A70,1,1,1.0
E01000283,A70,2,2,1.0
E01000286,A70,1,1,1.0
E01000292,A70,1,1,1.0
E01000294,A70,1,1,1.0
E01000297,A70,1,1,1.0
E01000298,A70,1,1,1.0
E01000309,A70,1,1,1.0
E01000310,A70,1,1,1.0
E01000313,A70,1,1,1.0
E01000316,A70,1,1,1.0
E01000320,A70,1,1,1.0
E01000322,A70,1,1,1.0
E01000115,A71,1,1,1.0
E01000117,A71,1,1,1.0
E01000118,A71,3,3,1.0
E01000123,A71,3,3,1.0
E01000125,A71,1,1,1.0
E01000129,A71,1,1,1.0
E01000130,A71,3,3,1.0
E01000131,A71,1,1,1.0
E01000132,A71,1,1,1.0
E01000133,A71,1,1,1.0
E01000134,A71,2,2,1.0
E01000135,A71,2,2,1.0
E01000136,A71,1,1,1.0
E01000138,A71,1,1,1.0
E01000139,A71,6,6,1.0
E01000141,A71,1,1,1.0
E01000143,A71,1,1,1.0
E01000144,A71,1,1,1.0
E01000145,A71,2,2,1.0
E01000146,A71,2,2,1.0
E01000148,A71,2,1,2.0
E01000152,A71,1,1,1.0
E01000155,A71,3,3,1.0
E01000156,A71,1,1,1.0
E01000159,A71,1,1,1.0
E01000160,A71,1,1,1.0
E01000161,A71,3,2,1.5
E01000162,A71,3,3,1.0
E01000164,A71,3,3,1.0
E01000166,A71,2,1,2.0
E01000167,A71,1,1,1.0
E01000168,A71,1,1,1.0
E01000169,A71,1,1,1.0
E01000170,A71,3,3,1.0
E01000171,A71,2,2,1.0
E01000175,A71,2,2,1.0
E01000176,A71,1,1,1.0
E01000177,A71,1,1,1.0
E01000178,A71,2,1,2.0
E01000179,A71,2,2,1.0
E01000180,A71,1,1,1.0
E01000181,A71,1,1,1.0
E01000182,A71,1,1,1.0
E01000183,A71,2,2,1.0
E01000184,A71,1,1,1.0
E01000186,A71,2,2,1.0
E01000187,A71,1,1,1.0
E01000188,A71,3,3,1.0
E01000190,A71,4,3,1.3333333333333333
E01000191,A71,2,2,1.0
E01000192,A71,3,3,1.0
E01000193,A71,2,2,1.0
E01000194,A71,1,1,1.0
E01000195,A71,1,1,1.0
E01000196,A71,5,3,1.6666666666666667
E01000197,A71,4,4,1.0
E01000198,A71,2,2,1.0
E01000199,A71,1,1,1.0
E01000200,A71,2,2,1.0
E01000201,A71,4,4,1.0
E01000202,A71,5,1,5.0
E01000203,A71,1,1,1.0
E01000204,A71,1,1,1.0
E01000205,A71,2,2,1.0
E01000206,A71,2,2,1.0
E01000207,A71,7,7,1.0
E01000209,A71,1,1,1.0
E01000210,A71,1,1,1.0
E01000212,A71,2,2,1.0
E01000213,A71,2,2,1.0
E01000214,A71,4,4,1.0
E01000215,A71,3,2,1.5
E01000217,A71,1,1,1.0
E01000220,A71,2,2,1.0
E01000221,A71,5,5,1.0
E01000223,A71,5,3,1.6666666666666667
E01000224,A71,1,1,1.0
E01000225,A71,1,1,1.0
E01000226,A71,1,1,1.0
E01000228,A71,2,2,1.0
E01000229,A71,1,1,1.0
E01000230,A71,1,1,1.0
E01000231,A71,3,3,1.0
E01000232,A71,2,2,1.0
E01000233,A71,1,1,1.0
E01000234,A71,2,1,2.0
E01000235,A71,2,2,1.0
E01000237,A71,3,1,3.0
E01000238,A71,2,2,1.0
E01000240,A71,1,1,1.0
E01000241,A71,1,1,1.0
E01000243,A71,1,1,1.0
E01000244,A71,1,1,1.0
E01000245,A71,5,5,1.0
E01000247,A71,2,2,1.0
E01000248,A71,4,4,1.0
E01000249,A71,3,2,1.5
E01000250,A71,4,1,4.0
E01000251,A71,1,1,1.0
E01000252,A71,4,4,1.0
E01000254,A71,2,1,2.0
E01000256,A71,2,2,1.0
E01000257,A71,3,3,1.0
E01000258,A71,1,1,1.0
E01000259,A71,1,1,1.0
E01000260,A71,1,1,1.0
E01000261,A71,2,2,1.0
E01000262,A71,1,1,1.0
E01000263,A71,2,2,1.0
E01000264,A71,1,1,1.0
E01000265,A71,1,1,1.0
E01000266,A71,3,3,1.0
E01000267,A71,6,6,1.0
E01000268,A71,3,3,1.0
E01000269,A71,2,2,1.0
E01000271,A71,3,2,1.5
E01000272,A71,2,2,1.0
E01000273,A71,6,3,2.0
E01000274,A71,2,2,1.0
E01000276,A71,1,1,1.0
E01000277,A71,1,1,1.0
E01000279,A71,2,2,1.0
E01000281,A71,5,3,1.6666666666666667
E01000282,A71,1,1,1.0
E01000283,A71,3,3,1.0
E01000284,A71,3,3,1.0
E01000285,A71,1,1,1.0
E01000286,A71,1,1,1.0
E01000288,A71,3,2,1.5
E01000292,A71,5,5,1.0
E01000293,A71,2,2,1.0
E01000295,A71,1,1,1.0
E01000296,A71,7,5,1.4
E01000298,A71,2,2,1.0
E01000300,A71,1,1,1.0
E01000302,A71,5,4,1.25
E01000304,A71,1,1,1.0
E01000305,A71,6,1,6.0
E01000306,A71,17,4,4.25
E01000307,A71,5,3,1.6666666666666667
E01000309,A71,4,2,2.0
E01000310,A71,12,1,12.0
E01000311,A71,5,3,1.6666666666666667
E01000313,A71,5,2,2.5
E01000314,A71,11,2,5.5
E01000315,A71,3,2,1.5
E01000316,A71,1,1,1.0
E01000317,A71,2,2,1.0
E01000318,A71,1,1,1.0
E01000321,A71,1,1,1.0
E01000322,A71,1,1,1.0
E01000323,A71,3,3,1.0
E01033572,A71,3,3,1.0
E01029503,A73,1,1,1.0
E01029517,A73,1,1,1.0
E01017188,A75,1,1,1.0
E01017195,A75,2,1,2.0
E01017202,A75,2,1,2.0
E01017203,A75,1,1,1.0
E01017213,A75,1,1,1.0
E01017252,A75,1,1,1.0
E01000206,A77,1,1,1.0
E01000656,A78,1,1,1.0
E01000672,A78,1,1,1.0
E01000676,A78,1,1,1.0
E01000679,A78,2,2,1.0
E01000696,A78,1,1,1.0
E01000698,A78,1,1,1.0
E01000719,A78,1,1,1.0
E01000735,A78,1,1,1.0
E01000749,A78,1,1,1.0
E01000753,A78,1,1,1.0
E01000765,A78,1,1,1.0
E01000770,A78,1,1,1.0
E01000775,A78,1,1,1.0
E01000780,A78,1,1,1.0
E01000787,A78,1,1,1.0
E01000794,A78,1,1,1.0
E01000802,A78,1,1,1.0
E01000804,A78,1,1,1.0
E01000826,A78,1,1,1.0
E01032568,A78,1,1,1.0
E01000117,A79,1,1,1.0
E01000119,A79,1,1,1.0
E01000126,A79,1,1,1.0
E01000139,A79,1,1,1.0
E01000141,A79,1,1,1.0
E01000173,A79,1,1,1.0
E01000177,A79,1,1,1.0
E01000179,A79,1,1,1.0
E01000185,A79,1,1,1.0
E01000196,A79,1,1,1.0
E01000199,A79,1,1,1.0
E01000200,A79,2,1,2.0
E01000219,A79,2,2,1.0
E01000221,A79,2,1,2.0
E01000222,A79,1,1,1.0
E01000229,A79,1,1,1.0
E01000232,A79,1,1,1.0
E01000237,A79,2,2,1.0
E01000239,A79,1,1,1.0
E01000243,A79,2,1,2.0
E01000247,A79,1,1,1.0
E01000248,A79,1,1,1.0
E01000250,A79,1,1,1.0
E01000254,A79,1,1,1.0
E01000258,A79,1,1,1.0
E01000293,A79,2,2,1.0
E01000298,A79,1,1,1.0
E01000305,A79,2,1,2.0
E01000306,A79,17,1,17.0
E01000307,A79,3,2,1.5
E01000309,A79,7,1,7.0
E01000314,A79,5,1,5.0
E01000323,A79,1,1,1.0
E01000645,A79,6,5,1.2
E01000647,A79,1,1,1.0
E01000648,A79,6,4,1.5
E01000649,A79,4,3,1.3333333333333333
E01000650,A79,2,1,2.0
E01000651,A79,3,3,1.0
E01000655,A79,1,1,1.0
E01000656,A79,1,1,1.0
E01000661,A79,2,2,1.0
E01000662,A79,2,2,1.0
E01000663,A79,2,2,1.0
E01000664,A79,2,2,1.0
E01000665,A79,1,1,1.0
E01000667,A79,2,2,1.0
E01000668,A79,1,1,1.0
E01000669,A79,1,1,1.0
E01000670,A79,2,2,1.0
E01000671,A79,2,2,1.0
E01000672,A79,1,1,1.0
E01000673,A79,2,2,1.0
E01000675,A79,3,3,1.0
E01000676,A79,4,3,1.3333333333333333
E01000677,A79,1,1,1.0
E01000678,A79,3,3,1.0
E01000679,A79,2,2,1.0
E01000680,A79,3,3,1.0
E01000683,A79,2,2,1.0
E01000684,A79,1,1,1.0
E01000685,A79,3,3,1.0
E01000686,A79,1,1,1.0
E01000687,A79,1,1,1.0
E01000688,A79,1,1,1.0
E01000690,A79,1,1,1.0
E01000691,A79,2,2,1.0
E01000692,A79,2,2,1.0
E01000693,A79,3,2,1.5
E01000695,A79,1,1,1.0
E01000696,A79,1,1,1.0
E01000697,A79,2,2,1.0
E01000699,A79,10,4,2.5
E01000700,A79,3,3,1.0
E01000701,A79,1,1,1.0
E01000702,A79,3,2,1.5
E01000703,A79,3,3,1.0
E01000704,A79,3,3,1.0
E01000705,A79,4,2,2.0
E01000706,A79,2,1,2.0
E01000708,A79,2,2,1.0
E01000710,A79,5,4,1.25
E01000711,A79,1,1,1.0
E01000712,A79,2,2,1.0
E01000713,A79,1,1,1.0
E01000714,A79,4,3,1.3333333333333333
E01000715,A79,1,1,1.0
E01000716,A79,2,2,1.0
E01000717,A79,1,1,1.0
E01000719,A79,7,7,1.0
E01000720,A79,5,5,1.0
E01000721,A79,1,1,1.0
E01000722,A79,6,4,1.5
E01000725,A79,4,3,1.3333333333333333
E01000726,A79,3,1,3.0
E01000727,A79,3,3,1.0
E01000728,A79,2,2,1.0
E01000729,A79,2,2,1.0
E01000730,A79,4,3,1.3333333333333333
E01000732,A79,1,1,1.0
E01000733,A79,5,5,1.0
E01000735,A79,3,1,3.0
E01000737,A79,1,1,1.0
E01000738,A79,3,1,3.0
E01000739,A79,1,1,1.0
E01000740,A79,3,3,1.0
E01000741,A79,2,2,1.0
E01000742,A79,2,2,1.0
E01000743,A79,3,3,1.0
E01000744,A79,1,1,1.0
E01000745,A79,1,1,1.0
E01000746,A79,3,3,1.0
E01000747,A79,2,2,1.0
E01000749,A79,1,1,1.0
E01000750,A79,1,1,1.0
E01000753,A79,2,1,2.0
E01000754,A79,4,3,1.3333333333333333
E01000756,A79,3,2,1.5
E01000757,A79,4,3,1.3333333333333333
E01000758,A79,2,2,1.0
E01000759,A79,3,2,1.5
E01000761,A79,1,1,1.0
E01000763,A79,2,2,1.0
E01000765,A79,1,1,1.0
E01000768,A79,5,5,1.0
E01000769,A79,1,1,1.0
E01000770,A79,5,4,1.25
E01000771,A79,1,1,1.0
E01000773,A79,4,4,1.0
E01000774,A79,1,1,1.0
E01000775,A79,1,1,1.0
E01000779,A79,1,1,1.0
E01000780,A79,6,2,3.0
E01000783,A79,1,1,1.0
E01000784,A79,1,1,1.0
E01000785,A79,1,1,1.0
E01000786,A79,2,2,1.0
E01000788,A79,3,3,1.0
E01000789,A79,2,2,1.0
E01000790,A79,8,5,1.6
E01000791,A79,5,5,1.0
E01000792,A79,5,3,1.6666666666666667
E01000793,A79,1,1,1.0
E01000795,A79,1,1,1.0
E01000796,A79,1,1,1.0
E01000797,A79,6,5,1.2
E01000798,A79,2,2,1.0
E01000799,A79,4,3,1.3333333333333333
E01000800,A79,2,2,1.0
E01000801,A79,3,2,1.5
E01000802,A79,10,8,1.25
E01000803,A79,2,2,1.0
E01000804,A79,2,2,1.0
E01000805,A79,3,3,1.0
E01000806,A79,5,3,1.6666666666666667
E01000808,A79,1,1,1.0
E01000810,A79,1,1,1.0
E01000812,A79,5,3,1.6666666666666667
E01000813,A79,4,3,1.3333333333333333
E01000814,A79,3,3,1.0
E01000815,A79,1,1,1.0
E01000816,A79,1,1,1.0
E01000818,A79,1,1,1.0
E01000819,A79,1,1,1.0
E01000820,A79,1,1,1.0
E01000822,A79,2,2,1.0
E01000823,A79,1,1,1.0
E01000824,A79,4,3,1.3333333333333333
E01000827,A79,4,4,1.0
E01000828,A79,1,1,1.0
E01000829,A79,2,2,1.0
E01000830,A79,1,1,1.0
E01000831,A79,1,1,1.0
E01000832,A79,1,1,1.0
E01000833,A79,1,1,1.0
E01000834,A79,1,1,1.0
E01000836,A79,1,1,1.0
E01000837,A79,1,1,1.0
E01000840,A79,1,1,1.0
E01017138,A79,1,1,1.0
E01017140,A79,2,2,1.0
E01017150,A79,1,1,1.0
E01017154,A79,1,1,1.0
E01017173,A79,1,1,1.0
E01017184,A79,1,1,1.0
E01017189,A79,1,1,1.0
E01017192,A79,4,4,1.0
E01017193,A79,1,1,1.0
E01017194,A79,2,1,2.0
E01017195,A79,1,1,1.0
E01017197,A79,1,1,1.0
E01017202,A79,1,1,1.0
E01017203,A79,1,1,1.0
E01017206,A79,1,1,1.0
E01017208,A79,1,1,1.0
E01017209,A79,2,1,2.0
E01017213,A79,1,1,1.0
E01017214,A79,1,1,1.0
E01017215,A79,1,1,1.0
E01017216,A79,1,1,1.0
E01017222,A79,1,1,1.0
E01017225,A79,1,1,1.0
E01017227,A79,1,1,1.0
E01017228,A79,2,2,1.0
E01017235,A79,1,1,1.0
E01017236,A79,1,1,1.0
E01017239,A79,1,1,1.0
E01017249,A79,1,1,1.0
E01017254,A79,1,1,1.0
E01017263,A79,1,1,1.0
E01017275,A79,1,1,1.0
E01017276,A79,2,2,1.0
E01023750,A79,1,1,1.0
E01023752,A79,1,1,1.0
E01023755,A79,1,1,1.0
E01023756,A79,2,1,2.0
E01023758,A79,2,1,2.0
E01023759,A79,1,1,1.0
E01023760,A79,1,1,1.0
E01023762,A79,1,1,1.0
E01023763,A79,2,1,2.0
E01023765,A79,2,1,2.0
E01023766,A79,2,1,2.0
E01023769,A79,2,2,1.0
E01023771,A79,1,1,1.0
E01023772,A79,1,1,1.0
E01023774,A79,4,1,4.0
E01023775,A79,1,1,1.0
E01023776,A79,1,1,1.0
E01023778,A79,1,1,1.0
E01023781,A79,1,1,1.0
E01023782,A79,2,1,2.0
E01023784,A79,1,1,1.0
E01023785,A79,3,1,3.0
E01023786,A79,2,1,2.0
E01023787,A79,1,1,1.0
E01023788,A79,1,1,1.0
E01023789,A79,1,1,1.0
E01023791,A79,1,1,1.0
E01023793,A79,1,1,1.0
E01023796,A79,1,1,1.0
E01023800,A79,4,1,4.0
E01029479,A79,1,1,1.0
E01029481,A79,1,1,1.0
E01029504,A79,1,1,1.0
E01029505,A79,1,1,1.0
E01029519,A79,1,1,1.0
E01029520,A79,1,1,1.0
E01032562,A79,1,1,1.0
E01032563,A79,2,2,1.0
E01032570,A79,1,1,1.0
E01000116,A8,1,1,1.0
E01000119,A8,1,1,1.0
E01000120,A8,2,1,2.0
E01000123,A8,3,3,1.0
E01000126,A8,1,1,1.0
E01000134,A8,1,1,1.0
E01000137,A8,1,1,1.0
E01000138,A8,2,2,1.0
E01000139,A8,1,1,1.0
E01000141,A8,2,2,1.0
E01000146,A8,3,3,1.0
E01000150,A8,2,2,1.0
E01000151,A8,1,1,1.0
E01000159,A8,1,1,1.0
E01000162,A8,1,1,1.0
E01000170,A8,2,1,2.0
E01000171,A8,1,1,1.0
E01000174,A8,1,1,1.0
E01000175,A8,1,1,1.0
E01000177,A8,3,2,1.5
E01000182,A8,2,2,1.0
E01000183,A8,3,3,1.0
E01000186,A8,1,1,1.0
E01000187,A8,3,2,1.5
E01000192,A8,1,1,1.0
E01000197,A8,3,2,1.5
E01000201,A8,2,1,2.0
E01000203,A8,2,2,1.0
E01000204,A8,2,2,1.0
E01000206,A8,3,3,1.0
E01000208,A8,1,1,1.0
E01000209,A8,1,1,1.0
E01000215,A8,1,1,1.0
E01000220,A8,1,1,1.0
E01000222,A8,1,1,1.0
E01000237,A8,4,2,2.0
E01000238,A8,2,2,1.0
E01000242,A8,1,1,1.0
E01000243,A8,1,1,1.0
E01000246,A8,1,1,1.0
E01000247,A8,1,1,1.0
E01000249,A8,3,3,1.0
E01000254,A8,1,1,1.0
E01000258,A8,1,1,1.0
E01000262,A8,1,1,1.0
E01000263,A8,1,1,1.0
E01000266,A8,1,1,1.0
E01000267,A8,3,3,1.0
E01000269,A8,1,1,1.0
E01000279,A8,2,2,1.0
E01000281,A8,3,3,1.0
E01000282,A8,1,1,1.0
E01000284,A8,1,1,1.0
E01000293,A8,2,2,1.0
E01000294,A8,2,1,2.0
E01000295,A8,2,2,1.0
E01000296,A8,1,1,1.0
E01000297,A8,1,1,1.0
E01000305,A8,1,1,1.0
E01000306,A8,1,1,1.0
E01000307,A8,1,1,1.0
E01000308,A8,1,1,1.0
E01000309,A8,2,2,1.0
E01000311,A8,2,2,1.0
E01000314,A8,3,2,1.5
E01000315,A8,1,1,1.0
E01000319,A8,3,2,1.5
E01000321,A8,1,1,1.0
E01000322,A8,1,1,1.0
E01000324,A8,1,1,1.0
E01000645,A8,2,2,1.0
E01000646,A8,2,2,1.0
E01000648,A8,2,1,2.0
E01000650,A8,2,2,1.0
E01000651,A8,1,1,1.0
E01000652,A8,2,2,1.0
E01000653,A8,2,2,1.0
E01000654,A8,3,3,1.0
E01000656,A8,1,1,1.0
E01000657,A8,1,1,1.0
E01000658,A8,1,1,1.0
E01000659,A8,1,1,1.0
E01000662,A8,1,1,1.0
E01000664,A8,2,2,1.0
E01000665,A8,1,1,1.0
E01000673,A8,1,1,1.0
E01000675,A8,3,2,1.5
E01000676,A8,2,2,1.0
E01000677,A8,1,1,1.0
E01000679,A8,1,1,1.0
E01000680,A8,1,1,1.0
E01000685,A8,2,2,1.0
E01000687,A8,1,1,1.0
E01000688,A8,2,2,1.0
E01000689,A8,1,1,1.0
E01000690,A8,1,1,1.0
E01000693,A8,2,1,2.0
E01000696,A8,3,2,1.5
E01000697,A8,1,1,1.0
E01000699,A8,1,1,1.0
E01000701,A8,1,1,1.0
E01000702,A8,1,1,1.0
E01000703,A8,1,1,1.0
E01000707,A8,1,1,1.0
E01000708,A8,1,1,1.0
E01000709,A8,1,1,1.0
E01000711,A8,2,2,1.0
E01000712,A8,3,3,1.0
E01000713,A8,2,2,1.0
E01000714,A8,2,2,1.0
E01000715,A8,5,5,1.0
E01000716,A8,2,2,1.0
E01000717,A8,6,4,1.5
E01000719,A8,4,3,1.3333333333333333
E01000720,A8,1,1,1.0
E01000721,A8,1,1,1.0
E01000722,A8,1,1,1.0
E01000725,A8,1,1,1.0
E01000727,A8,3,3,1.0
E01000728,A8,1,1,1.0
E01000733,A8,1,1,1.0
E01000740,A8,2,2,1.0
E01000742,A8,2,1,2.0
E01000743,A8,2,2,1.0
E01000744,A8,1,1,1.0
E01000745,A8,2,2,1.0
E01000751,A8,2,2,1.0
E01000752,A8,1,1,1.0
E01000754,A8,1,1,1.0
E01000756,A8,1,1,1.0
E01000758,A8,1,1,1.0
E01000760,A8,2,2,1.0
E01000765,A8,3,3,1.0
E01000767,A8,1,1,1.0
E01000769,A8,1,1,1.0
E01000771,A8,5,5,1.0
E01000775,A8,1,1,1.0
E01000782,A8,1,1,1.0
E01000785,A8,1,1,1.0
E01000786,A8,1,1,1.0
E01000789,A8,1,1,1.0
E01000790,A8,1,1,1.0
E01000794,A8,1,1,1.0
E01000797,A8,2,2,1.0
E01000801,A8,1,1,1.0
E01000802,A8,1,1,1.0
E01000807,A8,2,1,2.0
E01000810,A8,1,1,1.0
E01000812,A8,2,2,1.0
E01000813,A8,2,2,1.0
E01000816,A8,1,1,1.0
E01000818,A8,2,2,1.0
E01000819,A8,4,4,1.0
E01000823,A8,1,1,1.0
E01000827,A8,2,2,1.0
E01000828,A8,2,1,2.0
E01000829,A8,2,2,1.0
E01000831,A8,2,2,1.0
E01000832,A8,1,1,1.0
E01000834,A8,1,1,1.0
E01000837,A8,1,1,1.0
E01000839,A8,1,1,1.0
E01029479,A8,1,1,1.0
E01029488,A8,1,1,1.0
E01029493,A8,1,1,1.0
E01029505,A8,1,1,1.0
E01029508,A8,1,1,1.0
E01029519,A8,1,1,1.0
E01029524,A8,1,1,1.0
E01032563,A8,1,1,1.0
E01033572,A8,1,1,1.0
E01000119,A80,1,1,1.0
E01000124,A80,1,1,1.0
E01000138,A80,1,1,1.0
E01000161,A80,1,1,1.0
E01000162,A80,1,1,1.0
E01000178,A80,1,1,1.0
E01000192,A80,1,1,1.0
E01000193,A80,1,1,1.0
E01000196,A80,1,1,1.0
E01000199,A80,1,1,1.0
E01000205,A80,1,1,1.0
E01000211,A80,1,1,1.0
E01000229,A80,1,1,1.0
E01000239,A80,1,1,1.0
E01000246,A80,1,1,1.0
E01000248,A80,1,1,1.0
E01000249,A80,1,1,1.0
E01000254,A80,1,1,1.0
E01000261,A80,1,1,1.0
E01000264,A80,1,1,1.0
E01000282,A80,1,1,1.0
E01000283,A80,1,1,1.0
E01000291,A80,1,1,1.0
E01000306,A80,1,1,1.0
E01000309,A80,1,1,1.0
E01000310,A80,2,1,2.0
E01000313,A80,1,1,1.0
E01000314,A80,2,1,2.0
E01000315,A80,1,1,1.0
E01000116,A81,3,2,1.5
E01000117,A81,2,2,1.0
E01000118,A81,2,2,1.0
E01000119,A81,1,1,1.0
E01000121,A81,3,3,1.0
E01000124,A81,9,7,1.2857142857142858
E01000125,A81,1,1,1.0
E01000126,A81,1,1,1.0
E01000129,A81,2,2,1.0
E01000131,A81,3,3,1.0
E01000136,A81,1,1,1.0
E01000139,A81,2,2,1.0
E01000141,A81,1,1,1.0
E01000142,A81,1,1,1.0
E01000144,A81,1,1,1.0
E01000152,A81,1,1,1.0
E01000153,A81,1,1,1.0
E01000156,A81,1,1,1.0
E01000157,A81,5,5,1.0
E01000159,A81,1,1,1.0
E01000163,A81,1,1,1.0
E01000164,A81,2,2,1.0
E01000166,A81,1,1,1.0
E01000167,A81,1,1,1.0
E01000169,A81,1,1,1.0
E01000171,A81,3,3,1.0
E01000172,A81,1,1,1.0
E01000173,A81,2,2,1.0
E01000174,A81,1,1,1.0
E01000175,A81,2,2,1.0
E01000179,A81,2,2,1.0
E01000180,A81,1,1,1.0
E01000181,A81,1,1,1.0
E01000182,A81,1,1,1.0
E01000188,A81,2,2,1.0
E01000189,A81,1,1,1.0
E01000190,A81,3,3,1.0
E01000191,A81,1,1,1.0
E01000192,A81,2,2,1.0
E01000194,A81,3,3,1.0
E01000195,A81,1,1,1.0
E01000196,A81,1,1,1.0
E01000197,A81,1,1,1.0
E01000199,A81,1,1,1.0
E01000200,A81,2,2,1.0
E01000201,A81,1,1,1.0
E01000202,A81,1,1,1.0
E01000204,A81,2,2,1.0
E01000206,A81,3,3,1.0
E01000207,A81,1,1,1.0
E01000208,A81,1,1,1.0
E01000209,A81,4,4,1.0
E01000211,A81,1,1,1.0
E01000213,A81,1,1,1.0
E01000216,A81,2,2,1.0
E01000217,A81,2,2,1.0
E01000220,A81,2,1,2.0
E01000222,A81,2,1,2.0
E01000223,A81,2,2,1.0
E01000228,A81,1,1,1.0
E01000229,A81,1,1,1.0
E01000230,A81,2,2,1.0
E01000231,A81,1,1,1.0
E01000232,A81,1,1,1.0
E01000234,A81,4,3,1.3333333333333333
E01000235,A81,4,2,2.0
E01000236,A81,1,1,1.0
E01000237,A81,3,1,3.0
E01000238,A81,4,4,1.0
E01000239,A81,3,2,1.5
E01000240,A81,1,1,1.0
E01000241,A81,6,2,3.0
E01000242,A81,2,2,1.0
E01000243,A81,2,2,1.0
E01000244,A81,1,1,1.0
E01000246,A81,3,3,1.0
E01000247,A81,5,4,1.25
E01000248,A81,1,1,1.0
E01000249,A81,2,2,1.0
E01000250,A81,2,2,1.0
E01000251,A81,2,2,1.0
E01000256,A81,2,2,1.0
E01000257,A81,1,1,1.0
E01000258,A81,3,3,1.0
E01000259,A81,2,2,1.0
E01000260,A81,3,3,1.0
E01000261,A81,1,1,1.0
E01000262,A81,1,1,1.0
E01000263,A81,2,2,1.0
E01000264,A81,2,2,1.0
E01000265,A81,1,1,1.0
E01000272,A81,1,1,1.0
E01000275,A81,4,4,1.0
E01000277,A81,1,1,1.0
E01000278,A81,2,2,1.0
E01000279,A81,1,1,1.0
E01000282,A81,1,1,1.0
E01000283,A81,1,1,1.0
E01000288,A81,1,1,1.0
E01000290,A81,1,1,1.0
E01000292,A81,1,1,1.0
E01000293,A81,4,3,1.3333333333333333
E01000296,A81,1,1,1.0
E01000297,A81,2,1,2.0
E01000298,A81,2,2,1.0
E01000301,A81,4,2,2.0
E01000302,A81,2,2,1.0
E01000303,A81,1,1,1.0
E01000306,A81,2,2,1.0
E01000307,A81,6,4,1.5
E01000309,A81,1,1,1.0
E01000310,A81,5,4,1.25
E01000311,A81,1,1,1.0
E01000312,A81,5,4,1.25
E01000314,A81,4,1,4.0
E01000316,A81,1,1,1.0
E01000318,A81,3,3,1.0
E01000319,A81,1,1,1.0
E01000320,A81,1,1,1.0
E01000321,A81,2,2,1.0
E01000322,A81,1,1,1.0
E01000323,A81,3,3,1.0
E01000645,A81,3,3,1.0
E01000647,A81,1,1,1.0
E01000648,A81,4,4,1.0
E01000649,A81,10,8,1.25
E01000650,A81,3,1,3.0
E01000651,A81,6,4,1.5
E01000652,A81,3,2,1.5
E01000654,A81,1,1,1.0
E01000655,A81,1,1,1.0
E01000656,A81,1,1,1.0
E01000657,A81,1,1,1.0
E01000659,A81,1,1,1.0
E01000661,A81,1,1,1.0
E01000662,A81,5,5,1.0
E01000663,A81,4,3,1.3333333333333333
E01000664,A81,5,4,1.25
E01000665,A81,3,3,1.0
E01000666,A81,4,4,1.0
E01000667,A81,2,2,1.0
E01000668,A81,2,2,1.0
E01000669,A81,2,2,1.0
E01000670,A81,3,3,1.0
E01000671,A81,2,2,1.0
E01000672,A81,1,1,1.0
E01000673,A81,3,2,1.5
E01000674,A81,1,1,1.0
E01000675,A81,2,2,1.0
E01000677,A81,1,1,1.0
E01000678,A81,1,1,1.0
E01000679,A81,6,3,2.0
E01000680,A81,3,3,1.0
E01000682,A81,1,1,1.0
E01000683,A81,6,5,1.2
E01000684,A81,2,2,1.0
E01000685,A81,5,5,1.0
E01000686,A81,7,7,1.0
E01000687,A81,3,3,1.0
E01000688,A81,1,1,1.0
E01000690,A81,1,1,1.0
E01000692,A81,2,2,1.0
E01000693,A81,3,3,1.0
E01000694,A81,10,8,1.25
E01000695,A81,2,2,1.0
E01000696,A81,3,3,1.0
E01000697,A81,8,8,1.0
E01000698,A81,1,1,1.0
E01000699,A81,1,1,1.0
E01000700,A81,4,4,1.0
E01000701,A81,13,11,1.1818181818181819
E01000702,A81,8,6,1.3333333333333333
E01000703,A81,4,2,2.0
E01000704,A81,1,1,1.0
E01000705,A81,1,1,1.0
E01000706,A81,1,1,1.0
E01000707,A81,1,1,1.0
E01000708,A81,2,2,1.0
E01000709,A81,2,2,1.0
E01000711,A81,2,2,1.0
E01000712,A81,7,6,1.1666666666666667
E01000713,A81,3,2,1.5
E01000714,A81,8,5,1.6
E01000715,A81,2,2,1.0
E01000716,A81,3,3,1.0
E01000717,A81,2,1,2.0
E01000718,A81,1,1,1.0
E01000719,A81,5,5,1.0
E01000720,A81,1,1,1.0
E01000722,A81,2,2,1.0
E01000725,A81,2,2,1.0
E01000726,A81,3,3,1.0
E01000728,A81,2,2,1.0
E01000729,A81,1,1,1.0
E01000730,A81,2,2,1.0
E01000732,A81,2,2,1.0
E01000734,A81,3,3,1.0
E01000735,A81,2,1,2.0
E01000738,A81,1,1,1.0
E01000739,A81,2,2,1.0
E01000740,A81,2,2,1.0
E01000741,A81,5,2,2.5
E01000742,A81,1,1,1.0
E01000744,A81,1,1,1.0
E01000746,A81,4,3,1.3333333333333333
E01000747,A81,4,2,2.0
E01000749,A81,2,2,1.0
E01000750,A81,3,3,1.0
E01000751,A81,2,2,1.0
E01000752,A81,3,3,1.0
E01000753,A81,12,9,1.3333333333333333
E01000754,A81,7,5,1.4
E01000755,A81,4,4,1.0
E01000756,A81,2,2,1.0
E01000757,A81,4,4,1.0
E01000758,A81,4,4,1.0
E01000759,A81,1,1,1.0
E01000761,A81,1,1,1.0
E01000762,A81,2,2,1.0
E01000763,A81,2,2,1.0
E01000764,A81,2,2,1.0
E01000766,A81,1,1,1.0
E01000767,A81,3,3,1.0
E01000768,A81,1,1,1.0
E01000769,A81,2,2,1.0
E01000770,A81,3,3,1.0
E01000771,A81,6,3,2.0
E01000772,A81,5,5,1.0
E01000774,A81,3,3,1.0
E01000775,A81,7,3,2.3333333333333335
E01000777,A81,3,3,1.0
E01000778,A81,3,2,1.5
E01000779,A81,2,2,1.0
E01000780,A81,1,1,1.0
E01000782,A81,2,2,1.0
E01000784,A81,1,1,1.0
E01000786,A81,3,3,1.0
E01000787,A81,2,1,2.0
E01000788,A81,4,4,1.0
E01000789,A81,3,1,3.0
E01000790,A81,3,3,1.0
E01000791,A81,2,2,1.0
E01000792,A81,1,1,1.0
E01000793,A81,2,1,2.0
E01000794,A81,3,3,1.0
E01000795,A81,4,4,1.0
E01000796,A81,1,1,1.0
E01000797,A81,6,5,1.2
E01000798,A81,2,2,1.0
E01000799,A81,2,2,1.0
E01000800,A81,2,2,1.0
E01000801,A81,1,1,1.0
E01000802,A81,3,3,1.0
E01000803,A81,3,3,1.0
E01000804,A81,1,1,1.0
E01000805,A81,3,3,1.0
E01000807,A81,1,1,1.0
E01000808,A81,3,3,1.0
E01000809,A81,3,3,1.0
E01000811,A81,3,3,1.0
E01000812,A81,6,5,1.2
E01000813,A81,5,3,1.6666666666666667
E01000814,A81,5,5,1.0
E01000816,A81,1,1,1.0
E01000818,A81,1,1,1.0
E01000819,A81,5,3,1.6666666666666667
E01000823,A81,3,3,1.0
E01000824,A81,2,2,1.0
E01000825,A81,1,1,1.0
E01000826,A81,1,1,1.0
E01000827,A81,3,3,1.0
E01000829,A81,3,1,3.0
E01000830,A81,1,1,1.0
E01000831,A81,2,2,1.0
E01000832,A81,8,5,1.6
E01000833,A81,3,3,1.0
E01000834,A81,4,4,1.0
E01000835,A81,4,4,1.0
E01000836,A81,15,12,1.25
E01000837,A81,5,4,1.25
E01000838,A81,1,1,1.0
E01000839,A81,1,1,1.0
E01000840,A81,3,2,1.5
E01000841,A81,2,2,1.0
E01016391,A81,1,1,1.0
E01016436,A81,1,1,1.0
E01016442,A81,4,1,4.0
E01023789,A81,5,1,5.0
E01029476,A81,1,1,1.0
E01029479,A81,1,1,1.0
E01029499,A81,1,1,1.0
E01029513,A81,1,1,1.0
E01029514,A81,1,1,1.0
E01029519,A81,2,1,2.0
E01029520,A81,2,1,2.0
E01032562,A81,3,3,1.0
E01032563,A81,2,2,1.0
E01032568,A81,3,2,1.5
E01032570,A81,3,2,1.5
E01017136,A82,1,1,1.0
E01017168,A82,1,1,1.0
E01017185,A82,1,1,1.0
E01017189,A82,1,1,1.0
E01017197,A82,1,1,1.0
E01017208,A82,2,1,2.0
E01017210,A82,3,1,3.0
E01017211,A82,3,1,3.0
E01017213,A82,2,1,2.0
E01017214,A82,4,1,4.0
E01017215,A82,6,1,6.0
E01017216,A82,5,1,5.0
E01017237,A82,1,1,1.0
E01017239,A82,1,1,1.0
E01017247,A82,1,1,1.0
E01017248,A82,1,1,1.0
E01017252,A82,1,1,1.0
E01017261,A82,1,1,1.0
E01017263,A82,1,1,1.0
E01017274,A82,1,1,1.0
E01017279,A82,1,1,1.0
E01032753,A82,1,1,1.0
E01000122,A83,1,1,1.0
E01000123,A83,1,1,1.0
E01000128,A83,1,1,1.0
E01000130,A83,1,1,1.0
E01000135,A83,2,2,1.0
E01000142,A83,1,1,1.0
E01000146,A83,1,1,1.0
E01000150,A83,1,1,1.0
E01000154,A83,1,1,1.0
E01000155,A83,1,1,1.0
E01000156,A83,2,2,1.0
E01000161,A83,1,1,1.0
E01000164,A83,2,1,2.0
E01000168,A83,1,1,1.0
E01000170,A83,1,1,1.0
E01000173,A83,1,1,1.0
E01000177,A83,1,1,1.0
E01000179,A83,1,1,1.0
E01000182,A83,1,1,1.0
E01000188,A83,1,1,1.0
E01000191,A83,1,1,1.0
E01000192,A83,1,1,1.0
E01000197,A83,1,1,1.0
E01000198,A83,2,2,1.0
E01000201,A83,3,1,3.0
E01000206,A83,2,2,1.0
E01000207,A83,1,1,1.0
E01000208,A83,2,2,1.0
E01000211,A83,1,1,1.0
E01000212,A83,1,1,1.0
E01000214,A83,1,1,1.0
E01000215,A83,1,1,1.0
E01000221,A83,2,1,2.0
E01000223,A83,2,2,1.0
E01000225,A83,1,1,1.0
E01000226,A83,1,1,1.0
E01000232,A83,1,1,1.0
E01000237,A83,1,1,1.0
E01000239,A83,1,1,1.0
E01000240,A83,1,1,1.0
E01000242,A83,1,1,1.0
E01000244,A83,4,1,4.0
E01000245,A83,1,1,1.0
E01000250,A83,1,1,1.0
E01000258,A83,1,1,1.0
E01000259,A83,6,3,2.0
E01000260,A83,1,1,1.0
E01000262,A83,2,2,1.0
E01000264,A83,1,1,1.0
E01000265,A83,1,1,1.0
E01000269,A83,1,1,1.0
E01000279,A83,1,1,1.0
E01000281,A83,1,1,1.0
E01000282,A83,1,1,1.0
E01000284,A83,2,2,1.0
E01000285,A83,3,1,3.0
E01000288,A83,1,1,1.0
E01000289,A83,2,2,1.0
E01000292,A83,2,2,1.0
E01000293,A83,1,1,1.0
E01000296,A83,1,1,1.0
E01000298,A83,1,1,1.0
E01000302,A83,1,1,1.0
E01000303,A83,2,1,2.0
E01000305,A83,1,1,1.0
E01000306,A83,3,1,3.0
E01000309,A83,1,1,1.0
E01000310,A83,3,2,1.5
E01000312,A83,2,2,1.0
E01000320,A83,1,1,1.0
E01000322,A83,3,3,1.0
E01000648,A83,3,3,1.0
E01000651,A83,2,1,2.0
E01000656,A83,1,1,1.0
E01000663,A83,1,1,1.0
E01000666,A83,1,1,1.0
E01000670,A83,1,1,1.0
E01000671,A83,1,1,1.0
E01000675,A83,1,1,1.0
E01000680,A83,2,2,1.0
E01000681,A83,1,1,1.0
E01000683,A83,1,1,1.0
E01000688,A83,1,1,1.0
E01000690,A83,1,1,1.0
E01000693,A83,1,1,1.0
E01000694,A83,1,1,1.0
E01000696,A83,1,1,1.0
E01000714,A83,1,1,1.0
E01000715,A83,1,1,1.0
E01000723,A83,1,1,1.0
E01000724,A83,1,1,1.0
E01000725,A83,2,2,1.0
E01000727,A83,1,1,1.0
E01000730,A83,2,2,1.0
E01000741,A83,1,1,1.0
E01000743,A83,2,1,2.0
E01000745,A83,2,2,1.0
E01000747,A83,1,1,1.0
E01000749,A83,2,1,2.0
E01000755,A83,1,1,1.0
E01000757,A83,1,1,1.0
E01000766,A83,1,1,1.0
E01000770,A83,1,1,1.0
E01000775,A83,1,1,1.0
E01000779,A83,1,1,1.0
E01000782,A83,1,1,1.0
E01000787,A83,1,1,1.0
E01000788,A83,1,1,1.0
E01000790,A83,1,1,1.0
E01000798,A83,1,1,1.0
E01000802,A83,1,1,1.0
E01000810,A83,1,1,1.0
E01000812,A83,2,2,1.0
E01000822,A83,1,1,1.0
E01000823,A83,1,1,1.0
E01000824,A83,1,1,1.0
E01000830,A83,2,1,2.0
E01000832,A83,2,2,1.0
E01000835,A83,1,1,1.0
E01000836,A83,1,1,1.0
E01000841,A83,1,1,1.0
E01017140,A83,5,4,1.25
E01017142,A83,2,2,1.0
E01017145,A83,1,1,1.0
E01017146,A83,1,1,1.0
E01017150,A83,2,2,1.0
E01017152,A83,1,1,1.0
E01017174,A83,1,1,1.0
E01017178,A83,2,2,1.0
E01017190,A83,1,1,1.0
E01017192,A83,1,1,1.0
E01017194,A83,1,1,1.0
E01017200,A83,1,1,1.0
E01017210,A83,2,1,2.0
E01017216,A83,1,1,1.0
E01017223,A83,2,2,1.0
E01017239,A83,1,1,1.0
E01017240,A83,1,1,1.0
E01017244,A83,1,1,1.0
E01017249,A83,1,1,1.0
E01017253,A83,2,1,2.0
E01017256,A83,1,1,1.0
E01017261,A83,1,1,1.0
E01017265,A83,1,1,1.0
E01017270,A83,1,1,1.0
E01017276,A83,1,1,1.0
E01029517,A83,1,1,1.0
E01033572,A83,1,1,1.0
E01017160,A84,1,1,1.0
E01000136,A86,1,1,1.0
E01000142,A86,1,1,1.0
E01000164,A86,2,2,1.0
E01000194,A86,2,2,1.0
E01000236,A86,1,1,1.0
E01000272,A86,1,1,1.0
E01000279,A86,1,1,1.0
E01000290,A86,2,2,1.0
E01000316,A86,1,1,1.0
E01017142,A86,1,1,1.0
E01017146,A86,1,1,1.0
E01017150,A86,1,1,1.0
E01017158,A86,1,1,1.0
E01017207,A86,1,1,1.0
E01017211,A86,1,1,1.0
E01017214,A86,1,1,1.0
E01017216,A86,1,1,1.0
E01017228,A86,1,1,1.0
E01017233,A86,2,2,1.0
E01017246,A86,1,1,1.0
E01017250,A86,1,1,1.0
E01017256,A86,1,1,1.0
E01029526,A86,1,1,1.0
E01000115,A91,1,1,1.0
E01000212,A91,3,2,1.5
E01000314,A91,1,1,1.0
