period,LSOA,SHEF_A_CODE,report_count,user_count,average
2013-10,E01000115,A29,1,1,1.0
2013-10,E01000116,A29,1,1,1.0
2013-10,E01000116,A55,2,2,1.0
2013-10,E01000117,A29,1,1,1.0
2013-10,E01000117,A60,1,1,1.0
2013-10,E01000118,A47,1,1,1.0
2013-10,E01000119,A32,1,1,1.0
2013-10,E01000120,A57,1,1,1.0
2013-10,E01000120,A8,1,1,1.0
2013-10,E01000121,A57,1,1,1.0
2013-10,E01000122,A29,1,1,1.0
2013-10,E01000122,A57,2,2,1.0
2013-10,E01000122,A83,1,1,1.0
2013-10,E01000123,A2,1,1,1.0
2013-10,E01000123,A20,1,1,1.0
2013-10,E01000123,A55,1,1,1.0
2013-10,E01000123,A57,1,1,1.0
2013-10,E01000124,A57,1,1,1.0
2013-10,E01000125,A29,2,2,1.0
2013-10,E01000125,A81,1,1,1.0
2013-10,E01000126,A29,1,1,1.0
2013-10,E01000126,A48,1,1,1.0
2013-10,E01000128,A29,1,1,1.0
2013-10,E01000128,A32,2,2,1.0
2013-10,E01000129,A32,1,1,1.0
2013-10,E01000129,A57,1,1,1.0
2013-10,E01000130,A29,1,1,1.0
2013-10,E01000130,A32,1,1,1.0
2013-10,E01000130,A81,1,1,1.0
2013-10,E01000131,A2,2,2,1.0
2013-10,E01000131,A32,1,1,1.0
2013-10,E01000131,A72,2,1,2.0
2013-10,E01000131,A8,1,1,1.0
2013-10,E01000132,A29,1,1,1.0
2013-10,E01000132,A32,1,1,1.0
2013-10,E01000132,A83,1,1,1.0
2013-10,E01000133,A48,1,1,1.0
2013-10,E01000134,A8,1,1,1.0
2013-10,E01000135,A29,1,1,1.0
2013-10,E01000135,A57,2,2,1.0
2013-10,E01000135,A72,1,1,1.0
2013-10,E01000136,A32,1,1,1.0
2013-10,E01000136,A55,1,1,1.0
2013-10,E01000136,A81,1,1,1.0
2013-10,E01000137,A32,2,1,2.0
2013-10,E01000138,A32,1,1,1.0
2013-10,E01000139,A29,1,1,1.0
2013-10,E01000139,A32,1,1,1.0
2013-10,E01000139,A47,1,1,1.0
2013-10,E01000139,A55,2,2,1.0
2013-10,E01000139,A57,1,1,1.0
2013-10,E01000140,A2,1,1,1.0
2013-10,E01000140,A60,2,2,1.0
2013-10,E01000141,A2,1,1,1.0
2013-10,E01000141,A29,1,1,1.0
2013-10,E01000141,A32,2,2,1.0
2013-10,E01000141,A55,1,1,1.0
2013-10,E01000141,A57,2,2,1.0
2013-10,E01000142,A29,1,1,1.0
2013-10,E01000142,A32,1,1,1.0
2013-10,E01000143,A2,2,2,1.0
2013-10,E01000143,A29,1,1,1.0
2013-10,E01000144,A55,1,1,1.0
2013-10,E01000145,A2,1,1,1.0
2013-10,E01000145,A47,1,1,1.0
2013-10,E01000145,A55,1,1,1.0
2013-10,E01000146,A2,2,2,1.0
2013-10,E01000146,A28,1,1,1.0
2013-10,E01000146,A29,1,1,1.0
2013-10,E01000146,A47,1,1,1.0
2013-10,E01000146,A81,1,1,1.0
2013-10,E01000147,A29,2,1,2.0
2013-10,E01000147,A32,2,2,1.0
2013-10,E01000148,A60,1,1,1.0
2013-10,E01000150,A32,1,1,1.0
2013-10,E01000150,A55,1,1,1.0
2013-10,E01000150,A81,1,1,1.0
2013-10,E01000151,A57,1,1,1.0
2013-10,E01000152,A29,2,2,1.0
2013-10,E01000152,A32,1,1,1.0
2013-10,E01000154,A32,1,1,1.0
2013-10,E01000154,A55,1,1,1.0
2013-10,E01000155,A20,2,1,2.0
2013-10,E01000155,A57,1,1,1.0
2013-10,E01000155,A81,2,2,1.0
2013-10,E01000156,A57,2,1,2.0
2013-10,E01000156,A81,1,1,1.0
2013-10,E01000157,A20,1,1,1.0
2013-10,E01000157,A29,2,2,1.0
2013-10,E01000158,A2,1,1,1.0
2013-10,E01000158,A29,1,1,1.0
2013-10,E01000158,A48,1,1,1.0
2013-10,E01000158,A55,1,1,1.0
2013-10,E01000158,A57,3,2,1.5
2013-10,E01000158,A81,1,1,1.0
2013-10,E01000159,A2,1,1,1.0
2013-10,E01000159,A48,1,1,1.0
2013-10,E01000159,A55,1,1,1.0
2013-10,E01000159,A72,1,1,1.0
2013-10,E01000159,A8,2,1,2.0
2013-10,E01000159,A81,1,1,1.0
2013-10,E01000160,A29,1,1,1.0
2013-10,E01000160,A81,1,1,1.0
2013-10,E01000161,A32,1,1,1.0
2013-10,E01000161,A33,1,1,1.0
2013-10,E01000162,A55,1,1,1.0
2013-10,E01000163,A60,1,1,1.0
2013-10,E01000164,A32,1,1,1.0
2013-10,E01000164,A55,1,1,1.0
2013-10,E01000165,A2,1,1,1.0
2013-10,E01000165,A8,1,1,1.0
2013-10,E01000166,A2,1,1,1.0
2013-10,E01000166,A20,2,1,2.0
2013-10,E01000166,A29,1,1,1.0
2013-10,E01000166,A32,1,1,1.0
2013-10,E01000166,A55,2,1,2.0
2013-10,E01000166,A60,1,1,1.0
2013-10,E01000167,A2,1,1,1.0
2013-10,E01000167,A29,2,2,1.0
2013-10,E01000167,A48,1,1,1.0
2013-10,E01000167,A55,1,1,1.0
2013-10,E01000167,A60,16,2,8.0
2013-10,E01000167,A83,1,1,1.0
2013-10,E01000168,A57,2,2,1.0
2013-10,E01000168,A60,1,1,1.0
2013-10,E01000168,A81,1,1,1.0
2013-10,E01000169,A57,1,1,1.0
2013-10,E01000169,A8,1,1,1.0
2013-10,E01000170,A28,1,1,1.0
2013-10,E01000170,A29,1,1,1.0
2013-10,E01000170,A32,1,1,1.0
2013-10,E01000170,A57,1,1,1.0
2013-10,E01000170,A60,1,1,1.0
2013-10,E01000171,A2,1,1,1.0
2013-10,E01000171,A32,2,2,1.0
2013-10,E01000172,A57,2,2,1.0
2013-10,E01000172,A81,1,1,1.0
2013-10,E01000173,A21,1,1,1.0
2013-10,E01000173,A32,2,2,1.0
2013-10,E01000173,A55,1,1,1.0
2013-10,E01000173,A57,2,2,1.0
2013-10,E01000173,A81,3,3,1.0
2013-10,E01000174,A29,1,1,1.0
2013-10,E01000174,A47,1,1,1.0
2013-10,E01000174,A57,1,1,1.0
2013-10,E01000174,A60,1,1,1.0
2013-10,E01000174,A72,1,1,1.0
2013-10,E01000175,A32,2,2,1.0
2013-10,E01000175,A81,1,1,1.0
2013-10,E01000176,A32,1,1,1.0
2013-10,E01000176,A60,1,1,1.0
2013-10,E01000176,A83,1,1,1.0
2013-10,E01000177,A32,1,1,1.0
2013-10,E01000177,A57,1,1,1.0
2013-10,E01000177,A81,1,1,1.0
2013-10,E01000178,A29,1,1,1.0
2013-10,E01000178,A57,2,1,2.0
2013-10,E01000179,A29,2,1,2.0
2013-10,E01000179,A32,1,1,1.0
2013-10,E01000179,A81,1,1,1.0
2013-10,E01000180,A57,1,1,1.0
2013-10,E01000181,A32,1,1,1.0
2013-10,E01000181,A55,2,2,1.0
2013-10,E01000181,A8,1,1,1.0
2013-10,E01000182,A2,1,1,1.0
2013-10,E01000182,A21,1,1,1.0
2013-10,E01000182,A32,2,2,1.0
2013-10,E01000182,A55,2,2,1.0
2013-10,E01000182,A60,1,1,1.0
2013-10,E01000183,A55,1,1,1.0
2013-10,E01000186,A29,1,1,1.0
2013-10,E01000186,A55,2,2,1.0
2013-10,E01000186,A60,1,1,1.0
2013-10,E01000188,A2,1,1,1.0
2013-10,E01000188,A29,1,1,1.0
2013-10,E01000188,A32,1,1,1.0
2013-10,E01000188,A55,1,1,1.0
2013-10,E01000189,A32,1,1,1.0
2013-10,E01000190,A32,1,1,1.0
2013-10,E01000190,A55,1,1,1.0
2013-10,E01000190,A57,1,1,1.0
2013-10,E01000190,A60,1,1,1.0
2013-10,E01000191,A72,1,1,1.0
2013-10,E01000192,A29,1,1,1.0
2013-10,E01000192,A33,1,1,1.0
2013-10,E01000192,A57,1,1,1.0
2013-10,E01000193,A2,3,2,1.5
2013-10,E01000193,A32,1,1,1.0
2013-10,E01000193,A57,1,1,1.0
2013-10,E01000193,A81,1,1,1.0
2013-10,E01000194,A2,2,2,1.0
2013-10,E01000194,A29,2,2,1.0
2013-10,E01000194,A60,1,1,1.0
2013-10,E01000194,A81,2,2,1.0
2013-10,E01000195,A2,1,1,1.0
2013-10,E01000195,A81,1,1,1.0
2013-10,E01000196,A47,1,1,1.0
2013-10,E01000197,A29,1,1,1.0
2013-10,E01000197,A32,1,1,1.0
2013-10,E01000197,A55,1,1,1.0
2013-10,E01000198,A2,2,1,2.0
2013-10,E01000198,A29,2,2,1.0
2013-10,E01000198,A55,1,1,1.0
2013-10,E01000199,A55,1,1,1.0
2013-10,E01000199,A57,1,1,1.0
2013-10,E01000199,A60,1,1,1.0
2013-10,E01000200,A32,1,1,1.0
2013-10,E01000200,A55,1,1,1.0
2013-10,E01000201,A32,1,1,1.0
2013-10,E01000201,A57,2,2,1.0
2013-10,E01000202,A32,1,1,1.0
2013-10,E01000202,A57,1,1,1.0
2013-10,E01000202,A81,1,1,1.0
2013-10,E01000203,A57,1,1,1.0
2013-10,E01000204,A32,1,1,1.0
2013-10,E01000204,A57,1,1,1.0
2013-10,E01000205,A32,1,1,1.0
2013-10,E01000205,A47,1,1,1.0
2013-10,E01000205,A55,2,2,1.0
2013-10,E01000205,A57,1,1,1.0
2013-10,E01000205,A60,1,1,1.0
2013-10,E01000205,A81,1,1,1.0
2013-10,E01000206,A32,1,1,1.0
2013-10,E01000206,A55,2,2,1.0
2013-10,E01000206,A57,1,1,1.0
2013-10,E01000206,A60,3,3,1.0
2013-10,E01000207,A55,1,1,1.0
2013-10,E01000207,A57,1,1,1.0
2013-10,E01000207,A81,1,1,1.0
2013-10,E01000207,A83,1,1,1.0
2013-10,E01000208,A57,3,2,1.5
2013-10,E01000209,A55,2,2,1.0
2013-10,E01000210,A2,1,1,1.0
2013-10,E01000210,A55,1,1,1.0
2013-10,E01000210,A57,2,2,1.0
2013-10,E01000212,A2,1,1,1.0
2013-10,E01000212,A57,1,1,1.0
2013-10,E01000212,A60,2,2,1.0
2013-10,E01000213,A55,1,1,1.0
2013-10,E01000214,A20,1,1,1.0
2013-10,E01000214,A57,3,2,1.5
2013-10,E01000215,A57,1,1,1.0
2013-10,E01000215,A81,2,2,1.0
2013-10,E01000216,A57,1,1,1.0
2013-10,E01000217,A32,1,1,1.0
2013-10,E01000217,A57,2,2,1.0
2013-10,E01000218,A81,1,1,1.0
2013-10,E01000219,A2,1,1,1.0
2013-10,E01000219,A29,3,3,1.0
2013-10,E01000219,A55,1,1,1.0
2013-10,E01000219,A81,1,1,1.0
2013-10,E01000220,A57,1,1,1.0
2013-10,E01000220,A60,1,1,1.0
2013-10,E01000221,A57,1,1,1.0
2013-10,E01000221,A81,2,1,2.0
2013-10,E01000222,A32,1,1,1.0
2013-10,E01000222,A60,1,1,1.0
2013-10,E01000223,A29,1,1,1.0
2013-10,E01000223,A57,1,1,1.0
2013-10,E01000224,A29,4,2,2.0
2013-10,E01000224,A32,1,1,1.0
2013-10,E01000224,A55,1,1,1.0
2013-10,E01000224,A72,2,1,2.0
2013-10,E01000226,A81,1,1,1.0
2013-10,E01000227,A81,1,1,1.0
2013-10,E01000228,A2,2,2,1.0
2013-10,E01000228,A32,1,1,1.0
2013-10,E01000228,A48,1,1,1.0
2013-10,E01000229,A2,1,1,1.0
2013-10,E01000229,A29,1,1,1.0
2013-10,E01000229,A47,1,1,1.0
2013-10,E01000229,A57,2,2,1.0
2013-10,E01000230,A29,1,1,1.0
2013-10,E01000230,A32,1,1,1.0
2013-10,E01000230,A72,1,1,1.0
2013-10,E01000231,A2,1,1,1.0
2013-10,E01000231,A20,1,1,1.0
2013-10,E01000231,A32,1,1,1.0
2013-10,E01000231,A55,1,1,1.0
2013-10,E01000231,A57,1,1,1.0
2013-10,E01000231,A60,2,2,1.0
2013-10,E01000231,A83,1,1,1.0
2013-10,E01000232,A29,1,1,1.0
2013-10,E01000232,A55,1,1,1.0
2013-10,E01000234,A55,1,1,1.0
2013-10,E01000235,A2,1,1,1.0
2013-10,E01000235,A32,1,1,1.0
2013-10,E01000236,A57,1,1,1.0
2013-10,E01000236,A60,1,1,1.0
2013-10,E01000237,A2,3,3,1.0
2013-10,E01000237,A32,1,1,1.0
2013-10,E01000237,A81,2,1,2.0
2013-10,E01000238,A29,1,1,1.0
2013-10,E01000238,A57,1,1,1.0
2013-10,E01000238,A81,1,1,1.0
2013-10,E01000239,A47,1,1,1.0
2013-10,E01000239,A55,1,1,1.0
2013-10,E01000240,A60,1,1,1.0
2013-10,E01000241,A29,3,3,1.0
2013-10,E01000241,A57,1,1,1.0
2013-10,E01000241,A60,1,1,1.0
2013-10,E01000241,A81,2,1,2.0
2013-10,E01000242,A32,3,2,1.5
2013-10,E01000243,A32,1,1,1.0
2013-10,E01000243,A60,1,1,1.0
2013-10,E01000244,A2,1,1,1.0
2013-10,E01000244,A29,1,1,1.0
2013-10,E01000244,A32,1,1,1.0
2013-10,E01000244,A55,1,1,1.0
2013-10,E01000245,A2,1,1,1.0
2013-10,E01000245,A47,2,1,2.0
2013-10,E01000246,A57,1,1,1.0
2013-10,E01000247,A32,1,1,1.0
2013-10,E01000247,A60,2,2,1.0
2013-10,E01000248,A8,1,1,1.0
2013-10,E01000248,A81,2,2,1.0
2013-10,E01000249,A2,1,1,1.0
2013-10,E01000249,A32,3,3,1.0
2013-10,E01000249,A47,1,1,1.0
2013-10,E01000249,A55,1,1,1.0
2013-10,E01000249,A8,1,1,1.0
2013-10,E01000250,A2,1,1,1.0
2013-10,E01000250,A28,1,1,1.0
2013-10,E01000250,A29,2,2,1.0
2013-10,E01000250,A32,1,1,1.0
2013-10,E01000250,A55,1,1,1.0
2013-10,E01000251,A29,1,1,1.0
2013-10,E01000251,A32,1,1,1.0
2013-10,E01000253,A29,1,1,1.0
2013-10,E01000254,A29,1,1,1.0
2013-10,E01000255,A32,2,2,1.0
2013-10,E01000256,A2,1,1,1.0
2013-10,E01000256,A55,1,1,1.0
2013-10,E01000256,A57,1,1,1.0
2013-10,E01000257,A29,1,1,1.0
2013-10,E01000257,A32,4,1,4.0
2013-10,E01000257,A55,1,1,1.0
2013-10,E01000257,A60,2,1,2.0
2013-10,E01000257,A81,1,1,1.0
2013-10,E01000258,A60,1,1,1.0
2013-10,E01000259,A32,1,1,1.0
2013-10,E01000259,A33,2,1,2.0
2013-10,E01000259,A57,1,1,1.0
2013-10,E01000259,A8,1,1,1.0
2013-10,E01000260,A29,2,2,1.0
2013-10,E01000260,A47,1,1,1.0
2013-10,E01000261,A32,1,1,1.0
2013-10,E01000262,A29,3,2,1.5
2013-10,E01000262,A32,1,1,1.0
2013-10,E01000262,A47,2,2,1.0
2013-10,E01000262,A60,3,2,1.5
2013-10,E01000263,A72,1,1,1.0
2013-10,E01000264,A32,1,1,1.0
2013-10,E01000265,A2,1,1,1.0
2013-10,E01000265,A81,1,1,1.0
2013-10,E01000266,A32,2,1,2.0
2013-10,E01000266,A57,1,1,1.0
2013-10,E01000267,A55,1,1,1.0
2013-10,E01000268,A2,1,1,1.0
2013-10,E01000268,A29,1,1,1.0
2013-10,E01000269,A32,3,2,1.5
2013-10,E01000269,A55,1,1,1.0
2013-10,E01000269,A57,1,1,1.0
2013-10,E01000270,A29,1,1,1.0
2013-10,E01000270,A8,1,1,1.0
2013-10,E01000271,A32,1,1,1.0
2013-10,E01000271,A55,1,1,1.0
2013-10,E01000271,A57,1,1,1.0
2013-10,E01000272,A8,1,1,1.0
2013-10,E01000273,A32,1,1,1.0
2013-10,E01000273,A60,1,1,1.0
2013-10,E01000274,A32,1,1,1.0
2013-10,E01000275,A2,1,1,1.0
2013-10,E01000275,A29,1,1,1.0
2013-10,E01000275,A32,2,2,1.0
2013-10,E01000275,A83,1,1,1.0
2013-10,E01000276,A81,1,1,1.0
2013-10,E01000276,A83,1,1,1.0
2013-10,E01000277,A8,1,1,1.0
2013-10,E01000278,A32,1,1,1.0
2013-10,E01000278,A57,1,1,1.0
2013-10,E01000279,A29,2,2,1.0
2013-10,E01000279,A32,1,1,1.0
2013-10,E01000279,A55,1,1,1.0
2013-10,E01000280,A20,1,1,1.0
2013-10,E01000280,A48,1,1,1.0
2013-10,E01000280,A55,3,2,1.5
2013-10,E01000280,A57,2,1,2.0
2013-10,E01000280,A72,1,1,1.0
2013-10,E01000281,A29,1,1,1.0
2013-10,E01000281,A32,1,1,1.0
2013-10,E01000281,A57,1,1,1.0
2013-10,E01000282,A81,1,1,1.0
2013-10,E01000283,A32,1,1,1.0
2013-10,E01000283,A55,1,1,1.0
2013-10,E01000284,A29,1,1,1.0
2013-10,E01000284,A32,1,1,1.0
2013-10,E01000284,A57,1,1,1.0
2013-10,E01000285,A57,1,1,1.0
2013-10,E01000285,A83,1,1,1.0
2013-10,E01000287,A2,1,1,1.0
2013-10,E01000287,A55,1,1,1.0
2013-10,E01000288,A55,1,1,1.0
2013-10,E01000289,A2,1,1,1.0
2013-10,E01000289,A29,1,1,1.0
2013-10,E01000289,A32,1,1,1.0
2013-10,E01000289,A55,1,1,1.0
2013-10,E01000289,A81,1,1,1.0
2013-10,E01000290,A32,2,2,1.0
2013-10,E01000293,A20,1,1,1.0
2013-10,E01000293,A29,1,1,1.0
2013-10,E01000293,A32,1,1,1.0
2013-10,E01000293,A55,2,2,1.0
2013-10,E01000293,A81,1,1,1.0
2013-10,E01000294,A2,1,1,1.0
2013-10,E01000294,A8,1,1,1.0
2013-10,E01000295,A57,1,1,1.0
2013-10,E01000296,A2,2,2,1.0
2013-10,E01000296,A29,1,1,1.0
2013-10,E01000298,A29,1,1,1.0
2013-10,E01000298,A55,1,1,1.0
2013-10,E01000299,A20,1,1,1.0
2013-10,E01000299,A29,2,2,1.0
2013-10,E01000299,A57,1,1,1.0
2013-10,E01000301,A32,3,3,1.0
2013-10,E01000301,A8,1,1,1.0
2013-10,E01000302,A2,1,1,1.0
2013-10,E01000302,A29,1,1,1.0
2013-10,E01000302,A32,2,2,1.0
2013-10,E01000302,A55,1,1,1.0
2013-10,E01000303,A2,2,2,1.0
2013-10,E01000303,A32,1,1,1.0
2013-10,E01000303,A57,2,2,1.0
2013-10,E01000303,A8,1,1,1.0
2013-10,E01000303,A81,1,1,1.0
2013-10,E01000304,A32,1,1,1.0
2013-10,E01000304,A72,1,1,1.0
2013-10,E01000305,A29,1,1,1.0
2013-10,E01000305,A32,2,2,1.0
2013-10,E01000305,A33,1,1,1.0
2013-10,E01000305,A57,2,2,1.0
2013-10,E01000305,A60,1,1,1.0
2013-10,E01000305,A81,1,1,1.0
2013-10,E01000306,A2,1,1,1.0
2013-10,E01000306,A20,4,2,2.0
2013-10,E01000306,A29,24,2,12.0
2013-10,E01000306,A57,1,1,1.0
2013-10,E01000306,A60,2,1,2.0
2013-10,E01000306,A81,1,1,1.0
2013-10,E01000307,A2,1,1,1.0
2013-10,E01000307,A20,1,1,1.0
2013-10,E01000307,A29,8,3,2.6666666666666665
2013-10,E01000307,A55,1,1,1.0
2013-10,E01000307,A57,1,1,1.0
2013-10,E01000307,A60,3,2,1.5
2013-10,E01000310,A29,1,1,1.0
2013-10,E01000310,A32,1,1,1.0
2013-10,E01000310,A57,2,2,1.0
2013-10,E01000310,A81,1,1,1.0
2013-10,E01000311,A55,1,1,1.0
2013-10,E01000311,A57,2,2,1.0
2013-10,E01000311,A81,1,1,1.0
2013-10,E01000312,A32,1,1,1.0
2013-10,E01000313,A29,1,1,1.0
2013-10,E01000313,A81,1,1,1.0
2013-10,E01000314,A2,1,1,1.0
2013-10,E01000314,A20,1,1,1.0
2013-10,E01000314,A29,2,1,2.0
2013-10,E01000314,A32,1,1,1.0
2013-10,E01000314,A47,2,2,1.0
2013-10,E01000314,A60,6,4,1.5
2013-10,E01000315,A29,1,1,1.0
2013-10,E01000315,A57,1,1,1.0
2013-10,E01000316,A55,1,1,1.0
2013-10,E01000317,A57,1,1,1.0
2013-10,E01000318,A29,1,1,1.0
2013-10,E01000318,A32,1,1,1.0
2013-10,E01000318,A81,3,2,1.5
2013-10,E01000319,A57,1,1,1.0
2013-10,E01000320,A29,1,1,1.0
2013-10,E01000320,A57,1,1,1.0
2013-10,E01000321,A48,1,1,1.0
2013-10,E01000322,A29,1,1,1.0
2013-10,E01000322,A72,1,1,1.0
2013-10,E01000322,A8,1,1,1.0
2013-10,E01000323,A2,1,1,1.0
2013-10,E01000323,A29,1,1,1.0
2013-10,E01000323,A81,1,1,1.0
2013-10,E01000324,A32,1,1,1.0
2013-10,E01000645,A1,2,2,1.0
2013-10,E01000645,A16,1,1,1.0
2013-10,E01000645,A22,1,1,1.0
2013-10,E01000645,A33,1,1,1.0
2013-10,E01000645,A55,1,1,1.0
2013-10,E01000645,A69,1,1,1.0
2013-10,E01000645,A79,2,2,1.0
2013-10,E01000646,A1,1,1,1.0
2013-10,E01000646,A78,1,1,1.0
2013-10,E01000646,A81,1,1,1.0
2013-10,E01000647,A52,1,1,1.0
2013-10,E01000647,A55,1,1,1.0
2013-10,E01000647,A78,1,1,1.0
2013-10,E01000649,A1,1,1,1.0
2013-10,E01000649,A8,1,1,1.0
2013-10,E01000649,A81,2,1,2.0
2013-10,E01000649,A83,1,1,1.0
2013-10,E01000650,A22,1,1,1.0
2013-10,E01000650,A55,1,1,1.0
2013-10,E01000650,A79,1,1,1.0
2013-10,E01000651,A1,1,1,1.0
2013-10,E01000651,A69,1,1,1.0
2013-10,E01000652,A1,1,1,1.0
2013-10,E01000652,A34,2,2,1.0
2013-10,E01000652,A57,2,2,1.0
2013-10,E01000653,A1,1,1,1.0
2013-10,E01000653,A81,2,2,1.0
2013-10,E01000654,A1,1,1,1.0
2013-10,E01000654,A81,1,1,1.0
2013-10,E01000656,A1,1,1,1.0
2013-10,E01000656,A47,1,1,1.0
2013-10,E01000656,A69,1,1,1.0
2013-10,E01000656,A81,3,3,1.0
2013-10,E01000657,A53,1,1,1.0
2013-10,E01000657,A55,1,1,1.0
2013-10,E01000657,A69,1,1,1.0
2013-10,E01000657,A81,1,1,1.0
2013-10,E01000658,A22,1,1,1.0
2013-10,E01000658,A47,1,1,1.0
2013-10,E01000658,A55,1,1,1.0
2013-10,E01000658,A57,2,2,1.0
2013-10,E01000659,A34,1,1,1.0
2013-10,E01000659,A57,1,1,1.0
2013-10,E01000661,A1,2,2,1.0
2013-10,E01000661,A47,1,1,1.0
2013-10,E01000661,A79,1,1,1.0
2013-10,E01000662,A55,1,1,1.0
2013-10,E01000663,A79,1,1,1.0
2013-10,E01000664,A55,1,1,1.0
2013-10,E01000664,A81,1,1,1.0
2013-10,E01000665,A52,2,2,1.0
2013-10,E01000665,A55,1,1,1.0
2013-10,E01000665,A57,2,2,1.0
2013-10,E01000665,A69,1,1,1.0
2013-10,E01000666,A1,1,1,1.0
2013-10,E01000666,A22,1,1,1.0
2013-10,E01000666,A55,2,2,1.0
2013-10,E01000666,A69,2,2,1.0
2013-10,E01000666,A81,1,1,1.0
2013-10,E01000667,A16,2,2,1.0
2013-10,E01000667,A55,1,1,1.0
2013-10,E01000667,A69,1,1,1.0
2013-10,E01000668,A1,1,1,1.0
2013-10,E01000668,A69,1,1,1.0
2013-10,E01000669,A55,1,1,1.0
2013-10,E01000669,A79,1,1,1.0
2013-10,E01000669,A83,1,1,1.0
2013-10,E01000670,A22,1,1,1.0
2013-10,E01000670,A33,2,1,2.0
2013-10,E01000670,A55,1,1,1.0
2013-10,E01000670,A69,2,2,1.0
2013-10,E01000670,A81,1,1,1.0
2013-10,E01000670,A83,1,1,1.0
2013-10,E01000671,A22,1,1,1.0
2013-10,E01000671,A47,1,1,1.0
2013-10,E01000671,A55,1,1,1.0
2013-10,E01000671,A69,3,3,1.0
2013-10,E01000671,A79,1,1,1.0
2013-10,E01000672,A22,3,2,1.5
2013-10,E01000672,A47,1,1,1.0
2013-10,E01000672,A81,2,2,1.0
2013-10,E01000673,A22,2,1,2.0
2013-10,E01000673,A79,1,1,1.0
2013-10,E01000673,A81,1,1,1.0
2013-10,E01000674,A52,1,1,1.0
2013-10,E01000674,A81,1,1,1.0
2013-10,E01000675,A1,2,2,1.0
2013-10,E01000675,A22,2,2,1.0
2013-10,E01000675,A33,1,1,1.0
2013-10,E01000675,A47,1,1,1.0
2013-10,E01000675,A79,2,1,2.0
2013-10,E01000675,A81,3,3,1.0
2013-10,E01000676,A22,1,1,1.0
2013-10,E01000676,A33,1,1,1.0
2013-10,E01000676,A52,1,1,1.0
2013-10,E01000676,A55,4,4,1.0
2013-10,E01000676,A57,2,2,1.0
2013-10,E01000676,A79,1,1,1.0
2013-10,E01000676,A83,1,1,1.0
2013-10,E01000677,A22,2,2,1.0
2013-10,E01000677,A55,1,1,1.0
2013-10,E01000677,A69,1,1,1.0
2013-10,E01000677,A78,1,1,1.0
2013-10,E01000677,A81,1,1,1.0
2013-10,E01000678,A22,1,1,1.0
2013-10,E01000678,A55,2,2,1.0
2013-10,E01000678,A69,1,1,1.0
2013-10,E01000679,A1,1,1,1.0
2013-10,E01000679,A79,2,1,2.0
2013-10,E01000680,A22,4,3,1.3333333333333333
2013-10,E01000680,A52,1,1,1.0
2013-10,E01000680,A78,1,1,1.0
2013-10,E01000680,A81,4,3,1.3333333333333333
2013-10,E01000682,A22,1,1,1.0
2013-10,E01000682,A57,1,1,1.0
2013-10,E01000682,A81,1,1,1.0
2013-10,E01000683,A16,1,1,1.0
2013-10,E01000683,A33,1,1,1.0
2013-10,E01000683,A79,1,1,1.0
2013-10,E01000683,A81,2,2,1.0
2013-10,E01000683,A83,2,1,2.0
2013-10,E01000684,A52,1,1,1.0
2013-10,E01000684,A57,1,1,1.0
2013-10,E01000684,A81,1,1,1.0
2013-10,E01000685,A33,1,1,1.0
2013-10,E01000685,A52,1,1,1.0
2013-10,E01000685,A55,1,1,1.0
2013-10,E01000685,A79,1,1,1.0
2013-10,E01000685,A81,1,1,1.0
2013-10,E01000686,A34,1,1,1.0
2013-10,E01000686,A55,1,1,1.0
2013-10,E01000686,A69,1,1,1.0
2013-10,E01000686,A81,1,1,1.0
2013-10,E01000686,A83,1,1,1.0
2013-10,E01000687,A55,1,1,1.0
2013-10,E01000687,A79,1,1,1.0
2013-10,E01000688,A1,1,1,1.0
2013-10,E01000688,A57,1,1,1.0
2013-10,E01000689,A1,1,1,1.0
2013-10,E01000689,A22,1,1,1.0
2013-10,E01000689,A55,5,4,1.25
2013-10,E01000689,A57,1,1,1.0
2013-10,E01000690,A52,1,1,1.0
2013-10,E01000690,A53,1,1,1.0
2013-10,E01000690,A57,1,1,1.0
2013-10,E01000691,A1,1,1,1.0
2013-10,E01000692,A22,1,1,1.0
2013-10,E01000692,A55,1,1,1.0
2013-10,E01000692,A79,1,1,1.0
2013-10,E01000693,A1,1,1,1.0
2013-10,E01000693,A16,1,1,1.0
2013-10,E01000693,A55,1,1,1.0
2013-10,E01000693,A69,1,1,1.0
2013-10,E01000693,A78,1,1,1.0
2013-10,E01000694,A22,1,1,1.0
2013-10,E01000695,A69,1,1,1.0
2013-10,E01000696,A1,2,2,1.0
2013-10,E01000696,A22,1,1,1.0
2013-10,E01000696,A55,2,2,1.0
2013-10,E01000696,A69,1,1,1.0
2013-10,E01000696,A79,2,1,2.0
2013-10,E01000696,A83,1,1,1.0
2013-10,E01000697,A22,1,1,1.0
2013-10,E01000697,A52,1,1,1.0
2013-10,E01000697,A55,1,1,1.0
2013-10,E01000697,A57,2,2,1.0
2013-10,E01000697,A69,1,1,1.0
2013-10,E01000697,A81,3,2,1.5
2013-10,E01000698,A83,1,1,1.0
2013-10,E01000699,A1,1,1,1.0
2013-10,E01000699,A22,6,3,2.0
2013-10,E01000699,A47,1,1,1.0
2013-10,E01000700,A22,1,1,1.0
2013-10,E01000700,A33,1,1,1.0
2013-10,E01000701,A83,1,1,1.0
2013-10,E01000702,A1,1,1,1.0
2013-10,E01000702,A47,1,1,1.0
2013-10,E01000702,A69,1,1,1.0
2013-10,E01000702,A8,1,1,1.0
2013-10,E01000702,A81,1,1,1.0
2013-10,E01000703,A55,4,4,1.0
2013-10,E01000703,A8,1,1,1.0
2013-10,E01000703,A81,3,2,1.5
2013-10,E01000703,A83,1,1,1.0
2013-10,E01000704,A16,1,1,1.0
2013-10,E01000704,A22,1,1,1.0
2013-10,E01000704,A33,1,1,1.0
2013-10,E01000704,A79,1,1,1.0
2013-10,E01000704,A81,1,1,1.0
2013-10,E01000705,A55,1,1,1.0
2013-10,E01000705,A57,1,1,1.0
2013-10,E01000706,A22,1,1,1.0
2013-10,E01000707,A16,1,1,1.0
2013-10,E01000707,A22,1,1,1.0
2013-10,E01000707,A55,1,1,1.0
2013-10,E01000707,A57,1,1,1.0
2013-10,E01000708,A16,1,1,1.0
2013-10,E01000709,A22,1,1,1.0
2013-10,E01000709,A52,1,1,1.0
2013-10,E01000709,A79,2,2,1.0
2013-10,E01000709,A81,1,1,1.0
2013-10,E01000710,A33,1,1,1.0
2013-10,E01000710,A55,1,1,1.0
2013-10,E01000710,A57,1,1,1.0
2013-10,E01000711,A22,3,2,1.5
2013-10,E01000711,A34,1,1,1.0
2013-10,E01000711,A55,1,1,1.0
2013-10,E01000711,A57,1,1,1.0
2013-10,E01000711,A79,1,1,1.0
2013-10,E01000712,A55,1,1,1.0
2013-10,E01000713,A22,1,1,1.0
2013-10,E01000714,A33,1,1,1.0
2013-10,E01000714,A53,1,1,1.0
2013-10,E01000714,A55,2,2,1.0
2013-10,E01000714,A69,2,2,1.0
2013-10,E01000715,A16,1,1,1.0
2013-10,E01000715,A52,1,1,1.0
2013-10,E01000716,A22,1,1,1.0
2013-10,E01000716,A81,1,1,1.0
2013-10,E01000717,A8,1,1,1.0
2013-10,E01000718,A55,1,1,1.0
2013-10,E01000718,A81,1,1,1.0
2013-10,E01000719,A69,1,1,1.0
2013-10,E01000719,A79,1,1,1.0
2013-10,E01000720,A22,3,3,1.0
2013-10,E01000720,A52,1,1,1.0
2013-10,E01000720,A55,1,1,1.0
2013-10,E01000720,A69,2,2,1.0
2013-10,E01000720,A79,1,1,1.0
2013-10,E01000721,A57,1,1,1.0
2013-10,E01000722,A47,1,1,1.0
2013-10,E01000722,A55,1,1,1.0
2013-10,E01000722,A57,1,1,1.0
2013-10,E01000722,A69,1,1,1.0
2013-10,E01000722,A79,1,1,1.0
2013-10,E01000723,A1,1,1,1.0
2013-10,E01000723,A22,1,1,1.0
2013-10,E01000723,A57,1,1,1.0
2013-10,E01000724,A16,1,1,1.0
2013-10,E01000724,A22,1,1,1.0
2013-10,E01000725,A22,1,1,1.0
2013-10,E01000725,A34,1,1,1.0
2013-10,E01000725,A53,1,1,1.0
2013-10,E01000725,A55,1,1,1.0
2013-10,E01000725,A57,1,1,1.0
2013-10,E01000725,A69,1,1,1.0
2013-10,E01000725,A79,1,1,1.0
2013-10,E01000726,A34,1,1,1.0
2013-10,E01000726,A52,1,1,1.0
2013-10,E01000726,A57,1,1,1.0
2013-10,E01000726,A79,1,1,1.0
2013-10,E01000726,A81,2,1,2.0
2013-10,E01000727,A22,1,1,1.0
2013-10,E01000727,A47,1,1,1.0
2013-10,E01000727,A55,2,2,1.0
2013-10,E01000727,A69,1,1,1.0
2013-10,E01000727,A8,1,1,1.0
2013-10,E01000727,A81,3,3,1.0
2013-10,E01000727,A83,1,1,1.0
2013-10,E01000728,A1,1,1,1.0
2013-10,E01000728,A16,1,1,1.0
2013-10,E01000728,A22,1,1,1.0
2013-10,E01000728,A47,1,1,1.0
2013-10,E01000728,A69,1,1,1.0
2013-10,E01000728,A79,1,1,1.0
2013-10,E01000728,A81,1,1,1.0
2013-10,E01000729,A22,2,1,2.0
2013-10,E01000729,A79,1,1,1.0
2013-10,E01000729,A81,1,1,1.0
2013-10,E01000729,A83,1,1,1.0
2013-10,E01000730,A22,1,1,1.0
2013-10,E01000730,A33,1,1,1.0
2013-10,E01000730,A55,1,1,1.0
2013-10,E01000730,A69,1,1,1.0
2013-10,E01000731,A52,1,1,1.0
2013-10,E01000732,A22,1,1,1.0
2013-10,E01000732,A34,1,1,1.0
2013-10,E01000732,A69,1,1,1.0
2013-10,E01000732,A81,1,1,1.0
2013-10,E01000733,A1,1,1,1.0
2013-10,E01000733,A47,1,1,1.0
2013-10,E01000733,A52,2,2,1.0
2013-10,E01000733,A55,1,1,1.0
2013-10,E01000734,A69,1,1,1.0
2013-10,E01000734,A81,1,1,1.0
2013-10,E01000735,A81,1,1,1.0
2013-10,E01000736,A34,1,1,1.0
2013-10,E01000736,A79,1,1,1.0
2013-10,E01000737,A1,1,1,1.0
2013-10,E01000737,A22,1,1,1.0
2013-10,E01000737,A79,2,1,2.0
2013-10,E01000738,A52,2,2,1.0
2013-10,E01000738,A81,2,1,2.0
2013-10,E01000739,A22,1,1,1.0
2013-10,E01000739,A33,1,1,1.0
2013-10,E01000739,A34,1,1,1.0
2013-10,E01000739,A47,1,1,1.0
2013-10,E01000739,A69,1,1,1.0
2013-10,E01000740,A22,1,1,1.0
2013-10,E01000740,A33,4,1,4.0
2013-10,E01000740,A79,1,1,1.0
2013-10,E01000741,A52,1,1,1.0
2013-10,E01000741,A57,1,1,1.0
2013-10,E01000742,A1,1,1,1.0
2013-10,E01000742,A22,2,2,1.0
2013-10,E01000742,A33,1,1,1.0
2013-10,E01000742,A79,2,2,1.0
2013-10,E01000742,A81,1,1,1.0
2013-10,E01000743,A22,2,2,1.0
2013-10,E01000743,A33,4,1,4.0
2013-10,E01000743,A57,2,1,2.0
2013-10,E01000743,A69,1,1,1.0
2013-10,E01000745,A22,2,2,1.0
2013-10,E01000745,A33,1,1,1.0
2013-10,E01000745,A79,1,1,1.0
2013-10,E01000746,A1,2,2,1.0
2013-10,E01000746,A55,1,1,1.0
2013-10,E01000746,A79,3,3,1.0
2013-10,E01000747,A55,3,3,1.0
2013-10,E01000747,A69,1,1,1.0
2013-10,E01000747,A8,1,1,1.0
2013-10,E01000748,A22,2,2,1.0
2013-10,E01000748,A52,2,2,1.0
2013-10,E01000748,A57,1,1,1.0
2013-10,E01000748,A69,6,6,1.0
2013-10,E01000749,A22,1,1,1.0
2013-10,E01000749,A34,1,1,1.0
2013-10,E01000749,A55,1,1,1.0
2013-10,E01000750,A34,1,1,1.0
2013-10,E01000750,A81,1,1,1.0
2013-10,E01000751,A1,1,1,1.0
2013-10,E01000751,A34,1,1,1.0
2013-10,E01000751,A81,1,1,1.0
2013-10,E01000752,A22,1,1,1.0
2013-10,E01000752,A33,1,1,1.0
2013-10,E01000752,A55,1,1,1.0
2013-10,E01000753,A55,5,3,1.6666666666666667
2013-10,E01000753,A57,1,1,1.0
2013-10,E01000753,A69,2,2,1.0
2013-10,E01000753,A81,2,2,1.0
2013-10,E01000754,A55,1,1,1.0
2013-10,E01000754,A57,2,2,1.0
2013-10,E01000754,A8,1,1,1.0
2013-10,E01000754,A81,4,4,1.0
2013-10,E01000755,A53,1,1,1.0
2013-10,E01000755,A55,2,2,1.0
2013-10,E01000755,A57,1,1,1.0
2013-10,E01000755,A81,1,1,1.0
2013-10,E01000755,A83,1,1,1.0
2013-10,E01000756,A16,1,1,1.0
2013-10,E01000756,A57,1,1,1.0
2013-10,E01000756,A81,2,2,1.0
2013-10,E01000757,A55,3,3,1.0
2013-10,E01000757,A79,1,1,1.0
2013-10,E01000758,A55,1,1,1.0
2013-10,E01000758,A69,3,3,1.0
2013-10,E01000758,A81,1,1,1.0
2013-10,E01000759,A22,3,3,1.0
2013-10,E01000759,A55,1,1,1.0
2013-10,E01000759,A57,1,1,1.0
2013-10,E01000759,A69,1,1,1.0
2013-10,E01000760,A52,1,1,1.0
2013-10,E01000760,A55,1,1,1.0
2013-10,E01000760,A69,1,1,1.0
2013-10,E01000760,A83,1,1,1.0
2013-10,E01000761,A55,1,1,1.0
2013-10,E01000762,A1,2,2,1.0
2013-10,E01000762,A55,1,1,1.0
2013-10,E01000762,A81,1,1,1.0
2013-10,E01000763,A22,1,1,1.0
2013-10,E01000763,A55,1,1,1.0
2013-10,E01000763,A57,1,1,1.0
2013-10,E01000763,A79,1,1,1.0
2013-10,E01000764,A1,2,2,1.0
2013-10,E01000764,A22,1,1,1.0
2013-10,E01000764,A57,1,1,1.0
2013-10,E01000764,A81,6,6,1.0
2013-10,E01000765,A57,1,1,1.0
2013-10,E01000765,A69,1,1,1.0
2013-10,E01000767,A1,1,1,1.0
2013-10,E01000767,A55,1,1,1.0
2013-10,E01000767,A81,1,1,1.0
2013-10,E01000768,A1,2,2,1.0
2013-10,E01000768,A52,1,1,1.0
2013-10,E01000768,A55,1,1,1.0
2013-10,E01000768,A69,1,1,1.0
2013-10,E01000768,A81,1,1,1.0
2013-10,E01000769,A52,1,1,1.0
2013-10,E01000769,A55,1,1,1.0
2013-10,E01000769,A79,1,1,1.0
2013-10,E01000769,A81,1,1,1.0
2013-10,E01000770,A34,1,1,1.0
2013-10,E01000770,A53,1,1,1.0
2013-10,E01000770,A55,3,3,1.0
2013-10,E01000771,A16,2,1,2.0
2013-10,E01000771,A52,2,1,2.0
2013-10,E01000771,A57,1,1,1.0
2013-10,E01000771,A81,1,1,1.0
2013-10,E01000772,A55,1,1,1.0
2013-10,E01000773,A16,1,1,1.0
2013-10,E01000773,A22,1,1,1.0
2013-10,E01000773,A53,1,1,1.0
2013-10,E01000774,A1,1,1,1.0
2013-10,E01000774,A57,1,1,1.0
2013-10,E01000774,A69,1,1,1.0
2013-10,E01000774,A79,3,2,1.5
2013-10,E01000774,A81,2,2,1.0
2013-10,E01000775,A1,1,1,1.0
2013-10,E01000775,A16,1,1,1.0
2013-10,E01000775,A22,1,1,1.0
2013-10,E01000775,A27,1,1,1.0
2013-10,E01000775,A33,1,1,1.0
2013-10,E01000775,A53,2,1,2.0
2013-10,E01000775,A55,1,1,1.0
2013-10,E01000775,A79,1,1,1.0
2013-10,E01000777,A55,2,2,1.0
2013-10,E01000777,A79,1,1,1.0
2013-10,E01000777,A81,2,2,1.0
2013-10,E01000778,A22,2,1,2.0
2013-10,E01000779,A1,1,1,1.0
2013-10,E01000779,A22,1,1,1.0
2013-10,E01000779,A55,1,1,1.0
2013-10,E01000779,A69,1,1,1.0
2013-10,E01000779,A8,1,1,1.0
2013-10,E01000780,A52,1,1,1.0
2013-10,E01000780,A81,1,1,1.0
2013-10,E01000781,A79,1,1,1.0
2013-10,E01000782,A22,3,3,1.0
2013-10,E01000782,A55,2,2,1.0
2013-10,E01000783,A22,2,2,1.0
2013-10,E01000783,A47,1,1,1.0
2013-10,E01000783,A52,1,1,1.0
2013-10,E01000783,A81,1,1,1.0
2013-10,E01000784,A22,1,1,1.0
2013-10,E01000784,A52,1,1,1.0
2013-10,E01000784,A69,1,1,1.0
2013-10,E01000785,A22,2,2,1.0
2013-10,E01000786,A34,2,2,1.0
2013-10,E01000786,A81,5,3,1.6666666666666667
2013-10,E01000787,A47,1,1,1.0
2013-10,E01000787,A52,1,1,1.0
2013-10,E01000787,A81,1,1,1.0
2013-10,E01000788,A22,1,1,1.0
2013-10,E01000788,A57,1,1,1.0
2013-10,E01000788,A69,1,1,1.0
2013-10,E01000788,A81,3,3,1.0
2013-10,E01000789,A81,1,1,1.0
2013-10,E01000789,A83,1,1,1.0
2013-10,E01000790,A55,1,1,1.0
2013-10,E01000790,A57,1,1,1.0
2013-10,E01000790,A63,1,1,1.0
2013-10,E01000790,A69,3,3,1.0
2013-10,E01000790,A79,1,1,1.0
2013-10,E01000790,A81,5,4,1.25
2013-10,E01000791,A22,2,1,2.0
2013-10,E01000791,A55,3,3,1.0
2013-10,E01000791,A83,2,2,1.0
2013-10,E01000792,A22,1,1,1.0
2013-10,E01000792,A52,1,1,1.0
2013-10,E01000792,A57,1,1,1.0
2013-10,E01000792,A79,1,1,1.0
2013-10,E01000793,A22,1,1,1.0
2013-10,E01000793,A55,3,3,1.0
2013-10,E01000793,A57,2,2,1.0
2013-10,E01000793,A69,1,1,1.0
2013-10,E01000793,A8,2,2,1.0
2013-10,E01000794,A55,1,1,1.0
2013-10,E01000794,A57,1,1,1.0
2013-10,E01000795,A55,2,2,1.0
2013-10,E01000795,A81,3,3,1.0
2013-10,E01000796,A22,3,3,1.0
2013-10,E01000796,A79,1,1,1.0
2013-10,E01000797,A1,2,2,1.0
2013-10,E01000797,A22,1,1,1.0
2013-10,E01000797,A47,1,1,1.0
2013-10,E01000797,A55,3,3,1.0
2013-10,E01000797,A57,1,1,1.0
2013-10,E01000797,A79,1,1,1.0
2013-10,E01000798,A22,1,1,1.0
2013-10,E01000798,A79,1,1,1.0
2013-10,E01000799,A52,1,1,1.0
2013-10,E01000800,A1,1,1,1.0
2013-10,E01000800,A22,1,1,1.0
2013-10,E01000800,A81,1,1,1.0
2013-10,E01000801,A57,1,1,1.0
2013-10,E01000801,A69,2,1,2.0
2013-10,E01000802,A22,13,4,3.25
2013-10,E01000802,A52,1,1,1.0
2013-10,E01000802,A55,2,1,2.0
2013-10,E01000802,A79,1,1,1.0
2013-10,E01000803,A22,1,1,1.0
2013-10,E01000803,A52,1,1,1.0
2013-10,E01000803,A55,1,1,1.0
2013-10,E01000803,A57,1,1,1.0
2013-10,E01000803,A81,2,2,1.0
2013-10,E01000804,A22,1,1,1.0
2013-10,E01000804,A47,1,1,1.0
2013-10,E01000804,A55,1,1,1.0
2013-10,E01000804,A57,1,1,1.0
2013-10,E01000804,A81,1,1,1.0
2013-10,E01000805,A1,1,1,1.0
2013-10,E01000805,A22,2,2,1.0
2013-10,E01000805,A57,1,1,1.0
2013-10,E01000805,A79,1,1,1.0
2013-10,E01000805,A81,1,1,1.0
2013-10,E01000806,A1,1,1,1.0
2013-10,E01000806,A22,3,2,1.5
2013-10,E01000806,A79,4,3,1.3333333333333333
2013-10,E01000807,A22,2,2,1.0
2013-10,E01000807,A55,1,1,1.0
2013-10,E01000808,A55,3,3,1.0
2013-10,E01000808,A69,1,1,1.0
2013-10,E01000808,A78,1,1,1.0
2013-10,E01000808,A81,2,2,1.0
2013-10,E01000809,A22,1,1,1.0
2013-10,E01000809,A34,1,1,1.0
2013-10,E01000809,A53,1,1,1.0
2013-10,E01000809,A81,1,1,1.0
2013-10,E01000809,A83,1,1,1.0
2013-10,E01000810,A55,1,1,1.0
2013-10,E01000810,A81,1,1,1.0
2013-10,E01000811,A69,1,1,1.0
2013-10,E01000811,A81,1,1,1.0
2013-10,E01000812,A57,1,1,1.0
2013-10,E01000812,A81,5,5,1.0
2013-10,E01000813,A22,1,1,1.0
2013-10,E01000813,A55,1,1,1.0
2013-10,E01000813,A78,1,1,1.0
2013-10,E01000814,A1,1,1,1.0
2013-10,E01000814,A27,1,1,1.0
2013-10,E01000814,A57,1,1,1.0
2013-10,E01000814,A79,1,1,1.0
2013-10,E01000814,A81,1,1,1.0
2013-10,E01000815,A22,1,1,1.0
2013-10,E01000815,A57,1,1,1.0
2013-10,E01000815,A69,1,1,1.0
2013-10,E01000815,A79,2,2,1.0
2013-10,E01000816,A83,1,1,1.0
2013-10,E01000818,A52,1,1,1.0
2013-10,E01000818,A55,1,1,1.0
2013-10,E01000818,A81,1,1,1.0
2013-10,E01000819,A1,1,1,1.0
2013-10,E01000819,A16,2,2,1.0
2013-10,E01000819,A22,2,2,1.0
2013-10,E01000819,A81,1,1,1.0
2013-10,E01000820,A1,2,1,2.0
2013-10,E01000820,A22,2,1,2.0
2013-10,E01000820,A55,1,1,1.0
2013-10,E01000820,A57,1,1,1.0
2013-10,E01000820,A78,1,1,1.0
2013-10,E01000820,A79,1,1,1.0
2013-10,E01000820,A8,1,1,1.0
2013-10,E01000820,A81,3,3,1.0
2013-10,E01000822,A52,1,1,1.0
2013-10,E01000822,A69,1,1,1.0
2013-10,E01000822,A81,1,1,1.0
2013-10,E01000823,A22,1,1,1.0
2013-10,E01000823,A55,1,1,1.0
2013-10,E01000823,A57,1,1,1.0
2013-10,E01000823,A69,1,1,1.0
2013-10,E01000823,A79,1,1,1.0
2013-10,E01000823,A81,1,1,1.0
2013-10,E01000824,A1,1,1,1.0
2013-10,E01000824,A22,1,1,1.0
2013-10,E01000824,A69,1,1,1.0
2013-10,E01000824,A81,2,1,2.0
2013-10,E01000825,A47,1,1,1.0
2013-10,E01000825,A53,1,1,1.0
2013-10,E01000826,A69,1,1,1.0
2013-10,E01000826,A8,1,1,1.0
2013-10,E01000826,A81,3,3,1.0
2013-10,E01000827,A55,1,1,1.0
2013-10,E01000827,A69,1,1,1.0
2013-10,E01000828,A52,1,1,1.0
2013-10,E01000828,A69,1,1,1.0
2013-10,E01000828,A78,1,1,1.0
2013-10,E01000828,A81,1,1,1.0
2013-10,E01000829,A69,2,2,1.0
2013-10,E01000829,A8,1,1,1.0
2013-10,E01000830,A69,2,2,1.0
2013-10,E01000831,A69,1,1,1.0
2013-10,E01000831,A8,1,1,1.0
2013-10,E01000832,A33,1,1,1.0
2013-10,E01000832,A47,1,1,1.0
2013-10,E01000832,A52,1,1,1.0
2013-10,E01000832,A81,1,1,1.0
2013-10,E01000833,A22,1,1,1.0
2013-10,E01000833,A52,1,1,1.0
2013-10,E01000833,A55,1,1,1.0
2013-10,E01000833,A8,1,1,1.0
2013-10,E01000833,A81,2,2,1.0
2013-10,E01000834,A34,1,1,1.0
2013-10,E01000834,A55,1,1,1.0
2013-10,E01000834,A57,1,1,1.0
2013-10,E01000835,A1,1,1,1.0
2013-10,E01000835,A52,1,1,1.0
2013-10,E01000835,A55,3,3,1.0
2013-10,E01000835,A79,1,1,1.0
2013-10,E01000835,A81,3,3,1.0
2013-10,E01000836,A57,1,1,1.0
2013-10,E01000836,A8,1,1,1.0
2013-10,E01000836,A81,2,2,1.0
2013-10,E01000837,A55,2,2,1.0
2013-10,E01000837,A69,1,1,1.0
2013-10,E01000837,A79,1,1,1.0
2013-10,E01000837,A81,1,1,1.0
2013-10,E01000838,A57,1,1,1.0
2013-10,E01000838,A83,1,1,1.0
2013-10,E01000840,A1,1,1,1.0
2013-10,E01000840,A47,1,1,1.0
2013-10,E01000840,A55,2,1,2.0
2013-10,E01000840,A69,1,1,1.0
2013-10,E01000840,A81,1,1,1.0
2013-10,E01000841,A22,1,1,1.0
2013-10,E01000841,A57,3,3,1.0
2013-10,E01000841,A69,1,1,1.0
2013-10,E01000841,A81,1,1,1.0
2013-10,E01016401,A56,1,1,1.0
2013-10,E01016412,A12,1,1,1.0
2013-10,E01016414,A86,1,1,1.0
2013-10,E01017139,A12,1,1,1.0
2013-10,E01017139,A41,1,1,1.0
2013-10,E01017139,A56,1,1,1.0
2013-10,E01017140,A54,1,1,1.0
2013-10,E01017140,A57,1,1,1.0
2013-10,E01017142,A86,1,1,1.0
2013-10,E01017146,A57,1,1,1.0
2013-10,E01017146,A60,1,1,1.0
2013-10,E01017146,A86,1,1,1.0
2013-10,E01017147,A41,1,1,1.0
2013-10,E01017147,A55,1,1,1.0
2013-10,E01017148,A55,1,1,1.0
2013-10,E01017148,A60,3,1,3.0
2013-10,E01017150,A83,1,1,1.0
2013-10,E01017151,A2,1,1,1.0
2013-10,E01017153,A29,1,1,1.0
2013-10,E01017153,A47,1,1,1.0
2013-10,E01017154,A41,3,2,1.5
2013-10,E01017154,A56,1,1,1.0
2013-10,E01017154,A57,1,1,1.0
2013-10,E01017155,A41,1,1,1.0
2013-10,E01017155,A54,1,1,1.0
2013-10,E01017157,A20,1,1,1.0
2013-10,E01017157,A29,1,1,1.0
2013-10,E01017157,A60,1,1,1.0
2013-10,E01017158,A29,1,1,1.0
2013-10,E01017158,A47,1,1,1.0
2013-10,E01017159,A29,1,1,1.0
2013-10,E01017160,A47,1,1,1.0
2013-10,E01017162,A55,1,1,1.0
2013-10,E01017162,A60,1,1,1.0
2013-10,E01017163,A29,1,1,1.0
2013-10,E01017166,A41,1,1,1.0
2013-10,E01017169,A41,1,1,1.0
2013-10,E01017169,A54,1,1,1.0
2013-10,E01017173,A29,1,1,1.0
2013-10,E01017173,A57,1,1,1.0
2013-10,E01017174,A29,1,1,1.0
2013-10,E01017174,A60,1,1,1.0
2013-10,E01017175,A20,1,1,1.0
2013-10,E01017175,A56,1,1,1.0
2013-10,E01017175,A60,1,1,1.0
2013-10,E01017179,A55,1,1,1.0
2013-10,E01017179,A60,1,1,1.0
2013-10,E01017181,A29,1,1,1.0
2013-10,E01017181,A47,1,1,1.0
2013-10,E01017181,A57,1,1,1.0
2013-10,E01017183,A29,1,1,1.0
2013-10,E01017184,A2,1,1,1.0
2013-10,E01017184,A29,1,1,1.0
2013-10,E01017186,A55,1,1,1.0
2013-10,E01017186,A79,1,1,1.0
2013-10,E01017187,A60,1,1,1.0
2013-10,E01017188,A20,1,1,1.0
2013-10,E01017188,A41,2,2,1.0
2013-10,E01017191,A33,1,1,1.0
2013-10,E01017192,A55,1,1,1.0
2013-10,E01017193,A29,2,2,1.0
2013-10,E01017194,A57,1,1,1.0
2013-10,E01017195,A29,1,1,1.0
2013-10,E01017195,A57,1,1,1.0
2013-10,E01017198,A60,1,1,1.0
2013-10,E01017200,A12,1,1,1.0
2013-10,E01017200,A41,1,1,1.0
2013-10,E01017200,A60,1,1,1.0
2013-10,E01017202,A56,1,1,1.0
2013-10,E01017202,A57,1,1,1.0
2013-10,E01017204,A41,1,1,1.0
2013-10,E01017204,A54,1,1,1.0
2013-10,E01017211,A20,1,1,1.0
2013-10,E01017211,A57,1,1,1.0
2013-10,E01017213,A57,1,1,1.0
2013-10,E01017214,A41,2,2,1.0
2013-10,E01017216,A29,1,1,1.0
2013-10,E01017216,A54,1,1,1.0
2013-10,E01017216,A57,1,1,1.0
2013-10,E01017220,A54,1,1,1.0
2013-10,E01017226,A41,1,1,1.0
2013-10,E01017226,A60,1,1,1.0
2013-10,E01017228,A33,1,1,1.0
2013-10,E01017231,A47,1,1,1.0
2013-10,E01017232,A2,1,1,1.0
2013-10,E01017232,A41,3,2,1.5
2013-10,E01017234,A57,1,1,1.0
2013-10,E01017235,A41,1,1,1.0
2013-10,E01017235,A86,2,1,2.0
2013-10,E01017236,A29,1,1,1.0
2013-10,E01017236,A60,1,1,1.0
2013-10,E01017238,A57,1,1,1.0
2013-10,E01017239,A41,2,1,2.0
2013-10,E01017239,A55,1,1,1.0
2013-10,E01017239,A56,1,1,1.0
2013-10,E01017240,A29,2,2,1.0
2013-10,E01017240,A56,1,1,1.0
2013-10,E01017242,A54,1,1,1.0
2013-10,E01017242,A57,1,1,1.0
2013-10,E01017243,A47,1,1,1.0
2013-10,E01017243,A60,1,1,1.0
2013-10,E01017244,A56,3,1,3.0
2013-10,E01017244,A60,1,1,1.0
2013-10,E01017245,A29,1,1,1.0
2013-10,E01017245,A41,1,1,1.0
2013-10,E01017246,A29,1,1,1.0
2013-10,E01017246,A57,1,1,1.0
2013-10,E01017249,A41,1,1,1.0
2013-10,E01017251,A54,1,1,1.0
2013-10,E01017253,A33,1,1,1.0
2013-10,E01017253,A41,1,1,1.0
2013-10,E01017253,A55,1,1,1.0
2013-10,E01017254,A55,2,2,1.0
2013-10,E01017256,A41,1,1,1.0
2013-10,E01017256,A47,1,1,1.0
2013-10,E01017259,A29,1,1,1.0
2013-10,E01017259,A60,1,1,1.0
2013-10,E01017261,A60,1,1,1.0
2013-10,E01017264,A41,1,1,1.0
2013-10,E01017267,A41,1,1,1.0
2013-10,E01017267,A47,2,2,1.0
2013-10,E01017271,A41,2,2,1.0
2013-10,E01017272,A60,1,1,1.0
2013-10,E01017273,A54,1,1,1.0
2013-10,E01017276,A56,1,1,1.0
2013-10,E01017278,A2,1,1,1.0
2013-10,E01017280,A60,2,1,2.0
2013-10,E01023629,A1,1,1,1.0
2013-10,E01023750,A1,1,1,1.0
2013-10,E01023750,A29,1,1,1.0
2013-10,E01023750,A54,1,1,1.0
2013-10,E01023751,A24,1,1,1.0
2013-10,E01023751,A29,2,2,1.0
2013-10,E01023752,A20,1,1,1.0
2013-10,E01023752,A29,1,1,1.0
2013-10,E01023752,A79,2,2,1.0
2013-10,E01023753,A29,1,1,1.0
2013-10,E01023754,A20,1,1,1.0
2013-10,E01023754,A29,1,1,1.0
2013-10,E01023755,A29,1,1,1.0
2013-10,E01023755,A33,1,1,1.0
2013-10,E01023755,A54,1,1,1.0
2013-10,E01023756,A1,1,1,1.0
2013-10,E01023756,A20,1,1,1.0
2013-10,E01023756,A29,2,2,1.0
2013-10,E01023756,A54,1,1,1.0
2013-10,E01023756,A79,1,1,1.0
2013-10,E01023757,A29,8,4,2.0
2013-10,E01023757,A33,1,1,1.0
2013-10,E01023757,A54,1,1,1.0
2013-10,E01023758,A16,1,1,1.0
2013-10,E01023758,A29,4,2,2.0
2013-10,E01023758,A33,1,1,1.0
2013-10,E01023758,A79,2,2,1.0
2013-10,E01023759,A1,1,1,1.0
2013-10,E01023760,A1,1,1,1.0
2013-10,E01023760,A29,3,2,1.5
2013-10,E01023760,A79,1,1,1.0
2013-10,E01023761,A1,2,1,2.0
2013-10,E01023761,A20,1,1,1.0
2013-10,E01023762,A20,3,2,1.5
2013-10,E01023762,A54,1,1,1.0
2013-10,E01023763,A1,2,2,1.0
2013-10,E01023763,A20,1,1,1.0
2013-10,E01023763,A79,1,1,1.0
2013-10,E01023764,A1,1,1,1.0
2013-10,E01023764,A20,1,1,1.0
2013-10,E01023764,A29,1,1,1.0
2013-10,E01023765,A1,1,1,1.0
2013-10,E01023765,A20,1,1,1.0
2013-10,E01023765,A29,2,2,1.0
2013-10,E01023766,A1,1,1,1.0
2013-10,E01023766,A29,2,2,1.0
2013-10,E01023767,A29,1,1,1.0
2013-10,E01023767,A33,1,1,1.0
2013-10,E01023767,A79,1,1,1.0
2013-10,E01023768,A29,3,3,1.0
2013-10,E01023769,A1,1,1,1.0
2013-10,E01023769,A29,1,1,1.0
2013-10,E01023771,A20,1,1,1.0
2013-10,E01023771,A29,1,1,1.0
2013-10,E01023771,A79,1,1,1.0
2013-10,E01023772,A29,1,1,1.0
2013-10,E01023773,A29,3,3,1.0
2013-10,E01023774,A20,4,1,4.0
2013-10,E01023774,A29,4,2,2.0
2013-10,E01023774,A79,2,1,2.0
2013-10,E01023775,A1,1,1,1.0
2013-10,E01023775,A54,1,1,1.0
2013-10,E01023775,A79,1,1,1.0
2013-10,E01023776,A1,1,1,1.0
2013-10,E01023776,A29,1,1,1.0
2013-10,E01023776,A33,1,1,1.0
2013-10,E01023777,A29,3,3,1.0
2013-10,E01023777,A54,1,1,1.0
2013-10,E01023777,A79,3,3,1.0
2013-10,E01023778,A1,1,1,1.0
2013-10,E01023778,A29,2,2,1.0
2013-10,E01023778,A54,1,1,1.0
2013-10,E01023778,A79,1,1,1.0
2013-10,E01023779,A29,1,1,1.0
2013-10,E01023779,A33,2,1,2.0
2013-10,E01023780,A28,1,1,1.0
2013-10,E01023780,A54,1,1,1.0
2013-10,E01023780,A79,1,1,1.0
2013-10,E01023781,A1,1,1,1.0
2013-10,E01023781,A29,3,2,1.5
2013-10,E01023781,A33,1,1,1.0
2013-10,E01023781,A54,2,2,1.0
2013-10,E01023782,A1,1,1,1.0
2013-10,E01023783,A1,2,1,2.0
2013-10,E01023783,A20,1,1,1.0
2013-10,E01023783,A29,2,2,1.0
2013-10,E01023784,A28,1,1,1.0
2013-10,E01023784,A79,1,1,1.0
2013-10,E01023785,A1,2,2,1.0
2013-10,E01023785,A29,4,3,1.3333333333333333
2013-10,E01023785,A33,1,1,1.0
2013-10,E01023786,A28,1,1,1.0
2013-10,E01023786,A29,2,2,1.0
2013-10,E01023786,A79,1,1,1.0
2013-10,E01023787,A1,2,2,1.0
2013-10,E01023787,A28,1,1,1.0
2013-10,E01023787,A29,1,1,1.0
2013-10,E01023787,A33,1,1,1.0
2013-10,E01023788,A29,1,1,1.0
2013-10,E01023789,A1,1,1,1.0
2013-10,E01023789,A20,1,1,1.0
2013-10,E01023789,A29,1,1,1.0
2013-10,E01023790,A1,3,2,1.5
2013-10,E01023790,A29,2,2,1.0
2013-10,E01023790,A79,1,1,1.0
2013-10,E01023791,A20,1,1,1.0
2013-10,E01023791,A29,1,1,1.0
2013-10,E01023791,A54,1,1,1.0
2013-10,E01023791,A79,1,1,1.0
2013-10,E01023792,A20,1,1,1.0
2013-10,E01023792,A29,6,2,3.0
2013-10,E01023792,A79,1,1,1.0
2013-10,E01023793,A29,1,1,1.0
2013-10,E01023793,A54,1,1,1.0
2013-10,E01023794,A20,1,1,1.0
2013-10,E01023795,A29,2,1,2.0
2013-10,E01023795,A79,1,1,1.0
2013-10,E01023796,A1,1,1,1.0
2013-10,E01023796,A29,1,1,1.0
2013-10,E01023797,A20,1,1,1.0
2013-10,E01023797,A29,1,1,1.0
2013-10,E01023798,A29,2,2,1.0
2013-10,E01023798,A79,2,2,1.0
2013-10,E01023799,A29,1,1,1.0
2013-10,E01023800,A1,1,1,1.0
2013-10,E01023800,A29,1,1,1.0
2013-10,E01023800,A79,1,1,1.0
2013-10,E01023801,A24,1,1,1.0
2013-10,E01023801,A79,1,1,1.0
2013-10,E01028425,A60,1,1,1.0
2013-10,E01028425,A81,1,1,1.0
2013-10,E01028425,A83,2,1,2.0
2013-10,E01028426,A83,1,1,1.0
2013-10,E01028430,A60,1,1,1.0
2013-10,E01028430,A81,1,1,1.0
2013-10,E01028431,A41,1,1,1.0
2013-10,E01028431,A60,2,1,2.0
2013-10,E01028432,A57,2,2,1.0
2013-10,E01028434,A39,1,1,1.0
2013-10,E01028435,A60,1,1,1.0
2013-10,E01028435,A67,2,2,1.0
2013-10,E01028437,A60,1,1,1.0
2013-10,E01028437,A69,1,1,1.0
2013-10,E01028437,A83,1,1,1.0
2013-10,E01028438,A57,1,1,1.0
2013-10,E01028438,A69,2,2,1.0
2013-10,E01028444,A24,1,1,1.0
2013-10,E01028445,A56,1,1,1.0
2013-10,E01028445,A57,1,1,1.0
2013-10,E01028445,A60,1,1,1.0
2013-10,E01028446,A81,1,1,1.0
2013-10,E01028452,A60,1,1,1.0
2013-10,E01028456,A60,3,2,1.5
2013-10,E01028458,A34,1,1,1.0
2013-10,E01028458,A60,2,1,2.0
2013-10,E01028459,A81,1,1,1.0
2013-10,E01028461,A57,1,1,1.0
2013-10,E01028462,A57,1,1,1.0
2013-10,E01028465,A81,1,1,1.0
2013-10,E01028466,A57,1,1,1.0
2013-10,E01028469,A60,1,1,1.0
2013-10,E01028473,A17,1,1,1.0
2013-10,E01028473,A8,1,1,1.0
2013-10,E01028476,A60,1,1,1.0
2013-10,E01028477,A28,1,1,1.0
2013-10,E01028477,A60,1,1,1.0
2013-10,E01028479,A60,2,1,2.0
2013-10,E01028481,A57,1,1,1.0
2013-10,E01028482,A60,1,1,1.0
2013-10,E01028487,A34,1,1,1.0
2013-10,E01028489,A57,1,1,1.0
2013-10,E01028489,A60,1,1,1.0
2013-10,E01028492,A57,1,1,1.0
2013-10,E01028493,A69,1,1,1.0
2013-10,E01028497,A60,1,1,1.0
2013-10,E01028499,A81,1,1,1.0
2013-10,E01028502,A60,1,1,1.0
2013-10,E01028504,A8,1,1,1.0
2013-10,E01028510,A60,1,1,1.0
2013-10,E01028511,A60,2,1,2.0
2013-10,E01028511,A86,1,1,1.0
2013-10,E01028513,A60,1,1,1.0
2013-10,E01028515,A69,1,1,1.0
2013-10,E01028516,A48,1,1,1.0
2013-10,E01028516,A57,1,1,1.0
2013-10,E01028521,A48,1,1,1.0
2013-10,E01028521,A54,1,1,1.0
2013-10,E01028521,A57,1,1,1.0
2013-10,E01028521,A60,2,2,1.0
2013-10,E01028521,A69,1,1,1.0
2013-10,E01028521,A79,1,1,1.0
2013-10,E01028521,A86,1,1,1.0
2013-10,E01028522,A41,1,1,1.0
2013-10,E01028522,A56,1,1,1.0
2013-10,E01028522,A60,3,3,1.0
2013-10,E01028522,A69,2,2,1.0
2013-10,E01028526,A24,1,1,1.0
2013-10,E01028526,A83,1,1,1.0
2013-10,E01028527,A60,1,1,1.0
2013-10,E01028529,A48,1,1,1.0
2013-10,E01028533,A60,1,1,1.0
2013-10,E01028535,A57,1,1,1.0
2013-10,E01028545,A34,1,1,1.0
2013-10,E01028545,A81,1,1,1.0
2013-10,E01028547,A54,1,1,1.0
2013-10,E01028548,A60,1,1,1.0
2013-10,E01028549,A60,1,1,1.0
2013-10,E01028551,A34,1,1,1.0
2013-10,E01028551,A60,3,3,1.0
2013-10,E01028562,A60,1,1,1.0
2013-10,E01028567,A60,1,1,1.0
2013-10,E01028568,A60,1,1,1.0
2013-10,E01028569,A66,1,1,1.0
2013-10,E01028573,A41,1,1,1.0
2013-10,E01028573,A60,1,1,1.0
2013-10,E01028574,A60,1,1,1.0
2013-10,E01028576,A57,1,1,1.0
2013-10,E01028580,A41,1,1,1.0
2013-10,E01028580,A81,1,1,1.0
2013-10,E01028582,A32,1,1,1.0
2013-10,E01028582,A5,1,1,1.0
2013-10,E01028585,A34,1,1,1.0
2013-10,E01028585,A82,1,1,1.0
2013-10,E01028591,A34,1,1,1.0
2013-10,E01028594,A48,1,1,1.0
2013-10,E01028596,A34,1,1,1.0
2013-10,E01028596,A60,2,2,1.0
2013-10,E01028596,A92,1,1,1.0
2013-10,E01028598,A57,1,1,1.0
2013-10,E01028598,A83,1,1,1.0
2013-10,E01028599,A60,1,1,1.0
2013-10,E01028599,A67,1,1,1.0
2013-10,E01028600,A69,1,1,1.0
2013-10,E01028601,A39,1,1,1.0
2013-10,E01028601,A60,5,2,2.5
2013-10,E01028601,A83,2,1,2.0
2013-10,E01028603,A8,1,1,1.0
2013-10,E01028604,A24,1,1,1.0
2013-10,E01028605,A60,1,1,1.0
2013-10,E01028606,A29,1,1,1.0
2013-10,E01028607,A34,1,1,1.0
2013-10,E01028607,A57,1,1,1.0
2013-10,E01028607,A8,1,1,1.0
2013-10,E01028611,A60,1,1,1.0
2013-10,E01028612,A60,1,1,1.0
2013-10,E01028615,A60,1,1,1.0
2013-10,E01028615,A81,1,1,1.0
2013-10,E01028618,A57,1,1,1.0
2013-10,E01028619,A60,1,1,1.0
2013-10,E01028620,A54,1,1,1.0
2013-10,E01028620,A60,3,3,1.0
2013-10,E01028621,A60,1,1,1.0
2013-10,E01028623,A34,1,1,1.0
2013-10,E01028624,A34,1,1,1.0
2013-10,E01028624,A57,1,1,1.0
2013-10,E01028625,A17,1,1,1.0
2013-10,E01028625,A34,1,1,1.0
2013-10,E01028625,A57,1,1,1.0
2013-10,E01028625,A60,1,1,1.0
2013-10,E01028625,A67,1,1,1.0
2013-10,E01028626,A81,2,2,1.0
2013-10,E01028627,A57,1,1,1.0
2013-10,E01028628,A34,2,2,1.0
2013-10,E01028629,A69,1,1,1.0
2013-10,E01028630,A24,2,2,1.0
2013-10,E01028630,A41,1,1,1.0
2013-10,E01028631,A60,1,1,1.0
2013-10,E01028633,A34,1,1,1.0
2013-10,E01028633,A8,1,1,1.0
2013-10,E01028634,A57,2,1,2.0
2013-10,E01028634,A60,1,1,1.0
2013-10,E01028637,A57,2,1,2.0
2013-10,E01028639,A34,1,1,1.0
2013-10,E01028639,A8,1,1,1.0
2013-10,E01028639,A81,1,1,1.0
2013-10,E01028640,A41,1,1,1.0
2013-10,E01028642,A60,1,1,1.0
2013-10,E01028643,A48,1,1,1.0
2013-10,E01028643,A57,1,1,1.0
2013-10,E01028643,A60,2,2,1.0
2013-10,E01028643,A66,1,1,1.0
2013-10,E01028643,A8,2,2,1.0
2013-10,E01028645,A60,1,1,1.0
2013-10,E01028646,A67,1,1,1.0
2013-10,E01028646,A69,1,1,1.0
2013-10,E01028647,A24,1,1,1.0
2013-10,E01028647,A34,1,1,1.0
2013-10,E01028647,A83,1,1,1.0
2013-10,E01028650,A57,1,1,1.0
2013-10,E01028652,A60,1,1,1.0
2013-10,E01028655,A8,1,1,1.0
2013-10,E01028656,A41,1,1,1.0
2013-10,E01028657,A32,1,1,1.0
2013-10,E01028658,A17,1,1,1.0
2013-10,E01028658,A57,1,1,1.0
2013-10,E01028658,A69,1,1,1.0
2013-10,E01028658,A83,1,1,1.0
2013-10,E01028659,A17,1,1,1.0
2013-10,E01028659,A41,1,1,1.0
2013-10,E01028659,A60,1,1,1.0
2013-10,E01028660,A41,1,1,1.0
2013-10,E01028660,A57,1,1,1.0
2013-10,E01028660,A60,1,1,1.0
2013-10,E01028660,A83,1,1,1.0
2013-10,E01028662,A60,1,1,1.0
2013-10,E01028665,A41,3,2,1.5
2013-10,E01028665,A57,1,1,1.0
2013-10,E01028666,A57,1,1,1.0
2013-10,E01028666,A69,1,1,1.0
2013-10,E01028667,A41,1,1,1.0
2013-10,E01028670,A56,1,1,1.0
2013-10,E01028670,A57,1,1,1.0
2013-10,E01028670,A60,1,1,1.0
2013-10,E01028670,A66,1,1,1.0
2013-10,E01028671,A34,1,1,1.0
2013-10,E01028671,A60,1,1,1.0
2013-10,E01028672,A60,1,1,1.0
2013-10,E01028672,A81,1,1,1.0
2013-10,E01028673,A39,1,1,1.0
2013-10,E01028673,A60,1,1,1.0
2013-10,E01028673,A69,1,1,1.0
2013-10,E01028674,A67,1,1,1.0
2013-10,E01028675,A24,2,2,1.0
2013-10,E01028675,A41,1,1,1.0
2013-10,E01028675,A60,1,1,1.0
2013-10,E01028676,A34,1,1,1.0
2013-10,E01028676,A48,1,1,1.0
2013-10,E01028676,A60,1,1,1.0
2013-10,E01028677,A73,2,1,2.0
2013-10,E01028678,A24,1,1,1.0
2013-10,E01028678,A34,1,1,1.0
2013-10,E01028678,A60,1,1,1.0
2013-10,E01028679,A34,1,1,1.0
2013-10,E01028679,A60,1,1,1.0
2013-10,E01028680,A69,1,1,1.0
2013-10,E01028680,A83,1,1,1.0
2013-10,E01028683,A60,1,1,1.0
2013-10,E01028683,A81,1,1,1.0
2013-10,E01028684,A39,1,1,1.0
2013-10,E01028689,A34,1,1,1.0
2013-10,E01028689,A69,1,1,1.0
2013-10,E01028690,A33,1,1,1.0
2013-10,E01028690,A81,1,1,1.0
2013-10,E01028699,A57,2,1,2.0
2013-10,E01028704,A8,1,1,1.0
2013-10,E01028707,A81,1,1,1.0
2013-10,E01028709,A17,1,1,1.0
2013-10,E01028711,A24,1,1,1.0
2013-10,E01028713,A60,2,2,1.0
2013-10,E01028716,A60,1,1,1.0
2013-10,E01028717,A41,1,1,1.0
2013-10,E01028717,A57,1,1,1.0
2013-10,E01028722,A34,1,1,1.0
2013-10,E01028723,A17,1,1,1.0
2013-10,E01028723,A81,1,1,1.0
2013-10,E01028726,A34,1,1,1.0
2013-10,E01028726,A60,1,1,1.0
2013-10,E01028729,A81,1,1,1.0
2013-10,E01028730,A41,1,1,1.0
2013-10,E01028730,A67,1,1,1.0
2013-10,E01028732,A69,1,1,1.0
2013-10,E01028732,A81,1,1,1.0
2013-10,E01028732,A83,1,1,1.0
2013-10,E01028733,A56,2,1,2.0
2013-10,E01028733,A57,1,1,1.0
2013-10,E01028733,A60,2,2,1.0
2013-10,E01028734,A60,1,1,1.0
2013-10,E01028735,A24,1,1,1.0
2013-10,E01028735,A57,1,1,1.0
2013-10,E01028735,A67,1,1,1.0
2013-10,E01028736,A66,1,1,1.0
2013-10,E01028739,A34,1,1,1.0
2013-10,E01028741,A17,1,1,1.0
2013-10,E01028741,A69,2,2,1.0
2013-10,E01028741,A8,1,1,1.0
2013-10,E01028742,A34,3,1,3.0
2013-10,E01028742,A57,1,1,1.0
2013-10,E01028742,A60,1,1,1.0
2013-10,E01028742,A9,1,1,1.0
2013-10,E01028744,A60,2,2,1.0
2013-10,E01028745,A17,1,1,1.0
2013-10,E01028745,A60,1,1,1.0
2013-10,E01028745,A69,1,1,1.0
2013-10,E01028749,A54,1,1,1.0
2013-10,E01028750,A54,1,1,1.0
2013-10,E01028750,A81,1,1,1.0
2013-10,E01028751,A60,1,1,1.0
2013-10,E01028762,A41,1,1,1.0
2013-10,E01028762,A60,1,1,1.0
2013-10,E01028762,A8,1,1,1.0
2013-10,E01028763,A41,1,1,1.0
2013-10,E01028765,A34,1,1,1.0
2013-10,E01028767,A57,1,1,1.0
2013-10,E01028767,A61,1,1,1.0
2013-10,E01028772,A60,1,1,1.0
2013-10,E01028773,A60,1,1,1.0
2013-10,E01028776,A8,1,1,1.0
2013-10,E01028779,A69,2,1,2.0
2013-10,E01028780,A81,2,1,2.0
2013-10,E01028781,A41,3,1,3.0
2013-10,E01028782,A8,1,1,1.0
2013-10,E01028783,A41,1,1,1.0
2013-10,E01028783,A8,1,1,1.0
2013-10,E01028784,A60,1,1,1.0
2013-10,E01028787,A57,1,1,1.0
2013-10,E01028787,A60,1,1,1.0
2013-10,E01028788,A48,1,1,1.0
2013-10,E01028791,A41,1,1,1.0
2013-10,E01028792,A57,1,1,1.0
2013-10,E01028793,A41,1,1,1.0
2013-10,E01028795,A57,1,1,1.0
2013-10,E01028795,A60,1,1,1.0
2013-10,E01028796,A34,1,1,1.0
2013-10,E01028798,A48,1,1,1.0
2013-10,E01028806,A60,1,1,1.0
2013-10,E01028807,A81,1,1,1.0
2013-10,E01028814,A81,1,1,1.0
2013-10,E01028815,A69,1,1,1.0
2013-10,E01028816,A34,1,1,1.0
2013-10,E01028816,A60,1,1,1.0
2013-10,E01028818,A60,1,1,1.0
2013-10,E01028820,A48,1,1,1.0
2013-10,E01028820,A56,2,2,1.0
2013-10,E01028821,A34,1,1,1.0
2013-10,E01028822,A81,1,1,1.0
2013-10,E01028823,A67,1,1,1.0
2013-10,E01028824,A56,1,1,1.0
2013-10,E01028824,A81,1,1,1.0
2013-10,E01029481,A54,1,1,1.0
2013-10,E01029488,A54,1,1,1.0
2013-10,E01029488,A79,1,1,1.0
2013-10,E01029491,A24,1,1,1.0
2013-10,E01029492,A29,1,1,1.0
2013-10,E01029494,A53,1,1,1.0
2013-10,E01029497,A1,1,1,1.0
2013-10,E01029497,A56,1,1,1.0
2013-10,E01029498,A81,1,1,1.0
2013-10,E01029499,A47,1,1,1.0
2013-10,E01029506,A20,6,1,6.0
2013-10,E01029511,A1,1,1,1.0
2013-10,E01029519,A79,1,1,1.0
2013-10,E01029528,A29,1,1,1.0
2013-10,E01029530,A1,1,1,1.0
2013-10,E01032554,A48,1,1,1.0
2013-10,E01032562,A57,1,1,1.0
2013-10,E01032563,A1,1,1,1.0
2013-10,E01032563,A81,1,1,1.0
2013-10,E01032568,A1,1,1,1.0
2013-10,E01032570,A47,1,1,1.0
2013-10,E01032570,A53,1,1,1.0
2013-10,E01032738,A41,1,1,1.0
2013-10,E01032738,A58,1,1,1.0
2013-10,E01032745,A41,1,1,1.0
2013-10,E01032746,A29,2,1,2.0
2013-10,E01032750,A2,1,1,1.0
2013-10,E01032750,A29,2,1,2.0
2013-10,E01032750,A60,1,1,1.0
2013-10,E01032753,A41,1,1,1.0
2013-10,E01032753,A56,1,1,1.0
2013-10,E01032753,A86,1,1,1.0
2013-10,E01032756,A57,7,1,7.0
2013-10,E01032756,A60,1,1,1.0
2013-10,E01032941,A48,1,1,1.0
2013-10,E01032942,A67,1,1,1.0
2013-10,E01032948,A28,1,1,1.0
2013-10,E01032950,A82,1,1,1.0
2013-10,E01032951,A60,1,1,1.0
2013-10,E01032952,A67,1,1,1.0
2013-10,E01032953,A69,1,1,1.0
2013-10,E01032954,A34,1,1,1.0
2013-10,E01032954,A69,1,1,1.0
2013-10,E01033282,A34,1,1,1.0
2013-10,E01033282,A8,1,1,1.0
2013-10,E01033305,A67,1,1,1.0
2013-10,E01033306,A8,1,1,1.0
2013-10,E01033572,A81,1,1,1.0
2013-10,E01033573,A81,1,1,1.0
