period,LAD,SHEF_A_CODE,report_count,user_count,average
2012-6,E06000001,A29,1,1,1.0
2012-6,E06000001,A60,1,1,1.0
2012-6,E06000002,A24,1,1,1.0
2012-6,E06000002,A53,2,1,2.0
2012-6,E06000002,A54,2,2,1.0
2012-6,E06000002,A60,1,1,1.0
2012-6,E06000002,A79,1,1,1.0
2012-6,E06000003,A24,1,1,1.0
2012-6,E06000003,A41,1,1,1.0
2012-6,E06000004,A1,1,1,1.0
2012-6,E06000004,A20,1,1,1.0
2012-6,E06000004,A29,1,1,1.0
2012-6,E06000004,A53,1,1,1.0
2012-6,E06000004,A56,1,1,1.0
2012-6,E06000004,A60,2,2,1.0
2012-6,E06000005,A60,1,1,1.0
2012-6,E06000006,A1,1,1,1.0
2012-6,E06000006,A57,1,1,1.0
2012-6,E06000006,A60,1,1,1.0
2012-6,E06000007,A41,3,3,1.0
2012-6,E06000007,A56,1,1,1.0
2012-6,E06000007,A60,2,2,1.0
2012-6,E06000008,A1,1,1,1.0
2012-6,E06000008,A29,4,3,1.3333333333333333
2012-6,E06000008,A41,3,2,1.5
2012-6,E06000008,A53,1,1,1.0
2012-6,E06000008,A54,3,3,1.0
2012-6,E06000008,A56,4,2,2.0
2012-6,E06000008,A57,2,2,1.0
2012-6,E06000008,A60,4,3,1.3333333333333333
2012-6,E06000008,A73,4,3,1.3333333333333333
2012-6,E06000008,A79,1,1,1.0
2012-6,E06000008,A81,4,4,1.0
2012-6,E06000009,A41,2,2,1.0
2012-6,E06000009,A53,1,1,1.0
2012-6,E06000009,A54,2,2,1.0
2012-6,E06000009,A57,2,2,1.0
2012-6,E06000009,A60,5,4,1.25
2012-6,E06000009,A79,1,1,1.0
2012-6,E06000009,A81,3,3,1.0
2012-6,E06000009,A82,1,1,1.0
2012-6,E06000010,A41,1,1,1.0
2012-6,E06000010,A60,1,1,1.0
2012-6,E06000010,A73,2,1,2.0
2012-6,E06000010,A83,1,1,1.0
2012-6,E06000011,A29,2,2,1.0
2012-6,E06000011,A41,10,8,1.25
2012-6,E06000011,A54,2,2,1.0
2012-6,E06000011,A57,1,1,1.0
2012-6,E06000011,A60,12,8,1.5
2012-6,E06000011,A73,2,1,2.0
2012-6,E06000011,A79,1,1,1.0
2012-6,E06000011,A82,3,3,1.0
2012-6,E06000011,A83,1,1,1.0
2012-6,E06000012,A29,2,2,1.0
2012-6,E06000012,A41,1,1,1.0
2012-6,E06000012,A60,1,1,1.0
2012-6,E06000013,A41,2,1,2.0
2012-6,E06000013,A57,1,1,1.0
2012-6,E06000013,A60,3,3,1.0
2012-6,E06000013,A81,1,1,1.0
2012-6,E06000014,A28,2,1,2.0
2012-6,E06000014,A41,2,2,1.0
2012-6,E06000014,A54,2,2,1.0
2012-6,E06000014,A57,2,2,1.0
2012-6,E06000014,A60,1,1,1.0
2012-6,E06000014,A81,1,1,1.0
2012-6,E06000014,A83,1,1,1.0
2012-6,E06000015,A54,1,1,1.0
2012-6,E06000015,A79,1,1,1.0
2012-6,E06000015,A81,1,1,1.0
2012-6,E06000015,A82,1,1,1.0
2012-6,E06000016,A1,1,1,1.0
2012-6,E06000016,A29,1,1,1.0
2012-6,E06000016,A41,1,1,1.0
2012-6,E06000016,A54,2,2,1.0
2012-6,E06000016,A57,2,1,2.0
2012-6,E06000016,A60,4,3,1.3333333333333333
2012-6,E06000016,A73,2,2,1.0
2012-6,E06000016,A81,2,2,1.0
2012-6,E06000018,A20,1,1,1.0
2012-6,E06000018,A29,2,2,1.0
2012-6,E06000018,A41,5,4,1.25
2012-6,E06000018,A54,1,1,1.0
2012-6,E06000018,A57,2,2,1.0
2012-6,E06000018,A60,4,3,1.3333333333333333
2012-6,E06000018,A79,1,1,1.0
2012-6,E06000018,A81,4,4,1.0
2012-6,E06000018,A86,7,5,1.4
2012-6,E06000019,A41,2,1,2.0
2012-6,E06000019,A60,10,6,1.6666666666666667
2012-6,E06000020,A29,1,1,1.0
2012-6,E06000020,A41,2,2,1.0
2012-6,E06000020,A53,1,1,1.0
2012-6,E06000020,A57,1,1,1.0
2012-6,E06000020,A60,4,3,1.3333333333333333
2012-6,E06000020,A73,2,2,1.0
2012-6,E06000020,A79,1,1,1.0
2012-6,E06000021,A24,1,1,1.0
2012-6,E06000021,A29,4,2,2.0
2012-6,E06000021,A33,1,1,1.0
2012-6,E06000021,A41,1,1,1.0
2012-6,E06000021,A54,2,2,1.0
2012-6,E06000021,A57,2,2,1.0
2012-6,E06000021,A73,3,2,1.5
2012-6,E06000021,A83,1,1,1.0
2012-6,E06000022,A12,1,1,1.0
2012-6,E06000022,A20,1,1,1.0
2012-6,E06000022,A41,3,3,1.0
2012-6,E06000022,A53,1,1,1.0
2012-6,E06000022,A57,2,2,1.0
2012-6,E06000022,A60,2,2,1.0
2012-6,E06000022,A81,1,1,1.0
2012-6,E06000023,A1,3,2,1.5
2012-6,E06000023,A29,8,5,1.6
2012-6,E06000023,A33,2,2,1.0
2012-6,E06000023,A41,25,8,3.125
2012-6,E06000023,A54,3,3,1.0
2012-6,E06000023,A56,6,1,6.0
2012-6,E06000023,A57,5,4,1.25
2012-6,E06000023,A60,8,6,1.3333333333333333
2012-6,E06000023,A73,5,4,1.25
2012-6,E06000023,A81,2,2,1.0
2012-6,E06000023,A83,2,1,2.0
2012-6,E06000023,A86,2,2,1.0
2012-6,E06000024,A1,1,1,1.0
2012-6,E06000024,A29,2,2,1.0
2012-6,E06000024,A53,1,1,1.0
2012-6,E06000024,A60,14,12,1.1666666666666667
2012-6,E06000024,A79,1,1,1.0
2012-6,E06000025,A24,2,2,1.0
2012-6,E06000025,A29,1,1,1.0
2012-6,E06000025,A41,2,2,1.0
2012-6,E06000025,A54,1,1,1.0
2012-6,E06000025,A56,1,1,1.0
2012-6,E06000025,A57,2,2,1.0
2012-6,E06000025,A60,3,3,1.0
2012-6,E06000025,A73,1,1,1.0
2012-6,E06000026,A20,2,2,1.0
2012-6,E06000026,A24,4,2,2.0
2012-6,E06000026,A33,1,1,1.0
2012-6,E06000026,A41,3,3,1.0
2012-6,E06000026,A56,2,2,1.0
2012-6,E06000026,A57,3,3,1.0
2012-6,E06000026,A60,5,5,1.0
2012-6,E06000026,A63,1,1,1.0
2012-6,E06000026,A79,1,1,1.0
2012-6,E06000026,A86,1,1,1.0
2012-6,E06000027,A60,4,3,1.3333333333333333
2012-6,E06000027,A73,1,1,1.0
2012-6,E06000027,A81,4,2,2.0
2012-6,E06000027,A83,1,1,1.0
2012-6,E06000030,A1,1,1,1.0
2012-6,E06000030,A24,1,1,1.0
2012-6,E06000030,A29,7,3,2.3333333333333335
2012-6,E06000030,A33,1,1,1.0
2012-6,E06000030,A41,3,3,1.0
2012-6,E06000030,A53,5,3,1.6666666666666667
2012-6,E06000030,A54,1,1,1.0
2012-6,E06000030,A57,2,2,1.0
2012-6,E06000030,A60,3,3,1.0
2012-6,E06000030,A73,2,2,1.0
2012-6,E06000030,A81,1,1,1.0
2012-6,E06000031,A1,2,2,1.0
2012-6,E06000031,A12,1,1,1.0
2012-6,E06000031,A20,2,1,2.0
2012-6,E06000031,A29,15,5,3.0
2012-6,E06000031,A33,3,3,1.0
2012-6,E06000031,A41,2,2,1.0
2012-6,E06000031,A53,5,4,1.25
2012-6,E06000031,A54,5,1,5.0
2012-6,E06000031,A57,1,1,1.0
2012-6,E06000031,A60,2,2,1.0
2012-6,E06000031,A73,1,1,1.0
2012-6,E06000031,A79,2,1,2.0
2012-6,E06000031,A81,3,3,1.0
2012-6,E06000031,A82,1,1,1.0
2012-6,E06000031,A83,1,1,1.0
2012-6,E06000032,A20,2,2,1.0
2012-6,E06000032,A41,1,1,1.0
2012-6,E06000032,A54,1,1,1.0
2012-6,E06000032,A56,1,1,1.0
2012-6,E06000032,A60,3,2,1.5
2012-6,E06000032,A73,1,1,1.0
2012-6,E06000032,A79,1,1,1.0
2012-6,E06000033,A54,6,4,1.5
2012-6,E06000034,A24,1,1,1.0
2012-6,E06000034,A41,1,1,1.0
2012-6,E06000034,A54,1,1,1.0
2012-6,E06000034,A56,1,1,1.0
2012-6,E06000034,A60,3,2,1.5
2012-6,E06000034,A81,2,2,1.0
2012-6,E06000035,A1,1,1,1.0
2012-6,E06000035,A29,1,1,1.0
2012-6,E06000035,A41,1,1,1.0
2012-6,E06000035,A56,2,2,1.0
2012-6,E06000035,A57,1,1,1.0
2012-6,E06000035,A60,1,1,1.0
2012-6,E06000035,A79,2,2,1.0
2012-6,E06000036,A28,4,1,4.0
2012-6,E06000036,A41,2,2,1.0
2012-6,E06000036,A53,1,1,1.0
2012-6,E06000036,A73,1,1,1.0
2012-6,E06000036,A81,1,1,1.0
2012-6,E06000037,A26,1,1,1.0
2012-6,E06000037,A29,3,3,1.0
2012-6,E06000037,A54,1,1,1.0
2012-6,E06000037,A55,1,1,1.0
2012-6,E06000037,A60,8,7,1.1428571428571428
2012-6,E06000037,A69,1,1,1.0
2012-6,E06000037,A81,1,1,1.0
2012-6,E06000038,A20,1,1,1.0
2012-6,E06000038,A24,3,2,1.5
2012-6,E06000038,A29,5,3,1.6666666666666667
2012-6,E06000038,A33,3,2,1.5
2012-6,E06000038,A41,3,3,1.0
2012-6,E06000038,A53,2,2,1.0
2012-6,E06000038,A54,1,1,1.0
2012-6,E06000038,A56,3,3,1.0
2012-6,E06000038,A57,3,3,1.0
2012-6,E06000038,A60,1,1,1.0
2012-6,E06000038,A73,4,1,4.0
2012-6,E06000038,A81,3,3,1.0
2012-6,E06000038,A86,2,2,1.0
2012-6,E06000039,A28,1,1,1.0
2012-6,E06000039,A29,2,2,1.0
2012-6,E06000039,A60,1,1,1.0
2012-6,E06000040,A20,1,1,1.0
2012-6,E06000040,A56,1,1,1.0
2012-6,E06000040,A60,3,2,1.5
2012-6,E06000040,A73,1,1,1.0
2012-6,E06000040,A83,1,1,1.0
2012-6,E06000041,A24,5,5,1.0
2012-6,E06000041,A29,5,3,1.6666666666666667
2012-6,E06000041,A41,6,4,1.5
2012-6,E06000041,A53,5,4,1.25
2012-6,E06000041,A54,1,1,1.0
2012-6,E06000041,A57,6,6,1.0
2012-6,E06000041,A60,5,5,1.0
2012-6,E06000041,A73,2,2,1.0
2012-6,E06000041,A79,2,2,1.0
2012-6,E06000041,A81,2,2,1.0
2012-6,E06000041,A82,1,1,1.0
2012-6,E06000041,A86,2,2,1.0
2012-6,E06000042,A60,8,6,1.3333333333333333
2012-6,E06000042,A81,2,2,1.0
2012-6,E06000043,A1,1,1,1.0
2012-6,E06000043,A24,2,2,1.0
2012-6,E06000043,A33,2,1,2.0
2012-6,E06000043,A54,6,5,1.2
2012-6,E06000043,A56,1,1,1.0
2012-6,E06000043,A57,1,1,1.0
2012-6,E06000043,A63,1,1,1.0
2012-6,E06000043,A64,5,5,1.0
2012-6,E06000043,A79,9,6,1.5
2012-6,E06000043,A81,3,3,1.0
2012-6,E06000043,A83,9,1,9.0
2012-6,E06000044,A1,1,1,1.0
2012-6,E06000044,A20,1,1,1.0
2012-6,E06000044,A41,1,1,1.0
2012-6,E06000044,A54,2,2,1.0
2012-6,E06000044,A57,1,1,1.0
2012-6,E06000044,A60,1,1,1.0
2012-6,E06000044,A73,1,1,1.0
2012-6,E06000044,A79,2,1,2.0
2012-6,E06000044,A81,1,1,1.0
2012-6,E06000045,A12,3,3,1.0
2012-6,E06000045,A20,3,3,1.0
2012-6,E06000045,A28,5,3,1.6666666666666667
2012-6,E06000045,A29,42,20,2.1
2012-6,E06000045,A33,28,5,5.6
2012-6,E06000045,A34,8,8,1.0
2012-6,E06000045,A41,16,14,1.1428571428571428
2012-6,E06000045,A47,13,12,1.0833333333333333
2012-6,E06000045,A54,10,10,1.0
2012-6,E06000045,A55,19,18,1.0555555555555556
2012-6,E06000045,A56,1,1,1.0
2012-6,E06000045,A57,14,12,1.1666666666666667
2012-6,E06000045,A60,28,24,1.1666666666666667
2012-6,E06000045,A79,1,1,1.0
2012-6,E06000045,A81,2,1,2.0
2012-6,E06000045,A82,2,2,1.0
2012-6,E06000045,A83,3,2,1.5
2012-6,E06000045,A86,1,1,1.0
2012-6,E06000046,A24,2,1,2.0
2012-6,E06000046,A28,2,1,2.0
2012-6,E06000046,A29,1,1,1.0
2012-6,E06000046,A41,2,2,1.0
2012-6,E06000046,A54,2,1,2.0
2012-6,E06000046,A57,2,1,2.0
2012-6,E06000046,A60,1,1,1.0
2012-6,E06000046,A83,1,1,1.0
2012-6,E06000047,A1,1,1,1.0
2012-6,E06000047,A12,1,1,1.0
2012-6,E06000047,A20,2,2,1.0
2012-6,E06000047,A24,1,1,1.0
2012-6,E06000047,A29,4,4,1.0
2012-6,E06000047,A41,3,2,1.5
2012-6,E06000047,A53,1,1,1.0
2012-6,E06000047,A54,2,2,1.0
2012-6,E06000047,A56,2,2,1.0
2012-6,E06000047,A57,7,7,1.0
2012-6,E06000047,A60,9,7,1.2857142857142858
2012-6,E06000047,A73,3,3,1.0
2012-6,E06000047,A79,1,1,1.0
2012-6,E06000047,A81,1,1,1.0
2012-6,E06000047,A83,1,1,1.0
2012-6,E06000049,A24,1,1,1.0
2012-6,E06000049,A29,1,1,1.0
2012-6,E06000049,A41,14,10,1.4
2012-6,E06000049,A53,1,1,1.0
2012-6,E06000049,A54,3,3,1.0
2012-6,E06000049,A57,10,8,1.25
2012-6,E06000049,A60,20,15,1.3333333333333333
2012-6,E06000049,A79,1,1,1.0
2012-6,E06000049,A81,4,4,1.0
2012-6,E06000049,A83,2,2,1.0
2012-6,E06000050,A1,1,1,1.0
2012-6,E06000050,A20,1,1,1.0
2012-6,E06000050,A29,3,3,1.0
2012-6,E06000050,A41,2,2,1.0
2012-6,E06000050,A53,2,2,1.0
2012-6,E06000050,A54,2,2,1.0
2012-6,E06000050,A57,1,1,1.0
2012-6,E06000050,A60,6,6,1.0
2012-6,E06000050,A79,1,1,1.0
2012-6,E06000050,A81,1,1,1.0
2012-6,E06000050,A82,1,1,1.0
2012-6,E06000050,A83,1,1,1.0
2012-6,E06000051,A29,1,1,1.0
2012-6,E06000051,A41,3,3,1.0
2012-6,E06000051,A54,3,3,1.0
2012-6,E06000051,A57,2,2,1.0
2012-6,E06000051,A60,11,6,1.8333333333333333
2012-6,E06000052,A1,1,1,1.0
2012-6,E06000052,A20,1,1,1.0
2012-6,E06000052,A24,1,1,1.0
2012-6,E06000052,A29,1,1,1.0
2012-6,E06000052,A41,6,6,1.0
2012-6,E06000052,A53,1,1,1.0
2012-6,E06000052,A54,1,1,1.0
2012-6,E06000052,A57,3,3,1.0
2012-6,E06000052,A60,8,7,1.1428571428571428
2012-6,E06000052,A81,1,1,1.0
2012-6,E06000054,A29,4,3,1.3333333333333333
2012-6,E06000054,A41,2,2,1.0
2012-6,E06000054,A53,4,4,1.0
2012-6,E06000054,A54,4,3,1.3333333333333333
2012-6,E06000054,A56,2,2,1.0
2012-6,E06000054,A57,8,6,1.3333333333333333
2012-6,E06000054,A60,17,15,1.1333333333333333
2012-6,E06000054,A81,3,3,1.0
2012-6,E06000055,A24,2,2,1.0
2012-6,E06000055,A41,4,3,1.3333333333333333
2012-6,E06000055,A56,3,1,3.0
2012-6,E06000055,A57,3,2,1.5
2012-6,E06000055,A60,6,5,1.2
2012-6,E06000055,A81,1,1,1.0
2012-6,E06000055,A83,1,1,1.0
2012-6,E06000056,A29,4,3,1.3333333333333333
2012-6,E06000056,A41,6,2,3.0
2012-6,E06000056,A53,2,2,1.0
2012-6,E06000056,A54,1,1,1.0
2012-6,E06000056,A57,3,3,1.0
2012-6,E06000056,A60,5,5,1.0
2012-6,E06000056,A73,1,1,1.0
2012-6,E06000056,A81,2,2,1.0
2012-6,E06000057,A1,1,1,1.0
2012-6,E06000057,A20,1,1,1.0
2012-6,E06000057,A29,2,2,1.0
2012-6,E06000057,A41,9,8,1.125
2012-6,E06000057,A53,4,3,1.3333333333333333
2012-6,E06000057,A54,4,4,1.0
2012-6,E06000057,A56,1,1,1.0
2012-6,E06000057,A57,5,5,1.0
2012-6,E06000057,A60,14,10,1.4
2012-6,E06000057,A79,1,1,1.0
2012-6,E06000057,A81,3,3,1.0
2012-6,E06000058,A1,2,1,2.0
2012-6,E06000058,A24,2,2,1.0
2012-6,E06000058,A29,3,3,1.0
2012-6,E06000058,A33,18,3,6.0
2012-6,E06000058,A41,9,4,2.25
2012-6,E06000058,A53,1,1,1.0
2012-6,E06000058,A54,4,4,1.0
2012-6,E06000058,A56,2,2,1.0
2012-6,E06000058,A57,6,3,2.0
2012-6,E06000058,A60,7,5,1.4
2012-6,E06000058,A73,1,1,1.0
2012-6,E06000058,A79,3,3,1.0
2012-6,E06000058,A81,38,4,9.5
2012-6,E06000058,A82,5,1,5.0
2012-6,E06000058,A83,16,1,16.0
2012-6,E06000058,A86,3,2,1.5
2012-6,E06000059,A24,1,1,1.0
2012-6,E06000059,A29,1,1,1.0
2012-6,E06000059,A41,2,2,1.0
2012-6,E06000059,A54,3,2,1.5
2012-6,E06000059,A56,1,1,1.0
2012-6,E06000059,A57,3,3,1.0
2012-6,E06000059,A60,10,9,1.1111111111111112
2012-6,E06000059,A73,1,1,1.0
2012-6,E06000059,A81,1,1,1.0
2012-6,E06000059,A83,1,1,1.0
2012-6,E07000004,A29,3,3,1.0
2012-6,E07000004,A33,1,1,1.0
2012-6,E07000004,A41,2,2,1.0
2012-6,E07000004,A54,1,1,1.0
2012-6,E07000004,A57,2,2,1.0
2012-6,E07000004,A60,15,9,1.6666666666666667
2012-6,E07000005,A1,1,1,1.0
2012-6,E07000005,A29,1,1,1.0
2012-6,E07000005,A41,2,2,1.0
2012-6,E07000005,A54,2,2,1.0
2012-6,E07000005,A60,7,6,1.1666666666666667
2012-6,E07000006,A24,1,1,1.0
2012-6,E07000006,A29,1,1,1.0
2012-6,E07000006,A41,3,3,1.0
2012-6,E07000006,A54,1,1,1.0
2012-6,E07000006,A56,1,1,1.0
2012-6,E07000006,A57,2,2,1.0
2012-6,E07000006,A60,7,6,1.1666666666666667
2012-6,E07000007,A12,1,1,1.0
2012-6,E07000007,A20,1,1,1.0
2012-6,E07000007,A24,2,2,1.0
2012-6,E07000007,A29,1,1,1.0
2012-6,E07000007,A33,1,1,1.0
2012-6,E07000007,A41,4,4,1.0
2012-6,E07000007,A54,2,2,1.0
2012-6,E07000007,A57,3,3,1.0
2012-6,E07000007,A60,11,8,1.375
2012-6,E07000007,A81,1,1,1.0
2012-6,E07000008,A1,4,2,2.0
2012-6,E07000008,A33,5,1,5.0
2012-6,E07000008,A41,7,6,1.1666666666666667
2012-6,E07000008,A54,4,4,1.0
2012-6,E07000008,A57,4,4,1.0
2012-6,E07000008,A60,16,10,1.6
2012-6,E07000008,A79,1,1,1.0
2012-6,E07000008,A83,3,3,1.0
2012-6,E07000008,A86,2,2,1.0
2012-6,E07000009,A60,1,1,1.0
2012-6,E07000009,A83,1,1,1.0
2012-6,E07000010,A24,1,1,1.0
2012-6,E07000010,A29,1,1,1.0
2012-6,E07000010,A41,1,1,1.0
2012-6,E07000010,A54,2,2,1.0
2012-6,E07000010,A60,6,3,2.0
2012-6,E07000010,A81,1,1,1.0
2012-6,E07000010,A82,1,1,1.0
2012-6,E07000010,A83,4,2,2.0
2012-6,E07000011,A1,2,2,1.0
2012-6,E07000011,A24,1,1,1.0
2012-6,E07000011,A41,3,3,1.0
2012-6,E07000011,A54,1,1,1.0
2012-6,E07000011,A56,1,1,1.0
2012-6,E07000011,A57,2,2,1.0
2012-6,E07000011,A79,1,1,1.0
2012-6,E07000011,A81,2,2,1.0
2012-6,E07000012,A1,1,1,1.0
2012-6,E07000012,A41,4,4,1.0
2012-6,E07000012,A54,1,1,1.0
2012-6,E07000012,A60,4,4,1.0
2012-6,E07000012,A79,2,2,1.0
2012-6,E07000012,A81,2,2,1.0
2012-6,E07000012,A82,1,1,1.0
2012-6,E07000026,A60,3,3,1.0
2012-6,E07000026,A81,1,1,1.0
2012-6,E07000027,A41,1,1,1.0
2012-6,E07000027,A57,2,2,1.0
2012-6,E07000027,A73,1,1,1.0
2012-6,E07000028,A20,1,1,1.0
2012-6,E07000028,A41,1,1,1.0
2012-6,E07000028,A54,1,1,1.0
2012-6,E07000028,A57,1,1,1.0
2012-6,E07000028,A83,1,1,1.0
2012-6,E07000029,A41,2,1,2.0
2012-6,E07000029,A60,1,1,1.0
2012-6,E07000031,A41,1,1,1.0
2012-6,E07000031,A57,1,1,1.0
2012-6,E07000031,A60,4,4,1.0
2012-6,E07000031,A79,1,1,1.0
2012-6,E07000032,A29,1,1,1.0
2012-6,E07000032,A57,2,2,1.0
2012-6,E07000032,A82,1,1,1.0
2012-6,E07000033,A1,1,1,1.0
2012-6,E07000033,A41,1,1,1.0
2012-6,E07000033,A53,1,1,1.0
2012-6,E07000033,A56,1,1,1.0
2012-6,E07000033,A60,1,1,1.0
2012-6,E07000033,A79,1,1,1.0
2012-6,E07000034,A28,1,1,1.0
2012-6,E07000034,A41,1,1,1.0
2012-6,E07000034,A54,1,1,1.0
2012-6,E07000034,A60,4,3,1.3333333333333333
2012-6,E07000035,A12,1,1,1.0
2012-6,E07000035,A60,2,2,1.0
2012-6,E07000035,A81,1,1,1.0
2012-6,E07000036,A12,1,1,1.0
2012-6,E07000036,A41,2,1,2.0
2012-6,E07000036,A54,2,2,1.0
2012-6,E07000036,A57,1,1,1.0
2012-6,E07000036,A60,1,1,1.0
2012-6,E07000036,A81,1,1,1.0
2012-6,E07000037,A54,1,1,1.0
2012-6,E07000037,A57,2,2,1.0
2012-6,E07000037,A60,4,2,2.0
2012-6,E07000037,A79,1,1,1.0
2012-6,E07000038,A41,1,1,1.0
2012-6,E07000038,A57,1,1,1.0
2012-6,E07000038,A60,5,2,2.5
2012-6,E07000038,A86,1,1,1.0
2012-6,E07000039,A41,2,2,1.0
2012-6,E07000039,A60,4,4,1.0
2012-6,E07000040,A20,1,1,1.0
2012-6,E07000040,A29,3,3,1.0
2012-6,E07000040,A41,1,1,1.0
2012-6,E07000040,A53,1,1,1.0
2012-6,E07000040,A54,3,2,1.5
2012-6,E07000040,A56,2,1,2.0
2012-6,E07000040,A57,1,1,1.0
2012-6,E07000040,A60,2,2,1.0
2012-6,E07000040,A81,1,1,1.0
2012-6,E07000041,A24,1,1,1.0
2012-6,E07000041,A41,1,1,1.0
2012-6,E07000041,A56,1,1,1.0
2012-6,E07000041,A57,2,2,1.0
2012-6,E07000041,A60,3,3,1.0
2012-6,E07000041,A73,1,1,1.0
2012-6,E07000041,A81,1,1,1.0
2012-6,E07000042,A41,1,1,1.0
2012-6,E07000042,A53,1,1,1.0
2012-6,E07000042,A56,1,1,1.0
2012-6,E07000042,A60,3,3,1.0
2012-6,E07000042,A86,1,1,1.0
2012-6,E07000043,A20,1,1,1.0
2012-6,E07000043,A24,1,1,1.0
2012-6,E07000043,A29,1,1,1.0
2012-6,E07000043,A41,6,4,1.5
2012-6,E07000043,A54,1,1,1.0
2012-6,E07000043,A56,1,1,1.0
2012-6,E07000043,A57,3,3,1.0
2012-6,E07000043,A60,4,4,1.0
2012-6,E07000043,A73,2,1,2.0
2012-6,E07000044,A29,2,2,1.0
2012-6,E07000044,A41,2,1,2.0
2012-6,E07000044,A53,1,1,1.0
2012-6,E07000044,A54,1,1,1.0
2012-6,E07000044,A56,3,3,1.0
2012-6,E07000044,A57,2,2,1.0
2012-6,E07000044,A60,3,2,1.5
2012-6,E07000044,A81,1,1,1.0
2012-6,E07000044,A83,1,1,1.0
2012-6,E07000045,A60,9,7,1.2857142857142858
2012-6,E07000045,A81,1,1,1.0
2012-6,E07000046,A1,1,1,1.0
2012-6,E07000046,A12,1,1,1.0
2012-6,E07000046,A29,1,1,1.0
2012-6,E07000046,A41,5,4,1.25
2012-6,E07000046,A53,3,1,3.0
2012-6,E07000046,A54,3,3,1.0
2012-6,E07000046,A57,4,3,1.3333333333333333
2012-6,E07000046,A60,1,1,1.0
2012-6,E07000046,A73,1,1,1.0
2012-6,E07000046,A8,2,2,1.0
2012-6,E07000047,A56,1,1,1.0
2012-6,E07000047,A60,2,2,1.0
2012-6,E07000061,A41,1,1,1.0
2012-6,E07000061,A54,2,2,1.0
2012-6,E07000061,A60,1,1,1.0
2012-6,E07000062,A29,1,1,1.0
2012-6,E07000062,A41,2,2,1.0
2012-6,E07000062,A57,2,2,1.0
2012-6,E07000062,A60,1,1,1.0
2012-6,E07000062,A73,1,1,1.0
2012-6,E07000063,A54,1,1,1.0
2012-6,E07000063,A57,2,2,1.0
2012-6,E07000063,A60,2,2,1.0
2012-6,E07000063,A73,1,1,1.0
2012-6,E07000063,A81,1,1,1.0
2012-6,E07000064,A60,2,2,1.0
2012-6,E07000065,A41,7,2,3.5
2012-6,E07000065,A56,1,1,1.0
2012-6,E07000065,A57,1,1,1.0
2012-6,E07000065,A60,4,3,1.3333333333333333
2012-6,E07000065,A81,3,3,1.0
2012-6,E07000065,A83,1,1,1.0
2012-6,E07000066,A1,1,1,1.0
2012-6,E07000066,A24,1,1,1.0
2012-6,E07000066,A41,3,2,1.5
2012-6,E07000066,A56,2,2,1.0
2012-6,E07000066,A57,1,1,1.0
2012-6,E07000066,A60,4,4,1.0
2012-6,E07000066,A81,1,1,1.0
2012-6,E07000066,A83,1,1,1.0
2012-6,E07000067,A41,2,2,1.0
2012-6,E07000067,A54,1,1,1.0
2012-6,E07000067,A81,2,1,2.0
2012-6,E07000068,A29,1,1,1.0
2012-6,E07000068,A33,1,1,1.0
2012-6,E07000068,A41,8,2,4.0
2012-6,E07000068,A54,6,2,3.0
2012-6,E07000068,A57,1,1,1.0
2012-6,E07000068,A60,43,4,10.75
2012-6,E07000069,A41,3,3,1.0
2012-6,E07000069,A60,13,4,3.25
2012-6,E07000070,A1,1,1,1.0
2012-6,E07000070,A29,1,1,1.0
2012-6,E07000070,A41,1,1,1.0
2012-6,E07000070,A53,1,1,1.0
2012-6,E07000070,A57,1,1,1.0
2012-6,E07000070,A60,29,9,3.2222222222222223
2012-6,E07000070,A81,1,1,1.0
2012-6,E07000071,A24,1,1,1.0
2012-6,E07000071,A33,2,1,2.0
2012-6,E07000071,A41,3,1,3.0
2012-6,E07000071,A54,1,1,1.0
2012-6,E07000071,A57,3,2,1.5
2012-6,E07000071,A60,18,11,1.6363636363636365
2012-6,E07000071,A73,1,1,1.0
2012-6,E07000071,A81,3,2,1.5
2012-6,E07000072,A29,1,1,1.0
2012-6,E07000072,A41,1,1,1.0
2012-6,E07000072,A57,2,2,1.0
2012-6,E07000072,A60,12,4,3.0
2012-6,E07000072,A73,1,1,1.0
2012-6,E07000073,A57,1,1,1.0
2012-6,E07000073,A60,7,6,1.1666666666666667
2012-6,E07000075,A29,1,1,1.0
2012-6,E07000075,A41,2,2,1.0
2012-6,E07000075,A54,2,2,1.0
2012-6,E07000075,A57,1,1,1.0
2012-6,E07000075,A60,10,6,1.6666666666666667
2012-6,E07000075,A81,1,1,1.0
2012-6,E07000076,A41,3,3,1.0
2012-6,E07000076,A57,1,1,1.0
2012-6,E07000076,A60,1,1,1.0
2012-6,E07000076,A73,2,2,1.0
2012-6,E07000076,A81,1,1,1.0
2012-6,E07000077,A24,4,2,2.0
2012-6,E07000077,A54,1,1,1.0
2012-6,E07000077,A60,10,6,1.6666666666666667
2012-6,E07000078,A24,1,1,1.0
2012-6,E07000078,A29,2,2,1.0
2012-6,E07000078,A33,1,1,1.0
2012-6,E07000078,A41,4,4,1.0
2012-6,E07000078,A57,3,3,1.0
2012-6,E07000078,A60,12,8,1.5
2012-6,E07000078,A73,1,1,1.0
2012-6,E07000078,A81,3,3,1.0
2012-6,E07000078,A83,1,1,1.0
2012-6,E07000079,A41,2,2,1.0
2012-6,E07000079,A60,5,5,1.0
2012-6,E07000079,A81,1,1,1.0
2012-6,E07000080,A41,2,2,1.0
2012-6,E07000080,A60,4,3,1.3333333333333333
2012-6,E07000080,A81,1,1,1.0
2012-6,E07000081,A20,1,1,1.0
2012-6,E07000081,A81,1,1,1.0
2012-6,E07000082,A41,2,2,1.0
2012-6,E07000082,A54,1,1,1.0
2012-6,E07000082,A57,1,1,1.0
2012-6,E07000082,A60,6,3,2.0
2012-6,E07000082,A81,1,1,1.0
2012-6,E07000082,A83,2,2,1.0
2012-6,E07000083,A33,1,1,1.0
2012-6,E07000083,A41,1,1,1.0
2012-6,E07000083,A54,1,1,1.0
2012-6,E07000083,A60,1,1,1.0
2012-6,E07000084,A12,1,1,1.0
2012-6,E07000084,A20,1,1,1.0
2012-6,E07000084,A24,3,2,1.5
2012-6,E07000084,A29,4,3,1.3333333333333333
2012-6,E07000084,A33,2,1,2.0
2012-6,E07000084,A41,1,1,1.0
2012-6,E07000084,A53,4,2,2.0
2012-6,E07000084,A54,1,1,1.0
2012-6,E07000084,A56,1,1,1.0
2012-6,E07000084,A57,3,2,1.5
2012-6,E07000084,A60,5,5,1.0
2012-6,E07000084,A79,2,1,2.0
2012-6,E07000084,A86,1,1,1.0
2012-6,E07000085,A24,1,1,1.0
2012-6,E07000085,A29,1,1,1.0
2012-6,E07000085,A41,2,2,1.0
2012-6,E07000085,A57,1,1,1.0
2012-6,E07000085,A60,4,3,1.3333333333333333
2012-6,E07000086,A41,1,1,1.0
2012-6,E07000086,A54,3,2,1.5
2012-6,E07000086,A56,1,1,1.0
2012-6,E07000086,A57,1,1,1.0
2012-6,E07000086,A60,2,2,1.0
2012-6,E07000086,A81,1,1,1.0
2012-6,E07000086,A86,1,1,1.0
2012-6,E07000087,A1,1,1,1.0
2012-6,E07000087,A29,1,1,1.0
2012-6,E07000087,A33,1,1,1.0
2012-6,E07000087,A56,1,1,1.0
2012-6,E07000087,A60,1,1,1.0
2012-6,E07000087,A81,1,1,1.0
2012-6,E07000088,A20,1,1,1.0
2012-6,E07000088,A41,1,1,1.0
2012-6,E07000088,A56,1,1,1.0
2012-6,E07000088,A60,1,1,1.0
2012-6,E07000089,A24,1,1,1.0
2012-6,E07000089,A29,1,1,1.0
2012-6,E07000089,A41,2,2,1.0
2012-6,E07000089,A57,2,2,1.0
2012-6,E07000089,A60,5,5,1.0
2012-6,E07000089,A81,1,1,1.0
2012-6,E07000090,A53,1,1,1.0
2012-6,E07000090,A57,2,2,1.0
2012-6,E07000091,A1,2,2,1.0
2012-6,E07000091,A41,8,4,2.0
2012-6,E07000091,A56,4,3,1.3333333333333333
2012-6,E07000091,A57,2,2,1.0
2012-6,E07000091,A60,3,3,1.0
2012-6,E07000091,A79,1,1,1.0
2012-6,E07000091,A81,2,2,1.0
2012-6,E07000093,A1,1,1,1.0
2012-6,E07000093,A24,1,1,1.0
2012-6,E07000093,A29,1,1,1.0
2012-6,E07000093,A41,3,3,1.0
2012-6,E07000093,A53,1,1,1.0
2012-6,E07000093,A60,15,10,1.5
2012-6,E07000094,A20,1,1,1.0
2012-6,E07000094,A24,1,1,1.0
2012-6,E07000094,A33,1,1,1.0
2012-6,E07000094,A41,8,7,1.1428571428571428
2012-6,E07000094,A53,1,1,1.0
2012-6,E07000094,A54,3,3,1.0
2012-6,E07000094,A56,1,1,1.0
2012-6,E07000094,A57,5,5,1.0
2012-6,E07000094,A60,9,7,1.2857142857142858
2012-6,E07000094,A83,2,2,1.0
2012-6,E07000095,A56,1,1,1.0
2012-6,E07000095,A57,2,1,2.0
2012-6,E07000095,A60,1,1,1.0
2012-6,E07000096,A24,3,3,1.0
2012-6,E07000096,A29,2,2,1.0
2012-6,E07000096,A41,12,7,1.7142857142857142
2012-6,E07000096,A54,5,4,1.25
2012-6,E07000096,A56,2,2,1.0
2012-6,E07000096,A57,10,8,1.25
2012-6,E07000096,A60,25,11,2.272727272727273
2012-6,E07000096,A79,2,2,1.0
2012-6,E07000096,A81,8,6,1.3333333333333333
2012-6,E07000096,A82,1,1,1.0
2012-6,E07000096,A83,2,2,1.0
2012-6,E07000098,A24,1,1,1.0
2012-6,E07000098,A29,1,1,1.0
2012-6,E07000098,A54,2,2,1.0
2012-6,E07000098,A56,2,2,1.0
2012-6,E07000098,A57,2,2,1.0
2012-6,E07000098,A60,4,4,1.0
2012-6,E07000098,A81,1,1,1.0
2012-6,E07000099,A33,2,1,2.0
2012-6,E07000099,A41,2,1,2.0
2012-6,E07000099,A54,1,1,1.0
2012-6,E07000099,A60,5,3,1.6666666666666667
2012-6,E07000099,A81,2,1,2.0
2012-6,E07000099,A86,1,1,1.0
2012-6,E07000102,A29,1,1,1.0
2012-6,E07000102,A54,1,1,1.0
2012-6,E07000102,A60,1,1,1.0
2012-6,E07000102,A81,1,1,1.0
2012-6,E07000102,A86,1,1,1.0
2012-6,E07000103,A24,2,2,1.0
2012-6,E07000103,A29,2,1,2.0
2012-6,E07000103,A41,1,1,1.0
2012-6,E07000103,A54,1,1,1.0
2012-6,E07000103,A60,4,3,1.3333333333333333
2012-6,E07000103,A81,1,1,1.0
2012-6,E07000105,A1,1,1,1.0
2012-6,E07000105,A24,1,1,1.0
2012-6,E07000105,A41,2,2,1.0
2012-6,E07000105,A54,1,1,1.0
2012-6,E07000105,A57,1,1,1.0
2012-6,E07000105,A60,2,2,1.0
2012-6,E07000105,A83,1,1,1.0
2012-6,E07000105,A86,1,1,1.0
2012-6,E07000106,A1,1,1,1.0
2012-6,E07000106,A29,2,2,1.0
2012-6,E07000106,A41,1,1,1.0
2012-6,E07000106,A54,1,1,1.0
2012-6,E07000106,A57,4,4,1.0
2012-6,E07000106,A60,5,4,1.25
2012-6,E07000106,A73,3,1,3.0
2012-6,E07000107,A41,2,1,2.0
2012-6,E07000107,A57,2,1,2.0
2012-6,E07000107,A60,1,1,1.0
2012-6,E07000107,A73,4,1,4.0
2012-6,E07000107,A79,1,1,1.0
2012-6,E07000107,A86,1,1,1.0
2012-6,E07000108,A29,1,1,1.0
2012-6,E07000108,A57,3,2,1.5
2012-6,E07000108,A60,2,2,1.0
2012-6,E07000108,A73,1,1,1.0
2012-6,E07000109,A41,1,1,1.0
2012-6,E07000109,A54,1,1,1.0
2012-6,E07000109,A60,3,3,1.0
2012-6,E07000109,A81,1,1,1.0
2012-6,E07000110,A57,1,1,1.0
2012-6,E07000110,A60,2,2,1.0
2012-6,E07000110,A81,5,5,1.0
2012-6,E07000111,A41,2,2,1.0
2012-6,E07000111,A57,1,1,1.0
2012-6,E07000111,A60,1,1,1.0
2012-6,E07000111,A79,1,1,1.0
2012-6,E07000111,A81,2,2,1.0
2012-6,E07000111,A86,1,1,1.0
2012-6,E07000112,A20,1,1,1.0
2012-6,E07000112,A41,4,4,1.0
2012-6,E07000112,A57,1,1,1.0
2012-6,E07000112,A60,10,4,2.5
2012-6,E07000112,A81,1,1,1.0
2012-6,E07000113,A1,1,1,1.0
2012-6,E07000113,A54,2,2,1.0
2012-6,E07000113,A73,1,1,1.0
2012-6,E07000114,A1,1,1,1.0
2012-6,E07000114,A20,1,1,1.0
2012-6,E07000114,A29,4,2,2.0
2012-6,E07000114,A33,2,1,2.0
2012-6,E07000114,A41,2,1,2.0
2012-6,E07000114,A53,1,1,1.0
2012-6,E07000114,A54,1,1,1.0
2012-6,E07000114,A57,1,1,1.0
2012-6,E07000114,A60,4,1,4.0
2012-6,E07000114,A79,1,1,1.0
2012-6,E07000115,A29,1,1,1.0
2012-6,E07000115,A41,3,3,1.0
2012-6,E07000115,A54,2,2,1.0
2012-6,E07000115,A57,1,1,1.0
2012-6,E07000115,A60,1,1,1.0
2012-6,E07000115,A81,2,2,1.0
2012-6,E07000116,A29,2,1,2.0
2012-6,E07000116,A41,3,3,1.0
2012-6,E07000116,A54,1,1,1.0
2012-6,E07000116,A60,6,6,1.0
2012-6,E07000116,A83,1,1,1.0
2012-6,E07000117,A60,1,1,1.0
2012-6,E07000117,A86,1,1,1.0
2012-6,E07000118,A41,1,1,1.0
2012-6,E07000118,A54,3,2,1.5
2012-6,E07000118,A57,1,1,1.0
2012-6,E07000118,A81,2,2,1.0
2012-6,E07000119,A41,2,2,1.0
2012-6,E07000119,A53,1,1,1.0
2012-6,E07000119,A57,2,2,1.0
2012-6,E07000119,A60,6,6,1.0
2012-6,E07000119,A81,2,2,1.0
2012-6,E07000119,A82,2,2,1.0
2012-6,E07000120,A29,1,1,1.0
2012-6,E07000120,A54,1,1,1.0
2012-6,E07000120,A60,1,1,1.0
2012-6,E07000120,A73,1,1,1.0
2012-6,E07000121,A24,1,1,1.0
2012-6,E07000121,A33,1,1,1.0
2012-6,E07000121,A41,2,2,1.0
2012-6,E07000121,A54,3,3,1.0
2012-6,E07000121,A57,4,4,1.0
2012-6,E07000121,A60,2,2,1.0
2012-6,E07000121,A81,2,2,1.0
2012-6,E07000121,A83,1,1,1.0
2012-6,E07000121,A86,1,1,1.0
2012-6,E07000122,A20,1,1,1.0
2012-6,E07000122,A24,1,1,1.0
2012-6,E07000122,A41,6,2,3.0
2012-6,E07000122,A53,1,1,1.0
2012-6,E07000122,A73,1,1,1.0
2012-6,E07000123,A20,2,2,1.0
2012-6,E07000123,A24,1,1,1.0
2012-6,E07000123,A29,1,1,1.0
2012-6,E07000123,A41,1,1,1.0
2012-6,E07000123,A53,2,2,1.0
2012-6,E07000123,A56,1,1,1.0
2012-6,E07000123,A57,1,1,1.0
2012-6,E07000123,A73,2,1,2.0
2012-6,E07000123,A81,1,1,1.0
2012-6,E07000123,A86,1,1,1.0
2012-6,E07000124,A20,1,1,1.0
2012-6,E07000124,A41,1,1,1.0
2012-6,E07000124,A60,1,1,1.0
2012-6,E07000124,A82,1,1,1.0
2012-6,E07000125,A20,1,1,1.0
2012-6,E07000125,A54,2,2,1.0
2012-6,E07000125,A57,1,1,1.0
2012-6,E07000125,A81,2,2,1.0
2012-6,E07000126,A20,1,1,1.0
2012-6,E07000126,A24,2,1,2.0
2012-6,E07000126,A41,1,1,1.0
2012-6,E07000126,A54,1,1,1.0
2012-6,E07000126,A56,1,1,1.0
2012-6,E07000126,A57,1,1,1.0
2012-6,E07000126,A60,2,2,1.0
2012-6,E07000126,A81,1,1,1.0
2012-6,E07000127,A54,1,1,1.0
2012-6,E07000127,A60,1,1,1.0
2012-6,E07000127,A81,1,1,1.0
2012-6,E07000128,A24,2,1,2.0
2012-6,E07000128,A41,3,3,1.0
2012-6,E07000128,A54,1,1,1.0
2012-6,E07000128,A60,5,4,1.25
2012-6,E07000128,A81,2,2,1.0
2012-6,E07000128,A83,1,1,1.0
2012-6,E07000128,A86,1,1,1.0
2012-6,E07000129,A60,1,1,1.0
2012-6,E07000130,A57,1,1,1.0
2012-6,E07000130,A60,2,1,2.0
2012-6,E07000131,A20,1,1,1.0
2012-6,E07000131,A41,4,4,1.0
2012-6,E07000131,A54,2,2,1.0
2012-6,E07000131,A57,4,4,1.0
2012-6,E07000131,A79,1,1,1.0
2012-6,E07000131,A81,1,1,1.0
2012-6,E07000131,A83,1,1,1.0
2012-6,E07000132,A1,1,1,1.0
2012-6,E07000132,A29,1,1,1.0
2012-6,E07000132,A56,1,1,1.0
2012-6,E07000132,A60,1,1,1.0
2012-6,E07000134,A41,1,1,1.0
2012-6,E07000134,A57,1,1,1.0
2012-6,E07000134,A60,1,1,1.0
2012-6,E07000136,A41,1,1,1.0
2012-6,E07000137,A29,1,1,1.0
2012-6,E07000137,A57,2,2,1.0
2012-6,E07000137,A60,6,4,1.5
2012-6,E07000137,A81,1,1,1.0
2012-6,E07000138,A1,1,1,1.0
2012-6,E07000138,A29,2,2,1.0
2012-6,E07000138,A54,1,1,1.0
2012-6,E07000138,A56,1,1,1.0
2012-6,E07000138,A57,1,1,1.0
2012-6,E07000138,A60,1,1,1.0
2012-6,E07000139,A1,1,1,1.0
2012-6,E07000139,A29,3,1,3.0
2012-6,E07000139,A41,1,1,1.0
2012-6,E07000139,A57,1,1,1.0
2012-6,E07000139,A60,6,6,1.0
2012-6,E07000140,A41,1,1,1.0
2012-6,E07000140,A60,1,1,1.0
2012-6,E07000140,A73,2,1,2.0
2012-6,E07000140,A81,1,1,1.0
2012-6,E07000141,A24,1,1,1.0
2012-6,E07000141,A29,2,2,1.0
2012-6,E07000141,A41,4,3,1.3333333333333333
2012-6,E07000141,A53,1,1,1.0
2012-6,E07000141,A54,1,1,1.0
2012-6,E07000141,A57,4,4,1.0
2012-6,E07000141,A60,6,4,1.5
2012-6,E07000141,A81,1,1,1.0
2012-6,E07000142,A53,1,1,1.0
2012-6,E07000142,A54,2,2,1.0
2012-6,E07000142,A57,2,2,1.0
2012-6,E07000142,A60,3,3,1.0
2012-6,E07000142,A79,1,1,1.0
2012-6,E07000142,A81,2,1,2.0
2012-6,E07000143,A24,1,1,1.0
2012-6,E07000143,A41,1,1,1.0
2012-6,E07000143,A53,1,1,1.0
2012-6,E07000143,A55,1,1,1.0
2012-6,E07000143,A57,3,2,1.5
2012-6,E07000143,A60,2,1,2.0
2012-6,E07000143,A66,2,2,1.0
2012-6,E07000143,A83,3,1,3.0
2012-6,E07000144,A1,1,1,1.0
2012-6,E07000144,A41,1,1,1.0
2012-6,E07000144,A54,1,1,1.0
2012-6,E07000144,A57,1,1,1.0
2012-6,E07000144,A81,2,1,2.0
2012-6,E07000145,A29,1,1,1.0
2012-6,E07000145,A41,2,2,1.0
2012-6,E07000145,A53,2,1,2.0
2012-6,E07000145,A60,1,1,1.0
2012-6,E07000146,A29,1,1,1.0
2012-6,E07000146,A41,2,2,1.0
2012-6,E07000146,A54,1,1,1.0
2012-6,E07000146,A60,4,4,1.0
2012-6,E07000146,A66,2,1,2.0
2012-6,E07000146,A81,1,1,1.0
2012-6,E07000146,A83,1,1,1.0
2012-6,E07000147,A66,2,2,1.0
2012-6,E07000148,A12,1,1,1.0
2012-6,E07000148,A20,1,1,1.0
2012-6,E07000148,A29,1,1,1.0
2012-6,E07000148,A54,3,2,1.5
2012-6,E07000148,A57,1,1,1.0
2012-6,E07000148,A73,1,1,1.0
2012-6,E07000149,A20,1,1,1.0
2012-6,E07000149,A29,1,1,1.0
2012-6,E07000149,A54,1,1,1.0
2012-6,E07000149,A56,1,1,1.0
2012-6,E07000149,A57,2,2,1.0
2012-6,E07000149,A60,6,6,1.0
2012-6,E07000149,A66,1,1,1.0
2012-6,E07000149,A81,1,1,1.0
2012-6,E07000150,A54,1,1,1.0
2012-6,E07000151,A29,2,2,1.0
2012-6,E07000151,A41,2,2,1.0
2012-6,E07000151,A54,1,1,1.0
2012-6,E07000151,A57,1,1,1.0
2012-6,E07000151,A60,3,2,1.5
2012-6,E07000151,A79,1,1,1.0
2012-6,E07000153,A41,1,1,1.0
2012-6,E07000153,A54,2,2,1.0
2012-6,E07000153,A56,2,2,1.0
2012-6,E07000153,A57,1,1,1.0
2012-6,E07000153,A60,2,2,1.0
2012-6,E07000154,A29,5,4,1.25
2012-6,E07000154,A41,1,1,1.0
2012-6,E07000154,A54,1,1,1.0
2012-6,E07000154,A57,1,1,1.0
2012-6,E07000154,A60,1,1,1.0
2012-6,E07000154,A81,1,1,1.0
2012-6,E07000155,A41,5,3,1.6666666666666667
2012-6,E07000155,A60,1,1,1.0
2012-6,E07000156,A29,1,1,1.0
2012-6,E07000156,A60,1,1,1.0
2012-6,E07000163,A29,2,2,1.0
2012-6,E07000163,A54,1,1,1.0
2012-6,E07000164,A41,1,1,1.0
2012-6,E07000164,A53,2,2,1.0
2012-6,E07000164,A60,2,2,1.0
2012-6,E07000165,A41,3,3,1.0
2012-6,E07000165,A54,2,2,1.0
2012-6,E07000165,A56,1,1,1.0
2012-6,E07000165,A57,1,1,1.0
2012-6,E07000165,A60,15,12,1.25
2012-6,E07000165,A73,1,1,1.0
2012-6,E07000165,A79,1,1,1.0
2012-6,E07000165,A83,1,1,1.0
2012-6,E07000166,A60,1,1,1.0
2012-6,E07000167,A41,5,2,2.5
2012-6,E07000167,A60,6,4,1.5
2012-6,E07000167,A83,1,1,1.0
2012-6,E07000168,A1,1,1,1.0
2012-6,E07000168,A41,1,1,1.0
2012-6,E07000168,A57,2,2,1.0
2012-6,E07000168,A60,1,1,1.0
2012-6,E07000169,A41,1,1,1.0
2012-6,E07000169,A53,1,1,1.0
2012-6,E07000169,A57,4,1,4.0
2012-6,E07000169,A60,2,1,2.0
2012-6,E07000170,A24,2,2,1.0
2012-6,E07000170,A41,1,1,1.0
2012-6,E07000170,A60,1,1,1.0
2012-6,E07000170,A86,2,1,2.0
2012-6,E07000171,A41,1,1,1.0
2012-6,E07000171,A73,1,1,1.0
2012-6,E07000171,A79,1,1,1.0
2012-6,E07000172,A60,4,3,1.3333333333333333
2012-6,E07000172,A73,1,1,1.0
2012-6,E07000172,A81,1,1,1.0
2012-6,E07000173,A33,2,1,2.0
2012-6,E07000173,A41,1,1,1.0
2012-6,E07000173,A53,1,1,1.0
2012-6,E07000173,A54,2,1,2.0
2012-6,E07000173,A60,3,3,1.0
2012-6,E07000173,A81,5,5,1.0
2012-6,E07000174,A20,1,1,1.0
2012-6,E07000174,A54,2,2,1.0
2012-6,E07000174,A81,1,1,1.0
2012-6,E07000174,A86,1,1,1.0
2012-6,E07000175,A20,1,1,1.0
2012-6,E07000175,A24,1,1,1.0
2012-6,E07000175,A41,1,1,1.0
2012-6,E07000175,A53,1,1,1.0
2012-6,E07000175,A54,1,1,1.0
2012-6,E07000175,A60,2,2,1.0
2012-6,E07000175,A79,1,1,1.0
2012-6,E07000176,A54,1,1,1.0
2012-6,E07000176,A57,1,1,1.0
2012-6,E07000176,A60,2,2,1.0
2012-6,E07000177,A41,3,3,1.0
2012-6,E07000177,A57,1,1,1.0
2012-6,E07000177,A60,6,5,1.2
2012-6,E07000177,A83,1,1,1.0
2012-6,E07000178,A29,1,1,1.0
2012-6,E07000178,A41,5,3,1.6666666666666667
2012-6,E07000178,A54,1,1,1.0
2012-6,E07000178,A57,1,1,1.0
2012-6,E07000178,A60,3,3,1.0
2012-6,E07000178,A63,1,1,1.0
2012-6,E07000178,A81,1,1,1.0
2012-6,E07000178,A83,1,1,1.0
2012-6,E07000178,A86,2,2,1.0
2012-6,E07000179,A24,1,1,1.0
2012-6,E07000179,A29,3,3,1.0
2012-6,E07000179,A41,9,5,1.8
2012-6,E07000179,A57,2,1,2.0
2012-6,E07000179,A60,12,9,1.3333333333333333
2012-6,E07000179,A81,1,1,1.0
2012-6,E07000180,A24,3,3,1.0
2012-6,E07000180,A41,1,1,1.0
2012-6,E07000180,A54,2,2,1.0
2012-6,E07000180,A60,6,6,1.0
2012-6,E07000180,A81,2,2,1.0
2012-6,E07000180,A82,1,1,1.0
2012-6,E07000181,A24,1,1,1.0
2012-6,E07000181,A41,1,1,1.0
2012-6,E07000181,A57,2,2,1.0
2012-6,E07000181,A60,9,8,1.125
2012-6,E07000181,A63,1,1,1.0
2012-6,E07000181,A73,1,1,1.0
2012-6,E07000187,A41,1,1,1.0
2012-6,E07000187,A56,1,1,1.0
2012-6,E07000187,A57,2,2,1.0
2012-6,E07000187,A60,2,2,1.0
2012-6,E07000187,A81,1,1,1.0
2012-6,E07000188,A29,1,1,1.0
2012-6,E07000188,A41,1,1,1.0
2012-6,E07000188,A56,1,1,1.0
2012-6,E07000188,A57,1,1,1.0
2012-6,E07000188,A60,2,2,1.0
2012-6,E07000188,A81,3,2,1.5
2012-6,E07000188,A82,2,1,2.0
2012-6,E07000188,A83,1,1,1.0
2012-6,E07000188,A86,1,1,1.0
2012-6,E07000189,A1,1,1,1.0
2012-6,E07000189,A24,1,1,1.0
2012-6,E07000189,A29,2,2,1.0
2012-6,E07000189,A41,1,1,1.0
2012-6,E07000189,A54,1,1,1.0
2012-6,E07000189,A56,1,1,1.0
2012-6,E07000189,A57,3,2,1.5
2012-6,E07000189,A60,5,4,1.25
2012-6,E07000189,A83,1,1,1.0
2012-6,E07000189,A86,2,2,1.0
2012-6,E07000192,A29,1,1,1.0
2012-6,E07000192,A53,1,1,1.0
2012-6,E07000192,A54,1,1,1.0
2012-6,E07000192,A60,1,1,1.0
2012-6,E07000193,A41,1,1,1.0
2012-6,E07000193,A56,1,1,1.0
2012-6,E07000193,A57,3,1,3.0
2012-6,E07000193,A60,1,1,1.0
2012-6,E07000194,A29,2,2,1.0
2012-6,E07000194,A33,1,1,1.0
2012-6,E07000194,A41,4,4,1.0
2012-6,E07000194,A54,2,2,1.0
2012-6,E07000194,A57,1,1,1.0
2012-6,E07000194,A60,6,3,2.0
2012-6,E07000194,A73,1,1,1.0
2012-6,E07000194,A79,3,3,1.0
2012-6,E07000194,A82,1,1,1.0
2012-6,E07000195,A29,1,1,1.0
2012-6,E07000195,A41,3,3,1.0
2012-6,E07000195,A54,2,2,1.0
2012-6,E07000195,A73,3,3,1.0
2012-6,E07000195,A81,3,2,1.5
2012-6,E07000196,A73,1,1,1.0
2012-6,E07000197,A1,1,1,1.0
2012-6,E07000197,A24,1,1,1.0
2012-6,E07000197,A41,1,1,1.0
2012-6,E07000197,A57,4,3,1.3333333333333333
2012-6,E07000197,A60,1,1,1.0
2012-6,E07000198,A41,1,1,1.0
2012-6,E07000198,A54,1,1,1.0
2012-6,E07000198,A57,3,1,3.0
2012-6,E07000198,A60,5,3,1.6666666666666667
2012-6,E07000198,A86,1,1,1.0
2012-6,E07000199,A29,1,1,1.0
2012-6,E07000199,A57,1,1,1.0
2012-6,E07000199,A73,1,1,1.0
2012-6,E07000202,A1,1,1,1.0
2012-6,E07000202,A20,4,1,4.0
2012-6,E07000202,A33,4,2,2.0
2012-6,E07000202,A41,1,1,1.0
2012-6,E07000202,A53,1,1,1.0
2012-6,E07000202,A54,1,1,1.0
2012-6,E07000202,A57,1,1,1.0
2012-6,E07000202,A60,1,1,1.0
2012-6,E07000202,A81,4,1,4.0
2012-6,E07000202,A83,3,1,3.0
2012-6,E07000203,A41,1,1,1.0
2012-6,E07000203,A57,1,1,1.0
2012-6,E07000203,A60,2,2,1.0
2012-6,E07000207,A29,3,3,1.0
2012-6,E07000207,A41,5,3,1.6666666666666667
2012-6,E07000207,A54,1,1,1.0
2012-6,E07000207,A56,1,1,1.0
2012-6,E07000207,A57,3,3,1.0
2012-6,E07000207,A60,5,3,1.6666666666666667
2012-6,E07000208,A1,1,1,1.0
2012-6,E07000208,A54,2,2,1.0
2012-6,E07000208,A56,1,1,1.0
2012-6,E07000208,A60,2,2,1.0
2012-6,E07000209,A28,2,1,2.0
2012-6,E07000209,A41,5,2,2.5
2012-6,E07000209,A54,3,3,1.0
2012-6,E07000209,A55,3,3,1.0
2012-6,E07000209,A57,2,2,1.0
2012-6,E07000209,A60,1,1,1.0
2012-6,E07000209,A83,1,1,1.0
2012-6,E07000209,A86,4,4,1.0
2012-6,E07000210,A29,1,1,1.0
2012-6,E07000210,A41,5,4,1.25
2012-6,E07000210,A53,4,2,2.0
2012-6,E07000210,A54,1,1,1.0
2012-6,E07000210,A55,1,1,1.0
2012-6,E07000210,A60,8,5,1.6
2012-6,E07000210,A81,1,1,1.0
2012-6,E07000211,A1,2,2,1.0
2012-6,E07000211,A41,1,1,1.0
2012-6,E07000211,A56,1,1,1.0
2012-6,E07000211,A60,2,2,1.0
2012-6,E07000211,A79,1,1,1.0
2012-6,E07000212,A29,3,2,1.5
2012-6,E07000212,A33,1,1,1.0
2012-6,E07000212,A41,3,3,1.0
2012-6,E07000212,A56,1,1,1.0
2012-6,E07000212,A57,1,1,1.0
2012-6,E07000212,A60,3,2,1.5
2012-6,E07000213,A20,1,1,1.0
2012-6,E07000213,A41,1,1,1.0
2012-6,E07000213,A54,1,1,1.0
2012-6,E07000213,A60,3,3,1.0
2012-6,E07000213,A79,1,1,1.0
2012-6,E07000214,A1,1,1,1.0
2012-6,E07000214,A56,1,1,1.0
2012-6,E07000214,A60,2,2,1.0
2012-6,E07000214,A83,1,1,1.0
2012-6,E07000215,A29,1,1,1.0
2012-6,E07000215,A41,4,3,1.3333333333333333
2012-6,E07000215,A54,1,1,1.0
2012-6,E07000215,A56,1,1,1.0
2012-6,E07000215,A57,3,2,1.5
2012-6,E07000215,A60,8,5,1.6
2012-6,E07000215,A73,1,1,1.0
2012-6,E07000215,A81,1,1,1.0
2012-6,E07000215,A83,1,1,1.0
2012-6,E07000215,A86,1,1,1.0
2012-6,E07000216,A41,1,1,1.0
2012-6,E07000216,A54,2,2,1.0
2012-6,E07000216,A55,1,1,1.0
2012-6,E07000216,A60,10,7,1.4285714285714286
2012-6,E07000216,A83,1,1,1.0
2012-6,E07000217,A41,2,2,1.0
2012-6,E07000217,A53,1,1,1.0
2012-6,E07000217,A54,1,1,1.0
2012-6,E07000217,A56,1,1,1.0
2012-6,E07000217,A57,1,1,1.0
2012-6,E07000217,A60,4,4,1.0
2012-6,E07000217,A83,3,2,1.5
2012-6,E07000218,A29,1,1,1.0
2012-6,E07000218,A57,1,1,1.0
2012-6,E07000218,A60,1,1,1.0
2012-6,E07000219,A56,1,1,1.0
2012-6,E07000219,A57,1,1,1.0
2012-6,E07000220,A54,1,1,1.0
2012-6,E07000220,A60,1,1,1.0
2012-6,E07000220,A73,2,2,1.0
2012-6,E07000220,A79,1,1,1.0
2012-6,E07000221,A57,1,1,1.0
2012-6,E07000221,A60,2,1,2.0
2012-6,E07000222,A41,4,2,2.0
2012-6,E07000222,A60,3,2,1.5
2012-6,E07000223,A1,1,1,1.0
2012-6,E07000223,A41,1,1,1.0
2012-6,E07000223,A57,1,1,1.0
2012-6,E07000223,A60,2,2,1.0
2012-6,E07000223,A79,1,1,1.0
2012-6,E07000223,A81,1,1,1.0
2012-6,E07000224,A41,4,4,1.0
2012-6,E07000224,A57,5,2,2.5
2012-6,E07000224,A60,5,5,1.0
2012-6,E07000224,A81,2,1,2.0
2012-6,E07000224,A83,1,1,1.0
2012-6,E07000225,A24,2,1,2.0
2012-6,E07000225,A29,1,1,1.0
2012-6,E07000225,A41,2,2,1.0
2012-6,E07000225,A60,4,4,1.0
2012-6,E07000226,A1,1,1,1.0
2012-6,E07000226,A24,1,1,1.0
2012-6,E07000226,A54,1,1,1.0
2012-6,E07000226,A57,1,1,1.0
2012-6,E07000226,A60,3,3,1.0
2012-6,E07000226,A73,1,1,1.0
2012-6,E07000227,A54,1,1,1.0
2012-6,E07000227,A57,1,1,1.0
2012-6,E07000227,A60,10,3,3.3333333333333335
2012-6,E07000227,A79,1,1,1.0
2012-6,E07000227,A83,1,1,1.0
2012-6,E07000228,A29,1,1,1.0
2012-6,E07000228,A33,1,1,1.0
2012-6,E07000228,A41,3,3,1.0
2012-6,E07000228,A56,2,2,1.0
2012-6,E07000228,A57,3,3,1.0
2012-6,E07000228,A60,1,1,1.0
2012-6,E07000228,A79,8,3,2.6666666666666665
2012-6,E07000228,A83,1,1,1.0
2012-6,E07000228,A86,1,1,1.0
2012-6,E07000229,A29,1,1,1.0
2012-6,E07000229,A57,3,3,1.0
2012-6,E07000229,A60,1,1,1.0
2012-6,E07000234,A41,2,2,1.0
2012-6,E07000234,A54,2,2,1.0
2012-6,E07000234,A56,1,1,1.0
2012-6,E07000234,A57,2,2,1.0
2012-6,E07000234,A81,1,1,1.0
2012-6,E07000235,A29,1,1,1.0
2012-6,E07000235,A41,1,1,1.0
2012-6,E07000235,A53,1,1,1.0
2012-6,E07000235,A54,2,2,1.0
2012-6,E07000235,A60,7,3,2.3333333333333335
2012-6,E07000235,A66,1,1,1.0
2012-6,E07000235,A81,2,2,1.0
2012-6,E07000235,A83,1,1,1.0
2012-6,E07000236,A29,1,1,1.0
2012-6,E07000236,A41,1,1,1.0
2012-6,E07000236,A54,2,2,1.0
2012-6,E07000236,A57,1,1,1.0
2012-6,E07000236,A60,2,2,1.0
2012-6,E07000236,A81,1,1,1.0
2012-6,E07000237,A20,1,1,1.0
2012-6,E07000237,A24,1,1,1.0
2012-6,E07000237,A57,1,1,1.0
2012-6,E07000238,A20,1,1,1.0
2012-6,E07000238,A29,1,1,1.0
2012-6,E07000238,A41,1,1,1.0
2012-6,E07000238,A81,1,1,1.0
2012-6,E07000239,A20,1,1,1.0
2012-6,E07000239,A28,1,1,1.0
2012-6,E07000239,A29,2,1,2.0
2012-6,E07000239,A41,3,2,1.5
2012-6,E07000239,A53,1,1,1.0
2012-6,E07000239,A54,1,1,1.0
2012-6,E07000239,A60,4,4,1.0
2012-6,E07000240,A1,1,1,1.0
2012-6,E07000240,A24,3,3,1.0
2012-6,E07000240,A29,2,1,2.0
2012-6,E07000240,A41,2,2,1.0
2012-6,E07000240,A57,1,1,1.0
2012-6,E07000240,A60,8,8,1.0
2012-6,E07000240,A63,1,1,1.0
2012-6,E07000240,A79,1,1,1.0
2012-6,E07000240,A81,2,2,1.0
2012-6,E07000241,A29,5,3,1.6666666666666667
2012-6,E07000241,A41,4,4,1.0
2012-6,E07000241,A54,2,2,1.0
2012-6,E07000241,A57,3,2,1.5
2012-6,E07000241,A60,4,3,1.3333333333333333
2012-6,E07000241,A81,4,4,1.0
2012-6,E07000241,A86,1,1,1.0
2012-6,E07000242,A41,5,3,1.6666666666666667
2012-6,E07000242,A54,2,2,1.0
2012-6,E07000242,A60,8,8,1.0
2012-6,E07000243,A54,1,1,1.0
2012-6,E07000243,A60,5,4,1.25
2012-6,E07000244,A1,1,1,1.0
2012-6,E07000244,A41,3,3,1.0
2012-6,E07000244,A53,1,1,1.0
2012-6,E07000244,A54,6,2,3.0
2012-6,E07000244,A60,1,1,1.0
2012-6,E07000244,A73,2,2,1.0
2012-6,E07000245,A24,1,1,1.0
2012-6,E07000245,A53,1,1,1.0
2012-6,E07000245,A54,1,1,1.0
2012-6,E07000246,A29,1,1,1.0
2012-6,E07000246,A41,1,1,1.0
2012-6,E07000246,A53,1,1,1.0
2012-6,E07000246,A60,2,2,1.0
2012-6,E07000246,A81,1,1,1.0
2012-6,E08000001,A24,2,2,1.0
2012-6,E08000001,A29,1,1,1.0
2012-6,E08000001,A54,1,1,1.0
2012-6,E08000001,A56,1,1,1.0
2012-6,E08000001,A57,1,1,1.0
2012-6,E08000001,A60,3,3,1.0
2012-6,E08000001,A73,1,1,1.0
2012-6,E08000001,A81,2,2,1.0
2012-6,E08000002,A28,1,1,1.0
2012-6,E08000002,A29,2,2,1.0
2012-6,E08000002,A41,8,4,2.0
2012-6,E08000002,A54,2,1,2.0
2012-6,E08000002,A57,5,3,1.6666666666666667
2012-6,E08000002,A60,14,8,1.75
2012-6,E08000002,A79,3,3,1.0
2012-6,E08000002,A81,1,1,1.0
2012-6,E08000003,A20,1,1,1.0
2012-6,E08000003,A29,4,4,1.0
2012-6,E08000003,A33,1,1,1.0
2012-6,E08000003,A41,21,6,3.5
2012-6,E08000003,A54,2,2,1.0
2012-6,E08000003,A57,2,2,1.0
2012-6,E08000003,A60,22,17,1.2941176470588236
2012-6,E08000003,A73,3,2,1.5
2012-6,E08000003,A79,1,1,1.0
2012-6,E08000003,A81,3,3,1.0
2012-6,E08000003,A83,1,1,1.0
2012-6,E08000003,A86,1,1,1.0
2012-6,E08000004,A41,6,3,2.0
2012-6,E08000004,A53,2,2,1.0
2012-6,E08000004,A56,1,1,1.0
2012-6,E08000004,A57,1,1,1.0
2012-6,E08000004,A60,10,8,1.25
2012-6,E08000004,A73,1,1,1.0
2012-6,E08000004,A81,1,1,1.0
2012-6,E08000004,A83,2,2,1.0
2012-6,E08000005,A1,1,1,1.0
2012-6,E08000005,A20,1,1,1.0
2012-6,E08000005,A60,1,1,1.0
2012-6,E08000005,A73,1,1,1.0
2012-6,E08000005,A81,1,1,1.0
2012-6,E08000005,A83,1,1,1.0
2012-6,E08000006,A20,1,1,1.0
2012-6,E08000006,A29,1,1,1.0
2012-6,E08000006,A41,10,5,2.0
2012-6,E08000006,A53,1,1,1.0
2012-6,E08000006,A54,1,1,1.0
2012-6,E08000006,A56,1,1,1.0
2012-6,E08000006,A57,2,2,1.0
2012-6,E08000006,A60,3,3,1.0
2012-6,E08000006,A73,1,1,1.0
2012-6,E08000006,A79,1,1,1.0
2012-6,E08000006,A83,3,3,1.0
2012-6,E08000007,A20,2,2,1.0
2012-6,E08000007,A33,1,1,1.0
2012-6,E08000007,A41,3,3,1.0
2012-6,E08000007,A53,1,1,1.0
2012-6,E08000007,A54,2,2,1.0
2012-6,E08000007,A57,3,3,1.0
2012-6,E08000007,A60,17,12,1.4166666666666667
2012-6,E08000007,A81,2,2,1.0
2012-6,E08000008,A29,1,1,1.0
2012-6,E08000008,A57,2,2,1.0
2012-6,E08000008,A60,4,4,1.0
2012-6,E08000008,A81,1,1,1.0
2012-6,E08000009,A1,1,1,1.0
2012-6,E08000009,A29,2,2,1.0
2012-6,E08000009,A54,1,1,1.0
2012-6,E08000009,A57,2,2,1.0
2012-6,E08000009,A60,1,1,1.0
2012-6,E08000009,A81,1,1,1.0
2012-6,E08000009,A83,1,1,1.0
2012-6,E08000010,A24,3,3,1.0
2012-6,E08000010,A29,1,1,1.0
2012-6,E08000010,A41,1,1,1.0
2012-6,E08000010,A54,3,3,1.0
2012-6,E08000010,A57,1,1,1.0
2012-6,E08000010,A60,1,1,1.0
2012-6,E08000010,A73,1,1,1.0
2012-6,E08000010,A83,1,1,1.0
2012-6,E08000011,A57,1,1,1.0
2012-6,E08000011,A60,1,1,1.0
2012-6,E08000011,A79,1,1,1.0
2012-6,E08000011,A81,4,4,1.0
2012-6,E08000012,A1,2,2,1.0
2012-6,E08000012,A24,1,1,1.0
2012-6,E08000012,A33,3,2,1.5
2012-6,E08000012,A41,2,2,1.0
2012-6,E08000012,A53,1,1,1.0
2012-6,E08000012,A54,5,5,1.0
2012-6,E08000012,A56,2,2,1.0
2012-6,E08000012,A57,1,1,1.0
2012-6,E08000012,A60,1,1,1.0
2012-6,E08000012,A81,2,2,1.0
2012-6,E08000013,A29,1,1,1.0
2012-6,E08000014,A20,2,2,1.0
2012-6,E08000014,A29,1,1,1.0
2012-6,E08000014,A53,2,1,2.0
2012-6,E08000014,A54,1,1,1.0
2012-6,E08000014,A57,1,1,1.0
2012-6,E08000014,A60,1,1,1.0
2012-6,E08000015,A20,1,1,1.0
2012-6,E08000015,A29,3,3,1.0
2012-6,E08000015,A33,1,1,1.0
2012-6,E08000015,A41,1,1,1.0
2012-6,E08000015,A54,1,1,1.0
2012-6,E08000015,A56,1,1,1.0
2012-6,E08000015,A57,1,1,1.0
2012-6,E08000015,A60,7,5,1.4
2012-6,E08000016,A20,2,2,1.0
2012-6,E08000016,A29,3,2,1.5
2012-6,E08000016,A54,3,3,1.0
2012-6,E08000016,A56,1,1,1.0
2012-6,E08000016,A60,3,3,1.0
2012-6,E08000016,A81,3,3,1.0
2012-6,E08000017,A20,2,2,1.0
2012-6,E08000017,A29,1,1,1.0
2012-6,E08000017,A41,4,4,1.0
2012-6,E08000017,A53,1,1,1.0
2012-6,E08000017,A54,4,4,1.0
2012-6,E08000017,A57,4,3,1.3333333333333333
2012-6,E08000017,A60,6,5,1.2
2012-6,E08000017,A81,1,1,1.0
2012-6,E08000017,A83,1,1,1.0
2012-6,E08000018,A24,1,1,1.0
2012-6,E08000018,A29,4,2,2.0
2012-6,E08000018,A41,3,3,1.0
2012-6,E08000018,A53,3,3,1.0
2012-6,E08000018,A60,2,2,1.0
2012-6,E08000018,A79,1,1,1.0
2012-6,E08000018,A81,2,2,1.0
2012-6,E08000019,A1,2,2,1.0
2012-6,E08000019,A20,1,1,1.0
2012-6,E08000019,A24,8,6,1.3333333333333333
2012-6,E08000019,A29,6,5,1.2
2012-6,E08000019,A41,18,10,1.8
2012-6,E08000019,A53,7,7,1.0
2012-6,E08000019,A54,9,8,1.125
2012-6,E08000019,A56,6,5,1.2
2012-6,E08000019,A57,8,7,1.1428571428571428
2012-6,E08000019,A60,16,16,1.0
2012-6,E08000019,A73,2,2,1.0
2012-6,E08000019,A79,6,3,2.0
2012-6,E08000019,A81,6,6,1.0
2012-6,E08000019,A83,1,1,1.0
2012-6,E08000019,A86,2,2,1.0
2012-6,E08000021,A28,1,1,1.0
2012-6,E08000021,A33,1,1,1.0
2012-6,E08000021,A41,2,2,1.0
2012-6,E08000021,A54,3,2,1.5
2012-6,E08000021,A57,6,4,1.5
2012-6,E08000021,A60,1,1,1.0
2012-6,E08000021,A73,1,1,1.0
2012-6,E08000021,A86,1,1,1.0
2012-6,E08000022,A33,1,1,1.0
2012-6,E08000022,A41,2,2,1.0
2012-6,E08000022,A60,3,3,1.0
2012-6,E08000022,A73,1,1,1.0
2012-6,E08000022,A86,1,1,1.0
2012-6,E08000024,A53,1,1,1.0
2012-6,E08000024,A54,1,1,1.0
2012-6,E08000024,A57,2,2,1.0
2012-6,E08000024,A60,2,1,2.0
2012-6,E08000024,A81,2,2,1.0
2012-6,E08000025,A1,4,4,1.0
2012-6,E08000025,A12,1,1,1.0
2012-6,E08000025,A20,5,5,1.0
2012-6,E08000025,A24,2,2,1.0
2012-6,E08000025,A29,6,6,1.0
2012-6,E08000025,A33,4,4,1.0
2012-6,E08000025,A41,18,15,1.2
2012-6,E08000025,A53,3,3,1.0
2012-6,E08000025,A54,13,13,1.0
2012-6,E08000025,A56,7,4,1.75
2012-6,E08000025,A57,8,6,1.3333333333333333
2012-6,E08000025,A60,22,15,1.4666666666666666
2012-6,E08000025,A73,9,8,1.125
2012-6,E08000025,A79,6,5,1.2
2012-6,E08000025,A81,4,2,2.0
2012-6,E08000025,A83,7,4,1.75
2012-6,E08000025,A86,4,3,1.3333333333333333
2012-6,E08000026,A1,2,2,1.0
2012-6,E08000026,A33,2,1,2.0
2012-6,E08000026,A41,5,4,1.25
2012-6,E08000026,A54,2,1,2.0
2012-6,E08000026,A57,2,2,1.0
2012-6,E08000026,A60,3,3,1.0
2012-6,E08000026,A73,1,1,1.0
2012-6,E08000026,A81,1,1,1.0
2012-6,E08000026,A83,1,1,1.0
2012-6,E08000026,A86,1,1,1.0
2012-6,E08000027,A1,1,1,1.0
2012-6,E08000027,A24,1,1,1.0
2012-6,E08000027,A33,1,1,1.0
2012-6,E08000027,A41,4,4,1.0
2012-6,E08000027,A53,3,3,1.0
2012-6,E08000027,A54,2,2,1.0
2012-6,E08000027,A56,2,1,2.0
2012-6,E08000027,A57,1,1,1.0
2012-6,E08000027,A60,10,4,2.5
2012-6,E08000027,A81,1,1,1.0
2012-6,E08000027,A86,1,1,1.0
2012-6,E08000028,A20,2,2,1.0
2012-6,E08000028,A29,3,3,1.0
2012-6,E08000028,A41,3,3,1.0
2012-6,E08000028,A54,6,6,1.0
2012-6,E08000028,A56,1,1,1.0
2012-6,E08000028,A57,4,4,1.0
2012-6,E08000028,A60,5,4,1.25
2012-6,E08000028,A63,1,1,1.0
2012-6,E08000028,A73,1,1,1.0
2012-6,E08000028,A79,3,3,1.0
2012-6,E08000028,A81,2,2,1.0
2012-6,E08000028,A82,1,1,1.0
2012-6,E08000028,A86,2,2,1.0
2012-6,E08000029,A1,1,1,1.0
2012-6,E08000029,A41,1,1,1.0
2012-6,E08000029,A57,2,2,1.0
2012-6,E08000029,A60,1,1,1.0
2012-6,E08000029,A81,1,1,1.0
2012-6,E08000030,A41,6,2,3.0
2012-6,E08000030,A54,1,1,1.0
2012-6,E08000030,A60,7,5,1.4
2012-6,E08000030,A81,1,1,1.0
2012-6,E08000030,A83,3,2,1.5
2012-6,E08000031,A41,2,2,1.0
2012-6,E08000031,A53,1,1,1.0
2012-6,E08000031,A54,1,1,1.0
2012-6,E08000031,A79,1,1,1.0
2012-6,E08000031,A81,1,1,1.0
2012-6,E08000032,A24,3,3,1.0
2012-6,E08000032,A29,4,2,2.0
2012-6,E08000032,A33,2,1,2.0
2012-6,E08000032,A41,5,4,1.25
2012-6,E08000032,A54,2,2,1.0
2012-6,E08000032,A56,1,1,1.0
2012-6,E08000032,A57,1,1,1.0
2012-6,E08000032,A60,7,7,1.0
2012-6,E08000032,A73,1,1,1.0
2012-6,E08000032,A79,1,1,1.0
2012-6,E08000032,A81,5,3,1.6666666666666667
2012-6,E08000032,A83,1,1,1.0
2012-6,E08000033,A29,1,1,1.0
2012-6,E08000033,A33,1,1,1.0
2012-6,E08000033,A41,4,3,1.3333333333333333
2012-6,E08000033,A54,2,2,1.0
2012-6,E08000033,A56,2,2,1.0
2012-6,E08000033,A57,3,3,1.0
2012-6,E08000033,A60,1,1,1.0
2012-6,E08000033,A73,1,1,1.0
2012-6,E08000033,A81,2,1,2.0
2012-6,E08000034,A20,1,1,1.0
2012-6,E08000034,A28,1,1,1.0
2012-6,E08000034,A33,1,1,1.0
2012-6,E08000034,A41,5,5,1.0
2012-6,E08000034,A54,3,3,1.0
2012-6,E08000034,A57,5,4,1.25
2012-6,E08000034,A60,9,9,1.0
2012-6,E08000035,A1,1,1,1.0
2012-6,E08000035,A20,2,2,1.0
2012-6,E08000035,A28,1,1,1.0
2012-6,E08000035,A29,2,2,1.0
2012-6,E08000035,A41,10,8,1.25
2012-6,E08000035,A53,1,1,1.0
2012-6,E08000035,A54,1,1,1.0
2012-6,E08000035,A56,1,1,1.0
2012-6,E08000035,A57,8,7,1.1428571428571428
2012-6,E08000035,A60,14,12,1.1666666666666667
2012-6,E08000035,A63,1,1,1.0
2012-6,E08000035,A73,7,6,1.1666666666666667
2012-6,E08000035,A79,2,2,1.0
2012-6,E08000035,A81,5,5,1.0
2012-6,E08000035,A82,1,1,1.0
2012-6,E08000035,A83,1,1,1.0
2012-6,E08000035,A86,1,1,1.0
2012-6,E08000036,A29,2,2,1.0
2012-6,E08000036,A41,1,1,1.0
2012-6,E08000036,A54,2,2,1.0
2012-6,E08000036,A56,1,1,1.0
2012-6,E08000036,A57,2,2,1.0
2012-6,E08000036,A60,7,6,1.1666666666666667
2012-6,E08000036,A73,1,1,1.0
2012-6,E08000037,A29,1,1,1.0
2012-6,E08000037,A33,1,1,1.0
2012-6,E08000037,A41,3,2,1.5
2012-6,E08000037,A56,1,1,1.0
2012-6,E08000037,A60,1,1,1.0
2012-6,E08000037,A81,2,1,2.0
2012-6,E08000037,A86,2,1,2.0
2012-6,E09000001,A71,3,2,1.5
2012-6,E09000001,A8,1,1,1.0
2012-6,E09000002,A22,2,2,1.0
2012-6,E09000002,A56,1,1,1.0
2012-6,E09000002,A71,9,3,3.0
2012-6,E09000003,A1,33,29,1.1379310344827587
2012-6,E09000003,A2,48,21,2.2857142857142856
2012-6,E09000003,A20,14,6,2.3333333333333335
2012-6,E09000003,A21,2,2,1.0
2012-6,E09000003,A28,39,2,19.5
2012-6,E09000003,A29,94,59,1.5932203389830508
2012-6,E09000003,A32,45,24,1.875
2012-6,E09000003,A33,44,4,11.0
2012-6,E09000003,A37,1,1,1.0
2012-6,E09000003,A47,11,7,1.5714285714285714
2012-6,E09000003,A48,7,6,1.1666666666666667
2012-6,E09000003,A55,48,44,1.0909090909090908
2012-6,E09000003,A57,79,43,1.8372093023255813
2012-6,E09000003,A60,167,34,4.911764705882353
2012-6,E09000003,A72,8,8,1.0
2012-6,E09000003,A8,11,9,1.2222222222222223
2012-6,E09000003,A81,20,18,1.1111111111111112
2012-6,E09000003,A83,9,4,2.25
2012-6,E09000004,A71,2,2,1.0
2012-6,E09000004,A77,1,1,1.0
2012-6,E09000004,A91,1,1,1.0
2012-6,E09000005,A16,1,1,1.0
2012-6,E09000005,A22,11,8,1.375
2012-6,E09000005,A71,3,3,1.0
2012-6,E09000005,A77,1,1,1.0
2012-6,E09000005,A79,1,1,1.0
2012-6,E09000005,A8,4,4,1.0
2012-6,E09000005,A80,1,1,1.0
2012-6,E09000005,A83,1,1,1.0
2012-6,E09000006,A1,31,30,1.0333333333333334
2012-6,E09000006,A16,7,7,1.0
2012-6,E09000006,A22,84,70,1.2
2012-6,E09000006,A27,1,1,1.0
2012-6,E09000006,A33,7,7,1.0
2012-6,E09000006,A34,20,18,1.1111111111111112
2012-6,E09000006,A47,11,11,1.0
2012-6,E09000006,A52,31,31,1.0
2012-6,E09000006,A53,7,7,1.0
2012-6,E09000006,A55,87,78,1.1153846153846154
2012-6,E09000006,A57,37,37,1.0
2012-6,E09000006,A69,47,36,1.3055555555555556
2012-6,E09000006,A78,2,2,1.0
2012-6,E09000006,A79,45,41,1.0975609756097562
2012-6,E09000006,A8,35,29,1.206896551724138
2012-6,E09000006,A81,42,39,1.0769230769230769
2012-6,E09000006,A83,6,6,1.0
2012-6,E09000007,A1,5,3,1.6666666666666667
2012-6,E09000007,A22,3,3,1.0
2012-6,E09000007,A24,4,2,2.0
2012-6,E09000007,A47,3,2,1.5
2012-6,E09000007,A56,1,1,1.0
2012-6,E09000007,A71,12,5,2.4
2012-6,E09000007,A77,1,1,1.0
2012-6,E09000007,A81,1,1,1.0
2012-6,E09000007,A83,1,1,1.0
2012-6,E09000007,A86,1,1,1.0
2012-6,E09000008,A15,1,1,1.0
2012-6,E09000008,A22,7,5,1.4
2012-6,E09000008,A24,2,2,1.0
2012-6,E09000008,A56,2,2,1.0
2012-6,E09000008,A6,1,1,1.0
2012-6,E09000008,A71,2,2,1.0
2012-6,E09000008,A8,2,2,1.0
2012-6,E09000008,A80,2,2,1.0
2012-6,E09000008,A81,4,4,1.0
2012-6,E09000008,A83,1,1,1.0
2012-6,E09000008,A91,1,1,1.0
2012-6,E09000009,A1,1,1,1.0
2012-6,E09000009,A22,3,3,1.0
2012-6,E09000009,A24,2,2,1.0
2012-6,E09000009,A33,1,1,1.0
2012-6,E09000009,A71,6,5,1.2
2012-6,E09000009,A8,2,2,1.0
2012-6,E09000009,A81,1,1,1.0
2012-6,E09000010,A22,6,6,1.0
2012-6,E09000010,A33,1,1,1.0
2012-6,E09000010,A6,1,1,1.0
2012-6,E09000010,A71,5,5,1.0
2012-6,E09000010,A79,1,1,1.0
2012-6,E09000010,A80,1,1,1.0
2012-6,E09000010,A81,2,2,1.0
2012-6,E09000011,A1,1,1,1.0
2012-6,E09000011,A22,1,1,1.0
2012-6,E09000011,A24,1,1,1.0
2012-6,E09000011,A33,3,2,1.5
2012-6,E09000011,A56,2,2,1.0
2012-6,E09000011,A71,3,3,1.0
2012-6,E09000011,A80,1,1,1.0
2012-6,E09000011,A81,2,2,1.0
2012-6,E09000011,A86,3,2,1.5
2012-6,E09000012,A22,1,1,1.0
2012-6,E09000012,A24,1,1,1.0
2012-6,E09000012,A6,1,1,1.0
2012-6,E09000012,A71,3,3,1.0
2012-6,E09000012,A8,1,1,1.0
2012-6,E09000012,A80,1,1,1.0
2012-6,E09000012,A81,2,2,1.0
2012-6,E09000012,A86,3,2,1.5
2012-6,E09000013,A22,2,2,1.0
2012-6,E09000013,A71,7,6,1.1666666666666667
2012-6,E09000014,A1,1,1,1.0
2012-6,E09000014,A16,1,1,1.0
2012-6,E09000014,A22,5,4,1.25
2012-6,E09000014,A33,1,1,1.0
2012-6,E09000014,A6,3,2,1.5
2012-6,E09000014,A71,4,3,1.3333333333333333
2012-6,E09000014,A8,1,1,1.0
2012-6,E09000014,A81,1,1,1.0
2012-6,E09000014,A91,1,1,1.0
2012-6,E09000015,A1,1,1,1.0
2012-6,E09000015,A71,6,6,1.0
2012-6,E09000015,A8,1,1,1.0
2012-6,E09000015,A81,1,1,1.0
2012-6,E09000016,A1,1,1,1.0
2012-6,E09000016,A71,4,1,4.0
2012-6,E09000016,A79,2,2,1.0
2012-6,E09000017,A15,2,2,1.0
2012-6,E09000017,A24,3,3,1.0
2012-6,E09000017,A71,10,5,2.0
2012-6,E09000017,A8,1,1,1.0
2012-6,E09000017,A81,1,1,1.0
2012-6,E09000017,A86,1,1,1.0
2012-6,E09000018,A15,1,1,1.0
2012-6,E09000018,A22,4,3,1.3333333333333333
2012-6,E09000018,A24,1,1,1.0
2012-6,E09000018,A47,1,1,1.0
2012-6,E09000018,A56,1,1,1.0
2012-6,E09000018,A71,12,8,1.5
2012-6,E09000018,A79,1,1,1.0
2012-6,E09000018,A8,2,2,1.0
2012-6,E09000018,A81,1,1,1.0
2012-6,E09000019,A15,1,1,1.0
2012-6,E09000019,A22,4,3,1.3333333333333333
2012-6,E09000019,A24,2,2,1.0
2012-6,E09000019,A6,1,1,1.0
2012-6,E09000019,A71,4,4,1.0
2012-6,E09000019,A79,2,2,1.0
2012-6,E09000019,A80,1,1,1.0
2012-6,E09000019,A83,1,1,1.0
2012-6,E09000019,A86,2,2,1.0
2012-6,E09000020,A22,1,1,1.0
2012-6,E09000020,A24,1,1,1.0
2012-6,E09000020,A71,3,3,1.0
2012-6,E09000021,A1,1,1,1.0
2012-6,E09000021,A22,1,1,1.0
2012-6,E09000021,A24,1,1,1.0
2012-6,E09000021,A56,1,1,1.0
2012-6,E09000021,A71,7,5,1.4
2012-6,E09000021,A79,1,1,1.0
2012-6,E09000021,A80,2,2,1.0
2012-6,E09000022,A15,2,2,1.0
2012-6,E09000022,A22,10,7,1.4285714285714286
2012-6,E09000022,A24,2,1,2.0
2012-6,E09000022,A33,5,2,2.5
2012-6,E09000022,A47,3,2,1.5
2012-6,E09000022,A56,1,1,1.0
2012-6,E09000022,A6,3,3,1.0
2012-6,E09000022,A71,31,19,1.631578947368421
2012-6,E09000022,A8,3,3,1.0
2012-6,E09000022,A80,4,3,1.3333333333333333
2012-6,E09000023,A1,1,1,1.0
2012-6,E09000023,A22,9,5,1.8
2012-6,E09000023,A33,3,3,1.0
2012-6,E09000023,A56,1,1,1.0
2012-6,E09000023,A71,5,4,1.25
2012-6,E09000023,A79,1,1,1.0
2012-6,E09000023,A81,2,2,1.0
2012-6,E09000023,A83,1,1,1.0
2012-6,E09000023,A86,1,1,1.0
2012-6,E09000024,A22,6,4,1.5
2012-6,E09000024,A24,3,3,1.0
2012-6,E09000024,A33,1,1,1.0
2012-6,E09000024,A47,1,1,1.0
2012-6,E09000024,A6,1,1,1.0
2012-6,E09000024,A71,6,6,1.0
2012-6,E09000024,A79,1,1,1.0
2012-6,E09000025,A22,2,2,1.0
2012-6,E09000025,A71,1,1,1.0
2012-6,E09000025,A86,1,1,1.0
2012-6,E09000026,A22,2,2,1.0
2012-6,E09000026,A71,1,1,1.0
2012-6,E09000026,A8,1,1,1.0
2012-6,E09000026,A86,1,1,1.0
2012-6,E09000027,A22,2,2,1.0
2012-6,E09000027,A24,2,1,2.0
2012-6,E09000027,A71,7,6,1.1666666666666667
2012-6,E09000027,A81,1,1,1.0
2012-6,E09000027,A86,1,1,1.0
2012-6,E09000028,A1,1,1,1.0
2012-6,E09000028,A22,3,3,1.0
2012-6,E09000028,A71,14,10,1.4
2012-6,E09000028,A8,2,2,1.0
2012-6,E09000028,A80,1,1,1.0
2012-6,E09000028,A81,2,2,1.0
2012-6,E09000028,A86,2,2,1.0
2012-6,E09000029,A1,1,1,1.0
2012-6,E09000029,A22,3,3,1.0
2012-6,E09000029,A71,4,2,2.0
2012-6,E09000029,A83,1,1,1.0
2012-6,E09000030,A22,1,1,1.0
2012-6,E09000030,A71,5,5,1.0
2012-6,E09000030,A79,1,1,1.0
2012-6,E09000030,A8,1,1,1.0
2012-6,E09000030,A86,1,1,1.0
2012-6,E09000031,A22,6,4,1.5
2012-6,E09000031,A24,1,1,1.0
2012-6,E09000031,A33,1,1,1.0
2012-6,E09000031,A47,1,1,1.0
2012-6,E09000031,A6,1,1,1.0
2012-6,E09000031,A71,3,3,1.0
2012-6,E09000031,A79,2,2,1.0
2012-6,E09000031,A83,1,1,1.0
2012-6,E09000032,A22,6,5,1.2
2012-6,E09000032,A24,2,2,1.0
2012-6,E09000032,A71,19,18,1.0555555555555556
2012-6,E09000032,A79,1,1,1.0
2012-6,E09000032,A8,1,1,1.0
2012-6,E09000032,A80,1,1,1.0
2012-6,E09000032,A86,2,2,1.0
2012-6,E09000032,A91,1,1,1.0
2012-6,E09000033,A1,2,2,1.0
2012-6,E09000033,A22,1,1,1.0
2012-6,E09000033,A71,10,6,1.6666666666666667
2012-6,E09000033,A79,1,1,1.0
2012-6,E09000033,A8,3,3,1.0
2012-6,E09000033,A81,1,1,1.0
2012-6,E09000033,A86,1,1,1.0
2012-6,S12000006,A41,1,1,1.0
2012-6,S12000006,A60,4,2,2.0
2012-6,S12000006,A73,1,1,1.0
2012-6,S12000008,A60,1,1,1.0
2012-6,S12000010,A57,1,1,1.0
2012-6,S12000011,A1,2,1,2.0
2012-6,S12000011,A41,3,3,1.0
2012-6,S12000011,A54,1,1,1.0
2012-6,S12000011,A57,1,1,1.0
2012-6,S12000011,A60,5,3,1.6666666666666667
2012-6,S12000011,A81,1,1,1.0
2012-6,S12000013,A60,1,1,1.0
2012-6,S12000014,A20,2,2,1.0
2012-6,S12000014,A29,3,1,3.0
2012-6,S12000014,A41,7,4,1.75
2012-6,S12000014,A53,2,2,1.0
2012-6,S12000014,A56,1,1,1.0
2012-6,S12000014,A57,7,7,1.0
2012-6,S12000014,A60,10,10,1.0
2012-6,S12000014,A81,4,4,1.0
2012-6,S12000014,A83,1,1,1.0
2012-6,S12000014,A86,1,1,1.0
2012-6,S12000017,A41,2,2,1.0
2012-6,S12000017,A54,2,1,2.0
2012-6,S12000017,A60,2,2,1.0
2012-6,S12000017,A79,2,1,2.0
2012-6,S12000018,A56,1,1,1.0
2012-6,S12000019,A41,1,1,1.0
2012-6,S12000019,A60,1,1,1.0
2012-6,S12000019,A82,1,1,1.0
2012-6,S12000020,A60,1,1,1.0
2012-6,S12000021,A29,1,1,1.0
2012-6,S12000021,A41,3,2,1.5
2012-6,S12000021,A57,2,2,1.0
2012-6,S12000021,A81,2,2,1.0
2012-6,S12000021,A83,2,2,1.0
2012-6,S12000026,A41,1,1,1.0
2012-6,S12000026,A60,1,1,1.0
2012-6,S12000026,A81,1,1,1.0
2012-6,S12000028,A29,1,1,1.0
2012-6,S12000028,A41,1,1,1.0
2012-6,S12000028,A60,1,1,1.0
2012-6,S12000028,A81,1,1,1.0
2012-6,S12000028,A83,1,1,1.0
2012-6,S12000029,A20,3,2,1.5
2012-6,S12000029,A41,3,3,1.0
2012-6,S12000029,A53,1,1,1.0
2012-6,S12000029,A60,3,2,1.5
2012-6,S12000029,A81,1,1,1.0
2012-6,S12000029,A83,1,1,1.0
2012-6,S12000030,A41,1,1,1.0
2012-6,S12000030,A54,2,2,1.0
2012-6,S12000030,A60,1,1,1.0
2012-6,S12000033,A1,2,2,1.0
2012-6,S12000033,A24,1,1,1.0
2012-6,S12000033,A41,5,4,1.25
2012-6,S12000033,A53,1,1,1.0
2012-6,S12000033,A54,2,2,1.0
2012-6,S12000033,A57,2,2,1.0
2012-6,S12000033,A60,1,1,1.0
2012-6,S12000033,A81,4,1,4.0
2012-6,S12000034,A1,1,1,1.0
2012-6,S12000034,A41,2,1,2.0
2012-6,S12000034,A60,1,1,1.0
2012-6,S12000036,A1,3,3,1.0
2012-6,S12000036,A20,3,3,1.0
2012-6,S12000036,A24,1,1,1.0
2012-6,S12000036,A33,3,3,1.0
2012-6,S12000036,A41,9,7,1.2857142857142858
2012-6,S12000036,A53,2,2,1.0
2012-6,S12000036,A54,1,1,1.0
2012-6,S12000036,A57,10,10,1.0
2012-6,S12000036,A60,8,7,1.1428571428571428
2012-6,S12000036,A73,9,8,1.125
2012-6,S12000036,A79,1,1,1.0
2012-6,S12000036,A81,16,6,2.6666666666666665
2012-6,S12000036,A83,3,3,1.0
2012-6,S12000036,A86,2,2,1.0
2012-6,S12000038,A41,1,1,1.0
2012-6,S12000038,A53,1,1,1.0
2012-6,S12000038,A57,1,1,1.0
2012-6,S12000038,A60,4,4,1.0
2012-6,S12000038,A86,1,1,1.0
2012-6,S12000039,A20,2,2,1.0
2012-6,S12000039,A54,1,1,1.0
2012-6,S12000039,A60,1,1,1.0
2012-6,S12000039,A81,2,2,1.0
2012-6,S12000040,A41,4,4,1.0
2012-6,S12000040,A57,2,2,1.0
2012-6,S12000040,A60,1,1,1.0
2012-6,S12000040,A81,1,1,1.0
2012-6,S12000041,A60,2,2,1.0
2012-6,S12000042,A41,1,1,1.0
2012-6,S12000042,A60,1,1,1.0
2012-6,S12000045,A20,1,1,1.0
2012-6,S12000045,A41,4,2,2.0
2012-6,S12000045,A54,2,2,1.0
2012-6,S12000045,A73,1,1,1.0
2012-6,S12000045,A81,1,1,1.0
2012-6,S12000045,A82,1,1,1.0
2012-6,S12000047,A20,1,1,1.0
2012-6,S12000047,A24,1,1,1.0
2012-6,S12000047,A41,1,1,1.0
2012-6,S12000047,A54,1,1,1.0
2012-6,S12000047,A57,3,3,1.0
2012-6,S12000047,A60,6,4,1.5
2012-6,S12000047,A79,1,1,1.0
2012-6,S12000047,A81,2,2,1.0
2012-6,S12000048,A41,1,1,1.0
2012-6,S12000048,A60,1,1,1.0
2012-6,S12000049,A20,6,6,1.0
2012-6,S12000049,A24,2,2,1.0
2012-6,S12000049,A28,1,1,1.0
2012-6,S12000049,A29,5,4,1.25
2012-6,S12000049,A33,2,2,1.0
2012-6,S12000049,A41,8,7,1.1428571428571428
2012-6,S12000049,A54,6,5,1.2
2012-6,S12000049,A56,2,2,1.0
2012-6,S12000049,A57,3,3,1.0
2012-6,S12000049,A60,28,20,1.4
2012-6,S12000049,A73,1,1,1.0
2012-6,S12000049,A79,2,2,1.0
2012-6,S12000049,A81,2,2,1.0
2012-6,S12000049,A82,1,1,1.0
2012-6,S12000049,A86,3,3,1.0
2012-6,S12000050,A20,2,1,2.0
2012-6,S12000050,A24,1,1,1.0
2012-6,S12000050,A29,1,1,1.0
2012-6,S12000050,A33,1,1,1.0
2012-6,S12000050,A41,3,3,1.0
2012-6,S12000050,A54,3,3,1.0
2012-6,S12000050,A57,1,1,1.0
2012-6,S12000050,A60,3,3,1.0
2012-6,S12000050,A73,2,2,1.0
2012-6,S12000050,A81,1,1,1.0
2012-6,W06000001,A56,1,1,1.0
2012-6,W06000002,A29,1,1,1.0
2012-6,W06000002,A41,1,1,1.0
2012-6,W06000003,A1,1,1,1.0
2012-6,W06000003,A20,1,1,1.0
2012-6,W06000003,A54,1,1,1.0
2012-6,W06000003,A60,4,3,1.3333333333333333
2012-6,W06000003,A81,1,1,1.0
2012-6,W06000003,A82,2,1,2.0
2012-6,W06000004,A41,1,1,1.0
2012-6,W06000004,A54,1,1,1.0
2012-6,W06000004,A57,1,1,1.0
2012-6,W06000004,A83,1,1,1.0
2012-6,W06000004,A86,1,1,1.0
2012-6,W06000005,A24,2,2,1.0
2012-6,W06000005,A29,1,1,1.0
2012-6,W06000005,A41,1,1,1.0
2012-6,W06000005,A57,5,3,1.6666666666666667
2012-6,W06000005,A81,1,1,1.0
2012-6,W06000009,A33,1,1,1.0
2012-6,W06000009,A41,2,2,1.0
2012-6,W06000009,A54,1,1,1.0
2012-6,W06000009,A60,4,3,1.3333333333333333
2012-6,W06000009,A83,2,2,1.0
2012-6,W06000010,A20,1,1,1.0
2012-6,W06000010,A60,1,1,1.0
2012-6,W06000011,A1,1,1,1.0
2012-6,W06000011,A20,15,1,15.0
2012-6,W06000011,A24,5,3,1.6666666666666667
2012-6,W06000011,A41,8,1,8.0
2012-6,W06000011,A53,1,1,1.0
2012-6,W06000011,A54,2,1,2.0
2012-6,W06000011,A57,3,2,1.5
2012-6,W06000011,A60,4,4,1.0
2012-6,W06000011,A79,3,1,3.0
2012-6,W06000011,A81,4,3,1.3333333333333333
2012-6,W06000011,A83,14,1,14.0
2012-6,W06000012,A41,1,1,1.0
2012-6,W06000012,A57,1,1,1.0
2012-6,W06000012,A79,1,1,1.0
2012-6,W06000013,A41,5,4,1.25
2012-6,W06000013,A54,2,2,1.0
2012-6,W06000013,A56,1,1,1.0
2012-6,W06000013,A57,1,1,1.0
2012-6,W06000013,A60,5,5,1.0
2012-6,W06000013,A81,2,2,1.0
2012-6,W06000014,A41,1,1,1.0
2012-6,W06000014,A56,1,1,1.0
2012-6,W06000014,A57,1,1,1.0
2012-6,W06000014,A79,1,1,1.0
2012-6,W06000014,A81,1,1,1.0
2012-6,W06000015,A12,1,1,1.0
2012-6,W06000015,A24,2,2,1.0
2012-6,W06000015,A29,3,3,1.0
2012-6,W06000015,A33,1,1,1.0
2012-6,W06000015,A41,3,3,1.0
2012-6,W06000015,A56,1,1,1.0
2012-6,W06000015,A57,13,9,1.4444444444444444
2012-6,W06000015,A60,6,6,1.0
2012-6,W06000015,A73,8,5,1.6
2012-6,W06000015,A79,3,2,1.5
2012-6,W06000015,A86,1,1,1.0
2012-6,W06000016,A12,1,1,1.0
2012-6,W06000016,A41,1,1,1.0
2012-6,W06000016,A57,1,1,1.0
2012-6,W06000016,A60,1,1,1.0
2012-6,W06000018,A56,1,1,1.0
2012-6,W06000018,A57,1,1,1.0
2012-6,W06000018,A60,2,2,1.0
2012-6,W06000019,A56,1,1,1.0
2012-6,W06000020,A57,1,1,1.0
2012-6,W06000020,A60,2,2,1.0
2012-6,W06000021,A20,1,1,1.0
2012-6,W06000021,A24,1,1,1.0
2012-6,W06000021,A29,2,2,1.0
2012-6,W06000021,A33,2,1,2.0
2012-6,W06000021,A41,2,2,1.0
2012-6,W06000021,A54,1,1,1.0
2012-6,W06000021,A57,2,2,1.0
2012-6,W06000021,A60,7,5,1.4
2012-6,W06000021,A81,2,2,1.0
2012-6,W06000021,A83,1,1,1.0
2012-6,W06000022,A20,1,1,1.0
2012-6,W06000022,A33,1,1,1.0
2012-6,W06000022,A41,1,1,1.0
2012-6,W06000022,A53,1,1,1.0
2012-6,W06000022,A54,1,1,1.0
2012-6,W06000022,A60,2,2,1.0
2012-6,W06000022,A79,1,1,1.0
2012-6,W06000023,A41,1,1,1.0
2012-6,W06000023,A60,1,1,1.0
2012-6,W06000024,A60,2,2,1.0
