lad,SHEF_A_CODE,reports,unique_users,average_per_user
E06000017,A1,12,12,1.0
E06000022,A1,1332,880,1.5136363636363637
E06000031,A1,379,325,1.166153846153846
E06000038,A1,1,1,1.0
E06000045,A1,19,19,1.0
E06000046,A1,994,272,3.6544117647058822
E06000060,A1,249,230,1.0826086956521739
E07000061,A1,3,3,1.0
E07000062,A1,14,14,1.0
E07000063,A1,8,8,1.0
E07000064,A1,24,22,1.0909090909090908
E07000065,A1,123,114,1.0789473684210527
E07000089,A1,1013,862,1.1751740139211138
E07000165,A1,167,154,1.0844155844155845
E07000177,A1,117,104,1.125
E07000178,A1,118,104,1.1346153846153846
E07000179,A1,137,126,1.0873015873015872
E07000180,A1,115,103,1.116504854368932
E07000181,A1,64,62,1.032258064516129
E07000194,A1,34,29,1.1724137931034482
E07000218,A1,6,5,1.2
E07000219,A1,11,11,1.0
E07000220,A1,11,8,1.375
E07000221,A1,4,4,1.0
E07000222,A1,16,16,1.0
E07000242,A1,74,64,1.15625
E07000243,A1,4471,1477,3.02708192281652
E09000003,A1,614,541,1.1349353049907578
E09000004,A1,1659,1259,1.3177124702144558
E09000006,A1,9182,7000,1.3117142857142856
E09000011,A1,4044,2817,1.4355697550585729
E09000012,A1,132,58,2.2758620689655173
E09000018,A1,622,278,2.237410071942446
E09000023,A1,1,1,1.0
E09000033,A1,951,105,9.057142857142857
S12000036,A1,1,1,1.0
W06000015,A1,4,4,1.0
E06000017,A11,21,21,1.0
E06000049,A11,252,2,126.0
E06000060,A11,818,705,1.1602836879432623
E07000136,A11,39,16,2.4375
E07000137,A11,66,24,2.75
E07000138,A11,38,17,2.235294117647059
E07000139,A11,74,31,2.3870967741935485
E07000140,A11,68,24,2.8333333333333335
E07000141,A11,89,39,2.282051282051282
E07000142,A11,56,29,1.9310344827586208
E06000022,A12,317,184,1.7228260869565217
E06000031,A12,24,21,1.1428571428571428
E06000038,A12,1,1,1.0
E06000045,A12,52,29,1.793103448275862
E06000046,A12,52,5,10.4
E07000138,A12,4,1,4.0
E07000139,A12,2,2,1.0
E07000140,A12,1,1,1.0
E07000142,A12,2,2,1.0
E07000150,A12,2,2,1.0
E07000151,A12,6,5,1.2
E07000152,A12,7,5,1.4
E07000153,A12,4,4,1.0
E07000154,A12,38,30,1.2666666666666666
E07000155,A12,2,2,1.0
E07000156,A12,4,3,1.3333333333333333
E07000178,A12,99,49,2.020408163265306
E07000194,A12,1,1,1.0
E07000218,A12,6,5,1.2
E07000219,A12,19,13,1.4615384615384615
E07000220,A12,2,2,1.0
E07000221,A12,19,18,1.0555555555555556
E07000222,A12,23,17,1.3529411764705883
E07000243,A12,32,16,2.0
E09000003,A12,3,3,1.0
E09000004,A12,25,20,1.25
E09000006,A12,93,83,1.1204819277108433
E09000011,A12,7,6,1.1666666666666667
E09000003,A15,19,19,1.0
E06000017,A16,9,8,1.125
E06000022,A16,654,329,1.987841945288754
E06000031,A16,1,1,1.0
E06000045,A16,9,7,1.2857142857142858
E06000046,A16,516,28,18.428571428571427
E06000052,A16,1,1,1.0
E06000057,A16,1,1,1.0
E07000032,A16,1,1,1.0
E07000033,A16,1,1,1.0
E07000036,A16,1,1,1.0
E07000116,A16,1,1,1.0
E07000134,A16,1,1,1.0
E07000149,A16,1,1,1.0
E07000155,A16,1,1,1.0
E07000165,A16,6,6,1.0
E07000175,A16,1,1,1.0
E07000180,A16,1,1,1.0
E07000188,A16,1,1,1.0
E07000214,A16,1,1,1.0
E07000222,A16,1,1,1.0
E07000242,A16,1,1,1.0
E07000243,A16,438,127,3.4488188976377954
E08000002,A16,1,1,1.0
E08000009,A16,1,1,1.0
E09000003,A16,7,6,1.1666666666666667
E09000004,A16,688,485,1.418556701030928
E09000006,A16,2460,2129,1.1554720526068576
E09000011,A16,972,891,1.0909090909090908
E09000018,A16,241,95,2.536842105263158
E09000023,A16,1,1,1.0
E09000033,A16,137,30,4.566666666666666
E06000018,A17,1,1,1.0
E06000022,A17,304,199,1.5276381909547738
E06000025,A17,1,1,1.0
E06000031,A17,1,1,1.0
E06000037,A17,1,1,1.0
E06000046,A17,162,3,54.0
E07000009,A17,1,1,1.0
E07000011,A17,1,1,1.0
E07000031,A17,1,1,1.0
E07000033,A17,1,1,1.0
E07000061,A17,11,10,1.1
E07000062,A17,27,25,1.08
E07000063,A17,48,47,1.0212765957446808
E07000064,A17,49,44,1.1136363636363635
E07000065,A17,65,62,1.0483870967741935
E07000105,A17,1,1,1.0
E07000110,A17,1,1,1.0
E07000120,A17,1,1,1.0
E07000131,A17,1,1,1.0
E07000134,A17,1,1,1.0
E07000139,A17,1,1,1.0
E07000150,A17,7,7,1.0
E07000151,A17,39,29,1.3448275862068966
E07000152,A17,29,24,1.2083333333333333
E07000153,A17,30,22,1.3636363636363635
E07000154,A17,6,6,1.0
E07000155,A17,40,25,1.6
E07000156,A17,19,17,1.1176470588235294
E07000172,A17,1,1,1.0
E07000175,A17,1,1,1.0
E07000177,A17,200,155,1.2903225806451613
E07000178,A17,75,67,1.1194029850746268
E07000179,A17,216,186,1.1612903225806452
E07000180,A17,188,156,1.205128205128205
E07000181,A17,121,108,1.1203703703703705
E07000194,A17,1,1,1.0
E07000212,A17,1,1,1.0
E07000222,A17,2,2,1.0
E08000002,A17,1,1,1.0
E08000008,A17,1,1,1.0
E09000018,A17,308,148,2.081081081081081
E07000243,A19,170,40,4.25
E06000022,A2,2932,1284,2.283489096573209
E06000045,A2,58,52,1.1153846153846154
E09000003,A2,1740,1221,1.425061425061425
E06000022,A20,439,265,1.6566037735849057
E06000031,A20,20,20,1.0
E06000038,A20,2,2,1.0
E06000045,A20,204,138,1.4782608695652173
E06000046,A20,431,29,14.862068965517242
E06000060,A20,25,20,1.25
E07000061,A20,37,15,2.466666666666667
E07000062,A20,15,15,1.0
E07000063,A20,16,10,1.6
E07000064,A20,30,29,1.0344827586206897
E07000065,A20,39,36,1.0833333333333333
E07000089,A20,84,73,1.1506849315068493
E07000151,A20,1,1,1.0
E07000165,A20,59,51,1.1568627450980393
E07000177,A20,32,25,1.28
E07000178,A20,20,17,1.1764705882352942
E07000179,A20,21,19,1.105263157894737
E07000180,A20,27,24,1.125
E07000181,A20,19,15,1.2666666666666666
E07000194,A20,95,53,1.7924528301886793
E07000218,A20,2,2,1.0
E07000219,A20,9,9,1.0
E07000220,A20,1,1,1.0
E07000221,A20,2,2,1.0
E07000222,A20,32,32,1.0
E07000242,A20,15,12,1.25
E07000243,A20,1367,201,6.800995024875622
E08000035,A20,1,1,1.0
E09000003,A20,346,233,1.4849785407725322
E09000011,A20,702,495,1.4181818181818182
E09000018,A20,159,79,2.0126582278481013
E09000020,A20,1,1,1.0
E09000033,A20,516,74,6.972972972972973
S12000041,A20,8,8,1.0
W06000015,A20,4,4,1.0
E06000046,A21,130,22,5.909090909090909
E07000089,A21,6,6,1.0
E07000165,A21,12,11,1.0909090909090908
E07000242,A21,1,1,1.0
E09000003,A22,108,72,1.5
E09000006,A22,18208,7787,2.3382560678053164
E09000008,A22,1,1,1.0
E09000011,A22,1,1,1.0
E09000023,A22,6,5,1.2
E06000022,A23,146,77,1.896103896103896
E07000136,A23,5,3,1.6666666666666667
E07000137,A23,2,1,2.0
E07000138,A23,2,2,1.0
E07000140,A23,2,1,2.0
E07000141,A23,2,2,1.0
E07000142,A23,2,2,1.0
E06000022,A24,275,154,1.7857142857142858
E06000031,A24,413,363,1.137741046831956
E06000038,A24,3,2,1.5
E06000046,A24,1371,110,12.463636363636363
E06000056,A24,6,5,1.2
E06000060,A24,4171,3037,1.3733947974975305
E07000061,A24,65,51,1.2745098039215685
E07000062,A24,115,78,1.4743589743589745
E07000063,A24,136,115,1.182608695652174
E07000064,A24,176,129,1.3643410852713178
E07000065,A24,304,235,1.2936170212765958
E07000136,A24,27,7,3.857142857142857
E07000137,A24,144,51,2.823529411764706
E07000138,A24,50,15,3.3333333333333335
E07000139,A24,82,35,2.342857142857143
E07000140,A24,54,10,5.4
E07000141,A24,114,44,2.590909090909091
E07000142,A24,101,32,3.15625
E07000150,A24,11,10,1.1
E07000151,A24,47,32,1.46875
E07000152,A24,51,41,1.2439024390243902
E07000153,A24,25,19,1.3157894736842106
E07000154,A24,73,54,1.3518518518518519
E07000155,A24,60,38,1.5789473684210527
E07000156,A24,27,18,1.5
E07000165,A24,20,20,1.0
E07000177,A24,1353,916,1.4770742358078603
E07000178,A24,476,332,1.4337349397590362
E07000179,A24,1329,929,1.4305705059203444
E07000180,A24,1127,766,1.4712793733681462
E07000181,A24,938,620,1.5129032258064516
E07000194,A24,9,9,1.0
E07000218,A24,65,59,1.1016949152542372
E07000219,A24,155,139,1.1151079136690647
E07000220,A24,163,124,1.314516129032258
E07000221,A24,195,172,1.1337209302325582
E07000222,A24,369,327,1.128440366972477
E07000242,A24,12,12,1.0
E07000243,A24,440,147,2.993197278911565
E08000035,A24,1,1,1.0
E09000003,A24,132,95,1.3894736842105264
E09000004,A24,61,53,1.150943396226415
E09000006,A24,5,3,1.6666666666666667
E09000011,A24,271,233,1.1630901287553648
E09000018,A24,867,581,1.4922547332185887
E09000033,A24,87,21,4.142857142857143
S12000041,A24,3,3,1.0
W06000015,A24,2,2,1.0
E06000046,A25,56,3,18.666666666666668
E07000061,A25,5,5,1.0
E07000062,A25,5,5,1.0
E07000063,A25,22,22,1.0
E07000064,A25,16,14,1.1428571428571428
E07000065,A25,9,8,1.125
E07000177,A25,28,28,1.0
E07000178,A25,17,16,1.0625
E07000179,A25,23,22,1.0454545454545454
E07000180,A25,39,35,1.1142857142857143
E07000181,A25,17,16,1.0625
E09000004,A25,40,36,1.1111111111111112
E06000015,A26,1,1,1.0
E06000017,A26,1,1,1.0
E06000018,A26,2,1,2.0
E06000019,A26,1,1,1.0
E06000022,A26,7,6,1.1666666666666667
E06000023,A26,396,301,1.3156146179401993
E06000031,A26,117,100,1.17
E06000035,A26,1,1,1.0
E06000043,A26,1,1,1.0
E06000046,A26,171,12,14.25
E06000049,A26,944,4,236.0
E06000051,A26,1,1,1.0
E06000052,A26,8,1,8.0
E06000054,A26,1,1,1.0
E06000056,A26,4,3,1.3333333333333333
E06000060,A26,427,382,1.117801047120419
E07000011,A26,1,1,1.0
E07000012,A26,1,1,1.0
E07000026,A26,1,1,1.0
E07000029,A26,1,1,1.0
E07000030,A26,2,1,2.0
E07000064,A26,4,1,4.0
E07000065,A26,1,1,1.0
E07000071,A26,1,1,1.0
E07000084,A26,1,1,1.0
E07000085,A26,1,1,1.0
E07000116,A26,1,1,1.0
E07000127,A26,2,1,2.0
E07000129,A26,1,1,1.0
E07000131,A26,1,1,1.0
E07000136,A26,192,66,2.909090909090909
E07000137,A26,583,121,4.818181818181818
E07000138,A26,244,62,3.935483870967742
E07000139,A26,505,127,3.9763779527559056
E07000140,A26,329,85,3.8705882352941177
E07000141,A26,429,127,3.377952755905512
E07000142,A26,488,102,4.784313725490196
E07000143,A26,1,1,1.0
E07000146,A26,1,1,1.0
E07000149,A26,1,1,1.0
E07000150,A26,27,13,2.076923076923077
E07000151,A26,92,36,2.5555555555555554
E07000152,A26,62,33,1.878787878787879
E07000153,A26,54,18,3.0
E07000154,A26,57,17,3.3529411764705883
E07000155,A26,110,47,2.3404255319148937
E07000156,A26,36,14,2.5714285714285716
E07000176,A26,3,1,3.0
E07000180,A26,1,1,1.0
E07000189,A26,1,1,1.0
E07000216,A26,1,1,1.0
E07000218,A26,251,191,1.3141361256544504
E07000219,A26,223,164,1.3597560975609757
E07000220,A26,272,216,1.2592592592592593
E07000221,A26,684,533,1.2833020637898687
E07000222,A26,502,395,1.270886075949367
E07000228,A26,1,1,1.0
E07000234,A26,1,1,1.0
E08000002,A26,1,1,1.0
E08000005,A26,4,1,4.0
E08000008,A26,1,1,1.0
E08000019,A26,1,1,1.0
E09000004,A26,161,128,1.2578125
E09000006,A26,1,1,1.0
E09000007,A26,3,1,3.0
E09000018,A26,1,1,1.0
E09000033,A26,292,104,2.8076923076923075
E09000006,A27,120,106,1.1320754716981132
E06000017,A28,1,1,1.0
E06000031,A28,6,4,1.5
E06000045,A28,13,10,1.3
E06000060,A28,220,150,1.4666666666666666
E07000061,A28,1,1,1.0
E07000062,A28,2,2,1.0
E07000063,A28,3,3,1.0
E07000064,A28,6,6,1.0
E07000065,A28,3,3,1.0
E07000089,A28,37,32,1.15625
E07000099,A28,1,1,1.0
E07000136,A28,5,1,5.0
E07000137,A28,33,7,4.714285714285714
E07000138,A28,7,2,3.5
E07000139,A28,31,10,3.1
E07000140,A28,14,4,3.5
E07000141,A28,19,9,2.111111111111111
E07000142,A28,40,10,4.0
E07000165,A28,1,1,1.0
E07000177,A28,35,31,1.1290322580645162
E07000178,A28,26,21,1.2380952380952381
E07000179,A28,25,21,1.1904761904761905
E07000180,A28,34,28,1.2142857142857142
E07000181,A28,26,18,1.4444444444444444
E07000194,A28,1,1,1.0
E07000219,A28,1,1,1.0
E07000220,A28,5,5,1.0
E07000221,A28,7,7,1.0
E07000222,A28,8,8,1.0
E07000242,A28,3,3,1.0
E07000243,A28,250,28,8.928571428571429
E09000003,A28,198,48,4.125
E09000004,A28,49,33,1.4848484848484849
E09000011,A28,31,23,1.3478260869565217
E06000017,A29,52,34,1.5294117647058822
E06000020,A29,1,1,1.0
E06000022,A29,4507,1789,2.519284516489659
E06000031,A29,166,91,1.8241758241758241
E06000038,A29,2,2,1.0
E06000045,A29,670,504,1.3293650793650793
E06000046,A29,874,84,10.404761904761905
E06000056,A29,4,3,1.3333333333333333
E06000060,A29,7036,4051,1.7368550975067885
E07000061,A29,40,28,1.4285714285714286
E07000062,A29,66,53,1.2452830188679245
E07000063,A29,155,111,1.3963963963963963
E07000064,A29,539,324,1.6635802469135803
E07000065,A29,220,131,1.6793893129770991
E07000089,A29,1740,1059,1.6430594900849858
E07000099,A29,1,1,1.0
E07000127,A29,1,1,1.0
E07000134,A29,1,1,1.0
E07000151,A29,1,1,1.0
E07000152,A29,1,1,1.0
E07000165,A29,149,121,1.2314049586776858
E07000177,A29,175,118,1.4830508474576272
E07000178,A29,156,88,1.7727272727272727
E07000179,A29,352,206,1.7087378640776698
E07000180,A29,206,144,1.4305555555555556
E07000181,A29,151,101,1.495049504950495
E07000188,A29,1,1,1.0
E07000194,A29,57,44,1.2954545454545454
E07000216,A29,3,1,3.0
E07000218,A29,22,20,1.1
E07000219,A29,25,15,1.6666666666666667
E07000220,A29,25,19,1.3157894736842106
E07000221,A29,49,36,1.3611111111111112
E07000222,A29,58,53,1.0943396226415094
E07000242,A29,112,90,1.2444444444444445
E07000243,A29,12737,1541,8.265412070084361
E08000008,A29,1,1,1.0
E08000035,A29,9,7,1.2857142857142858
E09000001,A29,1,1,1.0
E09000003,A29,3194,1611,1.9826194909993793
E09000004,A29,2,2,1.0
E09000006,A29,5,5,1.0
E09000007,A29,8,2,4.0
E09000009,A29,3,2,1.5
E09000011,A29,8117,3523,2.3040022707919388
E09000018,A29,18007,1307,13.777352716143842
E09000020,A29,4,3,1.3333333333333333
E09000033,A29,10241,629,16.28139904610493
S12000036,A29,2,2,1.0
S12000041,A29,2,1,2.0
W06000015,A29,5,5,1.0
E09000004,A30,143,130,1.1
E07000150,A31,3,3,1.0
E07000151,A31,68,49,1.3877551020408163
E07000152,A31,49,38,1.2894736842105263
E07000153,A31,12,8,1.5
E07000154,A31,4,4,1.0
E07000155,A31,114,66,1.7272727272727273
E07000156,A31,17,13,1.3076923076923077
E06000023,A32,1786,995,1.7949748743718592
E07000177,A32,116,109,1.0642201834862386
E07000178,A32,141,127,1.110236220472441
E07000179,A32,128,110,1.1636363636363636
E07000180,A32,131,114,1.1491228070175439
E07000181,A32,97,88,1.1022727272727273
E09000003,A32,2310,1719,1.343804537521815
E09000004,A32,167,144,1.1597222222222223
E09000006,A32,4,4,1.0
E09000012,A32,7,6,1.1666666666666667
E09000018,A32,429,248,1.7298387096774193
E06000017,A33,11,8,1.375
E06000022,A33,448,240,1.8666666666666667
E06000031,A33,22,14,1.5714285714285714
E06000038,A33,1,1,1.0
E06000045,A33,98,71,1.380281690140845
E06000046,A33,82,13,6.3076923076923075
E06000060,A33,61,25,2.44
E07000012,A33,1,1,1.0
E07000061,A33,3,3,1.0
E07000062,A33,6,4,1.5
E07000063,A33,10,8,1.25
E07000064,A33,17,15,1.1333333333333333
E07000065,A33,6,4,1.5
E07000089,A33,69,56,1.2321428571428572
E07000106,A33,2,1,2.0
E07000136,A33,2,1,2.0
E07000137,A33,5,1,5.0
E07000138,A33,4,1,4.0
E07000139,A33,4,2,2.0
E07000140,A33,3,1,3.0
E07000141,A33,8,4,2.0
E07000142,A33,2,2,1.0
E07000155,A33,2,2,1.0
E07000165,A33,8,8,1.0
E07000175,A33,1,1,1.0
E07000177,A33,29,29,1.0
E07000178,A33,80,57,1.4035087719298245
E07000179,A33,28,24,1.1666666666666667
E07000180,A33,29,24,1.2083333333333333
E07000181,A33,20,17,1.1764705882352942
E07000194,A33,7,6,1.1666666666666667
E07000218,A33,4,3,1.3333333333333333
E07000219,A33,5,4,1.25
E07000220,A33,2,2,1.0
E07000221,A33,9,6,1.5
E07000222,A33,13,12,1.0833333333333333
E07000242,A33,1,1,1.0
E07000243,A33,590,150,3.933333333333333
E08000035,A33,4,4,1.0
E09000003,A33,568,152,3.736842105263158
E09000004,A33,234,141,1.6595744680851063
E09000006,A33,4053,1246,3.252808988764045
E09000011,A33,453,292,1.5513698630136987
E09000018,A33,1034,119,8.6890756302521
E09000020,A33,5,1,5.0
E09000033,A33,3303,145,22.779310344827586
S12000036,A33,4,3,1.3333333333333333
S12000041,A33,1,1,1.0
W06000015,A33,2,2,1.0
E06000017,A34,29,25,1.16
E06000022,A34,239,192,1.2447916666666667
E06000045,A34,99,88,1.125
E06000046,A34,214,23,9.304347826086957
E06000049,A34,365,4,91.25
E06000060,A34,1116,852,1.3098591549295775
E07000061,A34,11,11,1.0
E07000062,A34,21,16,1.3125
E07000063,A34,42,35,1.2
E07000064,A34,32,30,1.0666666666666667
E07000065,A34,62,53,1.169811320754717
E07000136,A34,13,8,1.625
E07000137,A34,18,11,1.6363636363636365
E07000138,A34,5,5,1.0
E07000139,A34,16,8,2.0
E07000140,A34,5,4,1.25
E07000141,A34,16,12,1.3333333333333333
E07000142,A34,10,5,2.0
E07000150,A34,15,13,1.1538461538461537
E07000151,A34,32,28,1.1428571428571428
E07000152,A34,61,56,1.0892857142857142
E07000153,A34,43,37,1.162162162162162
E07000154,A34,100,88,1.1363636363636365
E07000155,A34,96,47,2.0425531914893615
E07000156,A34,39,34,1.1470588235294117
E07000177,A34,1538,950,1.6189473684210527
E07000178,A34,484,338,1.4319526627218935
E07000179,A34,1890,1148,1.646341463414634
E07000180,A34,1529,953,1.6044071353620146
E07000181,A34,1076,700,1.5371428571428571
E07000218,A34,29,23,1.2608695652173914
E07000219,A34,14,13,1.0769230769230769
E07000220,A34,11,11,1.0
E07000221,A34,31,27,1.1481481481481481
E07000222,A34,35,35,1.0
E07000242,A34,5,5,1.0
E07000243,A34,296,159,1.8616352201257862
E09000004,A34,118,91,1.2967032967032968
E09000006,A34,2185,1258,1.7368839427662957
E09000011,A34,30,27,1.1111111111111112
E09000012,A34,2,2,1.0
E09000018,A34,466,216,2.1574074074074074
E09000033,A35,106,38,2.789473684210526
E06000022,A36,160,109,1.4678899082568808
E06000023,A36,229,161,1.4223602484472049
E06000031,A36,2,2,1.0
E07000136,A36,13,2,6.5
E07000137,A36,73,19,3.8421052631578947
E07000138,A36,18,8,2.25
E07000139,A36,50,18,2.7777777777777777
E07000140,A36,5,2,2.5
E07000141,A36,52,14,3.7142857142857144
E07000142,A36,43,16,2.6875
E07000150,A36,2,2,1.0
E07000151,A36,6,6,1.0
E07000152,A36,3,3,1.0
E07000153,A36,6,5,1.2
E07000154,A36,13,11,1.1818181818181819
E07000155,A36,6,5,1.2
E07000156,A36,5,5,1.0
E06000031,A37,3,3,1.0
E09000003,A37,116,105,1.1047619047619048
E06000023,A39,3652,2330,1.567381974248927
E06000031,A39,89,84,1.0595238095238095
E06000046,A39,148,13,11.384615384615385
E06000049,A39,1547,6,257.8333333333333
E07000177,A39,116,83,1.3975903614457832
E07000178,A39,109,88,1.2386363636363635
E07000179,A39,231,150,1.54
E07000180,A39,135,107,1.2616822429906542
E07000181,A39,125,95,1.3157894736842106
E09000004,A39,75,59,1.271186440677966
E06000022,A4,350,225,1.5555555555555556
E06000031,A4,3,3,1.0
E06000045,A4,24,15,1.6
E09000018,A4,77,19,4.052631578947368
E07000218,A40,178,131,1.3587786259541985
E07000219,A40,302,130,2.3230769230769233
E07000220,A40,216,167,1.2934131736526946
E07000221,A40,453,372,1.217741935483871
E07000222,A40,428,337,1.2700296735905046
E09000018,A40,96,64,1.5
E06000038,A41,2,2,1.0
E06000045,A41,760,537,1.415270018621974
E06000046,A41,3,1,3.0
E07000061,A41,110,87,1.264367816091954
E07000062,A41,100,84,1.1904761904761905
E07000063,A41,183,151,1.2119205298013245
E07000064,A41,220,185,1.1891891891891893
E07000065,A41,438,331,1.3232628398791542
E07000089,A41,434,384,1.1302083333333333
E07000165,A41,22,22,1.0
E07000177,A41,1527,1071,1.4257703081232493
E07000178,A41,831,635,1.3086614173228346
E07000179,A41,1829,1241,1.4738114423851731
E07000180,A41,1563,1107,1.4119241192411924
E07000181,A41,1248,876,1.4246575342465753
E07000194,A41,45,43,1.0465116279069768
E07000218,A41,6,6,1.0
E07000219,A41,8,7,1.1428571428571428
E07000220,A41,8,8,1.0
E07000221,A41,18,18,1.0
E07000222,A41,14,14,1.0
E07000242,A41,33,26,1.2692307692307692
E07000243,A41,129,86,1.5
E08000035,A41,17,10,1.7
E09000003,A41,195,161,1.2111801242236024
E09000011,A41,311,237,1.3122362869198312
S12000036,A41,2,2,1.0
S12000041,A41,5,5,1.0
W06000015,A41,5,5,1.0
E06000046,A43,4,1,4.0
E06000060,A43,61,53,1.150943396226415
E07000062,A43,2,2,1.0
E07000063,A43,5,5,1.0
E07000064,A43,4,4,1.0
E07000065,A43,26,21,1.2380952380952381
E07000150,A43,1,1,1.0
E07000151,A43,6,4,1.5
E07000152,A43,5,4,1.25
E07000153,A43,6,6,1.0
E07000154,A43,5,5,1.0
E07000155,A43,3,3,1.0
E07000156,A43,8,7,1.1428571428571428
E07000177,A43,12,11,1.0909090909090908
E07000178,A43,29,27,1.0740740740740742
E07000179,A43,24,24,1.0
E07000180,A43,11,9,1.2222222222222223
E07000181,A43,35,33,1.0606060606060606
E09000018,A43,1,1,1.0
E06000045,A44,51,38,1.3421052631578947
E09000006,A44,971,697,1.3931133428981348
E09000018,A44,437,208,2.1009615384615383
E06000008,A47,2,1,2.0
E06000011,A47,2,1,2.0
E06000014,A47,1,1,1.0
E06000022,A47,3199,713,4.486676016830295
E06000031,A47,5,5,1.0
E06000045,A47,418,227,1.841409691629956
E06000046,A47,564,38,14.842105263157896
E06000049,A47,115,5,23.0
E07000030,A47,1,1,1.0
E07000077,A47,1,1,1.0
E07000085,A47,1,1,1.0
E07000091,A47,1,1,1.0
E07000105,A47,2,1,2.0
E07000120,A47,1,1,1.0
E07000125,A47,1,1,1.0
E07000126,A47,1,1,1.0
E07000143,A47,1,1,1.0
E07000151,A47,1,1,1.0
E07000153,A47,1,1,1.0
E07000155,A47,1,1,1.0
E07000166,A47,1,1,1.0
E07000176,A47,1,1,1.0
E07000192,A47,1,1,1.0
E07000194,A47,16,16,1.0
E07000196,A47,1,1,1.0
E07000221,A47,1,1,1.0
E07000242,A47,27,17,1.588235294117647
E08000002,A47,1,1,1.0
E08000004,A47,1,1,1.0
E08000005,A47,1,1,1.0
E09000003,A47,12,9,1.3333333333333333
E09000004,A47,136,92,1.4782608695652173
E09000006,A47,3409,901,3.7835738068812432
E09000018,A47,671,124,5.411290322580645
E09000033,A47,3533,372,9.49731182795699
E06000017,A48,152,109,1.3944954128440368
E06000046,A48,583,56,10.410714285714286
E07000061,A48,68,48,1.4166666666666667
E07000062,A48,46,38,1.2105263157894737
E07000063,A48,65,53,1.2264150943396226
E07000064,A48,69,60,1.15
E07000065,A48,120,102,1.1764705882352942
E07000136,A48,200,45,4.444444444444445
E07000137,A48,324,79,4.10126582278481
E07000138,A48,201,47,4.276595744680851
E07000139,A48,275,78,3.5256410256410255
E07000140,A48,240,51,4.705882352941177
E07000141,A48,289,97,2.979381443298969
E07000142,A48,251,69,3.63768115942029
E07000150,A48,22,16,1.375
E07000151,A48,16,13,1.2307692307692308
E07000152,A48,33,23,1.434782608695652
E07000153,A48,21,20,1.05
E07000154,A48,51,39,1.3076923076923077
E07000155,A48,20,17,1.1764705882352942
E07000156,A48,15,15,1.0
E07000177,A48,271,212,1.278301886792453
E07000178,A48,434,320,1.35625
E07000179,A48,267,229,1.165938864628821
E07000180,A48,220,189,1.164021164021164
E07000181,A48,242,191,1.2670157068062826
E09000003,A48,308,270,1.1407407407407408
E09000004,A48,260,193,1.3471502590673574
E09000006,A48,5,5,1.0
E09000011,A48,2,2,1.0
E09000012,A48,1,1,1.0
E09000018,A48,38,30,1.2666666666666666
E09000033,A48,200,32,6.25
E09000018,A49,127,52,2.4423076923076925
E07000136,A5,1,1,1.0
E07000137,A5,9,8,1.125
E07000138,A5,12,10,1.2
E07000139,A5,7,7,1.0
E07000140,A5,1,1,1.0
E07000141,A5,1,1,1.0
E07000142,A5,6,6,1.0
E07000178,A5,32,28,1.1428571428571428
E09000011,A50,27,27,1.0
E09000018,A50,66,47,1.4042553191489362
E06000045,A51,24,18,1.3333333333333333
E06000022,A52,782,557,1.4039497307001796
E06000023,A52,5460,3216,1.6977611940298507
E06000046,A52,4,2,2.0
E07000136,A52,257,40,6.425
E07000137,A52,795,142,5.598591549295775
E07000138,A52,355,76,4.671052631578948
E07000139,A52,570,108,5.277777777777778
E07000140,A52,446,85,5.247058823529412
E07000141,A52,623,136,4.580882352941177
E07000142,A52,503,111,4.531531531531532
E07000150,A52,66,56,1.1785714285714286
E07000151,A52,207,166,1.2469879518072289
E07000152,A52,197,168,1.1726190476190477
E07000153,A52,169,135,1.2518518518518518
E07000154,A52,398,306,1.3006535947712419
E07000155,A52,253,188,1.3457446808510638
E07000156,A52,175,143,1.2237762237762237
E07000218,A52,215,153,1.4052287581699345
E07000219,A52,275,179,1.5363128491620113
E07000220,A52,168,159,1.0566037735849056
E07000221,A52,455,397,1.146095717884131
E07000222,A52,408,358,1.1396648044692737
E09000004,A52,1359,866,1.569284064665127
E09000006,A52,2602,1998,1.3023023023023024
E09000009,A52,1,1,1.0
E09000012,A52,58,40,1.45
E09000018,A52,660,295,2.23728813559322
E06000022,A53,312,241,1.2946058091286308
E06000031,A53,171,139,1.2302158273381294
E06000060,A53,136,122,1.1147540983606556
E07000061,A53,2,2,1.0
E07000062,A53,14,13,1.0769230769230769
E07000063,A53,16,12,1.3333333333333333
E07000064,A53,6,6,1.0
E07000065,A53,2,2,1.0
E07000136,A53,30,10,3.0
E07000137,A53,88,23,3.8260869565217392
E07000138,A53,37,7,5.285714285714286
E07000139,A53,64,18,3.5555555555555554
E07000140,A53,49,15,3.2666666666666666
E07000141,A53,78,26,3.0
E07000142,A53,60,22,2.727272727272727
E07000165,A53,13,13,1.0
E07000177,A53,60,57,1.0526315789473684
E07000178,A53,34,29,1.1724137931034482
E07000179,A53,32,29,1.103448275862069
E07000180,A53,37,31,1.1935483870967742
E07000181,A53,25,23,1.0869565217391304
E07000194,A53,12,12,1.0
E07000218,A53,4,4,1.0
E07000219,A53,30,26,1.1538461538461537
E07000220,A53,13,13,1.0
E07000221,A53,22,19,1.1578947368421053
E07000222,A53,35,30,1.1666666666666667
E07000242,A53,1,1,1.0
E08000035,A53,3,3,1.0
E09000003,A53,17,14,1.2142857142857142
E09000004,A53,543,410,1.324390243902439
E09000006,A53,4389,2657,1.651863003387279
E09000011,A53,503,305,1.6491803278688524
E09000012,A53,2,2,1.0
E09000033,A53,78,21,3.7142857142857144
S12000036,A53,1,1,1.0
S12000041,A53,11,7,1.5714285714285714
W06000015,A53,2,2,1.0
E06000023,A54,1,1,1.0
E06000031,A54,599,488,1.2274590163934427
E06000038,A54,1,1,1.0
E06000045,A54,398,327,1.217125382262997
E06000046,A54,1168,110,10.618181818181819
E06000056,A54,1,1,1.0
E07000061,A54,51,39,1.3076923076923077
E07000062,A54,68,64,1.0625
E07000063,A54,109,93,1.1720430107526882
E07000064,A54,181,153,1.1830065359477124
E07000065,A54,186,149,1.2483221476510067
E07000089,A54,946,772,1.2253886010362693
E07000150,A54,694,1,694.0
E07000151,A54,1215,3,405.0
E07000152,A54,1053,3,351.0
E07000153,A54,1394,2,697.0
E07000154,A54,3187,9,354.1111111111111
E07000155,A54,1133,3,377.6666666666667
E07000156,A54,770,3,256.6666666666667
E07000165,A54,98,90,1.0888888888888888
E07000177,A54,1316,1016,1.295275590551181
E07000178,A54,1001,746,1.341823056300268
E07000179,A54,1441,1091,1.3208065994500457
E07000180,A54,1244,950,1.3094736842105263
E07000181,A54,1086,804,1.3507462686567164
E07000194,A54,44,43,1.0232558139534884
E07000218,A54,374,312,1.1987179487179487
E07000219,A54,610,422,1.4454976303317535
E07000220,A54,489,398,1.228643216080402
E07000221,A54,961,789,1.2179974651457541
E07000222,A54,1026,817,1.255813953488372
E07000242,A54,98,82,1.1951219512195121
E07000243,A54,1887,748,2.522727272727273
E08000035,A54,10,9,1.1111111111111112
E09000003,A54,234,209,1.1196172248803828
E09000004,A54,732,540,1.3555555555555556
E09000006,A54,4,4,1.0
E09000009,A54,1,1,1.0
E09000011,A54,1219,956,1.2751046025104602
E09000012,A54,70,32,2.1875
E09000018,A54,1724,1182,1.4585448392554992
E09000020,A54,1,1,1.0
E09000033,A54,538,49,10.979591836734693
S12000036,A54,8,8,1.0
S12000041,A54,12,10,1.2
W06000015,A54,9,9,1.0
E06000015,A55,1,1,1.0
E06000017,A55,162,114,1.4210526315789473
E06000018,A55,1,1,1.0
E06000022,A55,3058,1715,1.7830903790087465
E06000023,A55,1,1,1.0
E06000031,A55,448,382,1.1727748691099475
E06000045,A55,309,215,1.4372093023255814
E06000046,A55,1697,80,21.2125
E06000049,A55,1751,15,116.73333333333333
E06000051,A55,1,1,1.0
E06000052,A55,1,1,1.0
E06000060,A55,2,2,1.0
E07000031,A55,1,1,1.0
E07000036,A55,1,1,1.0
E07000039,A55,1,1,1.0
E07000064,A55,1,1,1.0
E07000065,A55,1,1,1.0
E07000071,A55,1,1,1.0
E07000076,A55,1,1,1.0
E07000110,A55,1,1,1.0
E07000134,A55,2,1,2.0
E07000136,A55,320,57,5.614035087719298
E07000137,A55,852,171,4.982456140350878
E07000138,A55,415,84,4.940476190476191
E07000139,A55,694,183,3.7923497267759565
E07000140,A55,515,110,4.681818181818182
E07000141,A55,817,191,4.277486910994765
E07000142,A55,509,148,3.439189189189189
E07000145,A55,1,1,1.0
E07000150,A55,157,98,1.6020408163265305
E07000151,A55,482,340,1.4176470588235295
E07000152,A55,843,487,1.731006160164271
E07000153,A55,457,291,1.570446735395189
E07000154,A55,902,535,1.685981308411215
E07000155,A55,978,492,1.9878048780487805
E07000156,A55,356,256,1.390625
E07000171,A55,1,1,1.0
E07000175,A55,3,1,3.0
E07000176,A55,1,1,1.0
E07000177,A55,3,3,1.0
E07000193,A55,1,1,1.0
E07000196,A55,2,1,2.0
E07000200,A55,1,1,1.0
E07000218,A55,1,1,1.0
E07000220,A55,1,1,1.0
E08000004,A55,1,1,1.0
E09000003,A55,961,738,1.3021680216802167
E09000006,A55,12268,8052,1.5235966219572776
E09000012,A55,28,15,1.8666666666666667
E09000018,A55,747,299,2.4983277591973243
E06000017,A56,30,26,1.1538461538461537
E06000031,A56,138,128,1.078125
E06000038,A56,3,3,1.0
E06000045,A56,126,102,1.2352941176470589
E06000046,A56,137,14,9.785714285714286
E06000049,A56,351,1,351.0
E06000056,A56,1,1,1.0
E06000060,A56,272,247,1.1012145748987854
E07000061,A56,41,37,1.1081081081081081
E07000062,A56,38,32,1.1875
E07000063,A56,69,62,1.1129032258064515
E07000064,A56,53,50,1.06
E07000065,A56,66,62,1.064516129032258
E07000089,A56,304,272,1.1176470588235294
E07000165,A56,42,42,1.0
E07000177,A56,87,78,1.1153846153846154
E07000178,A56,154,142,1.0845070422535212
E07000179,A56,65,64,1.015625
E07000180,A56,56,48,1.1666666666666667
E07000181,A56,234,216,1.0833333333333333
E07000194,A56,19,17,1.1176470588235294
E07000218,A56,38,36,1.0555555555555556
E07000219,A56,75,67,1.1194029850746268
E07000220,A56,37,35,1.0571428571428572
E07000221,A56,58,45,1.288888888888889
E07000222,A56,106,90,1.1777777777777778
E07000242,A56,6,5,1.2
E08000035,A56,4,4,1.0
E09000003,A56,83,73,1.1369863013698631
E09000006,A56,832,613,1.3572593800978794
E09000011,A56,670,421,1.5914489311163895
E09000012,A56,217,76,2.8552631578947367
E09000018,A56,267,186,1.435483870967742
E09000023,A56,1,1,1.0
E09000033,A56,106,16,6.625
S12000041,A56,5,4,1.25
W06000015,A56,5,4,1.25
E06000007,A57,1,1,1.0
E06000015,A57,1,1,1.0
E06000018,A57,1,1,1.0
E06000019,A57,2,1,2.0
E06000022,A57,1285,910,1.4120879120879122
E06000023,A57,4199,2677,1.5685468808367575
E06000026,A57,1,1,1.0
E06000031,A57,16,15,1.0666666666666667
E06000038,A57,4,4,1.0
E06000045,A57,512,407,1.257985257985258
E06000046,A57,1460,127,11.496062992125983
E06000049,A57,1104,8,138.0
E06000051,A57,1,1,1.0
E06000060,A57,5175,3693,1.4012997562956946
E07000012,A57,1,1,1.0
E07000026,A57,1,1,1.0
E07000045,A57,1,1,1.0
E07000061,A57,217,172,1.2616279069767442
E07000062,A57,188,146,1.2876712328767124
E07000063,A57,265,217,1.2211981566820276
E07000064,A57,235,182,1.2912087912087913
E07000065,A57,356,250,1.424
E07000084,A57,1,1,1.0
E07000089,A57,619,487,1.271047227926078
E07000136,A57,17,6,2.8333333333333335
E07000137,A57,50,20,2.5
E07000138,A57,13,2,6.5
E07000139,A57,38,18,2.111111111111111
E07000140,A57,21,8,2.625
E07000141,A57,59,22,2.6818181818181817
E07000142,A57,26,14,1.8571428571428572
E07000150,A57,160,119,1.3445378151260505
E07000151,A57,293,218,1.3440366972477065
E07000152,A57,287,199,1.4422110552763818
E07000153,A57,312,189,1.6507936507936507
E07000154,A57,1118,522,2.1417624521072796
E07000155,A57,458,207,2.21256038647343
E07000156,A57,276,164,1.6829268292682926
E07000165,A57,22,17,1.2941176470588236
E07000176,A57,3,1,3.0
E07000177,A57,1580,918,1.7211328976034859
E07000178,A57,2473,919,2.690968443960827
E07000179,A57,2585,1224,2.1119281045751634
E07000180,A57,1792,1083,1.65466297322253
E07000181,A57,1417,780,1.8166666666666667
E07000194,A57,35,34,1.0294117647058822
E07000220,A57,1,1,1.0
E07000221,A57,1,1,1.0
E07000242,A57,69,38,1.8157894736842106
E07000243,A57,281,187,1.5026737967914439
E07000244,A57,1,1,1.0
E08000035,A57,5,4,1.25
E09000003,A57,2996,2272,1.318661971830986
E09000004,A57,2903,1609,1.8042262274704786
E09000006,A57,5661,3809,1.4862168548175374
E09000009,A57,1,1,1.0
E09000011,A57,814,579,1.4058721934369602
E09000018,A57,714,353,2.0226628895184136
E09000023,A57,1,1,1.0
E09000033,A57,705,133,5.3007518796992485
S12000036,A57,3,3,1.0
S12000041,A57,10,8,1.25
W06000015,A57,6,5,1.2
E06000045,A58,15,14,1.0714285714285714
E09000003,A6,5,5,1.0
E06000005,A60,1,1,1.0
E06000010,A60,1,1,1.0
E06000018,A60,2,1,2.0
E06000022,A60,1,1,1.0
E06000023,A60,1,1,1.0
E06000025,A60,1,1,1.0
E06000031,A60,513,358,1.4329608938547487
E06000037,A60,1,1,1.0
E06000038,A60,2,2,1.0
E06000045,A60,1474,846,1.7423167848699763
E06000046,A60,1609,232,6.935344827586207
E06000049,A60,4310,17,253.52941176470588
E06000050,A60,1,1,1.0
E06000051,A60,1,1,1.0
E06000052,A60,1,1,1.0
E06000054,A60,1,1,1.0
E06000055,A60,1,1,1.0
E06000056,A60,23,13,1.7692307692307692
E06000059,A60,1,1,1.0
E06000060,A60,12850,7087,1.8131790602511642
E07000011,A60,3,1,3.0
E07000012,A60,5,1,5.0
E07000028,A60,1,1,1.0
E07000030,A60,1,1,1.0
E07000031,A60,1,1,1.0
E07000033,A60,2,1,2.0
E07000045,A60,1,1,1.0
E07000061,A60,771,404,1.9084158415841583
E07000062,A60,606,341,1.7771260997067448
E07000063,A60,859,566,1.517667844522968
E07000064,A60,1449,814,1.78009828009828
E07000065,A60,2872,1520,1.8894736842105264
E07000068,A60,1,1,1.0
E07000070,A60,2,1,2.0
E07000072,A60,4,1,4.0
E07000079,A60,1,1,1.0
E07000083,A60,3,1,3.0
E07000086,A60,1,1,1.0
E07000087,A60,1,1,1.0
E07000089,A60,578,455,1.2703296703296703
E07000107,A60,1,1,1.0
E07000113,A60,1,1,1.0
E07000117,A60,2,1,2.0
E07000118,A60,1,1,1.0
E07000136,A60,1040,330,3.1515151515151514
E07000137,A60,4535,1314,3.4512937595129376
E07000138,A60,738,243,3.037037037037037
E07000139,A60,4512,1380,3.2695652173913046
E07000140,A60,2025,612,3.3088235294117645
E07000141,A60,3819,1221,3.1277641277641277
E07000142,A60,2793,896,3.1171875
E07000143,A60,2,1,2.0
E07000146,A60,1,1,1.0
E07000149,A60,1,1,1.0
E07000150,A60,1106,466,2.3733905579399144
E07000151,A60,3155,1205,2.6182572614107884
E07000152,A60,2276,896,2.5401785714285716
E07000153,A60,2074,855,2.4257309941520466
E07000154,A60,3372,1174,2.8722316865417374
E07000155,A60,3412,1395,2.445878136200717
E07000156,A60,1907,733,2.601637107776262
E07000165,A60,92,84,1.0952380952380953
E07000171,A60,2,1,2.0
E07000172,A60,1,1,1.0
E07000176,A60,1,1,1.0
E07000177,A60,12591,3408,3.694542253521127
E07000178,A60,3300,1489,2.216252518468771
E07000179,A60,18054,3994,4.520280420630947
E07000180,A60,10543,2944,3.581182065217391
E07000181,A60,13071,3455,3.7832127351664253
E07000189,A60,1,1,1.0
E07000193,A60,1,1,1.0
E07000194,A60,65,55,1.1818181818181819
E07000196,A60,1,1,1.0
E07000218,A60,349,230,1.517391304347826
E07000219,A60,643,278,2.3129496402877696
E07000220,A60,429,311,1.3794212218649518
E07000221,A60,774,534,1.449438202247191
E07000222,A60,769,543,1.416206261510129
E07000242,A60,10,9,1.1111111111111112
E07000243,A60,63,44,1.4318181818181819
E07000244,A60,2,1,2.0
E08000002,A60,3,1,3.0
E08000004,A60,1,1,1.0
E08000008,A60,2,1,2.0
E08000015,A60,1,1,1.0
E08000035,A60,130,37,3.5135135135135136
E09000003,A60,3062,1651,1.854633555420957
E09000004,A60,10,10,1.0
E09000005,A60,1,1,1.0
E09000006,A60,22,18,1.2222222222222223
E09000011,A60,159,113,1.407079646017699
E09000015,A60,1,1,1.0
E09000018,A60,936,422,2.2180094786729856
E09000033,A60,334,62,5.387096774193548
S12000036,A60,7,7,1.0
S12000041,A60,4,4,1.0
W06000015,A60,32,20,1.6
E07000061,A61,3,3,1.0
E07000062,A61,14,9,1.5555555555555556
E07000063,A61,6,5,1.2
E07000064,A61,7,6,1.1666666666666667
E07000065,A61,18,16,1.125
E07000177,A61,25,23,1.0869565217391304
E07000178,A61,15,15,1.0
E07000179,A61,37,35,1.0571428571428572
E07000180,A61,31,30,1.0333333333333334
E07000181,A61,33,30,1.1
E06000031,A63,2,2,1.0
E06000060,A63,4,4,1.0
E07000064,A63,4,4,1.0
E07000065,A63,3,3,1.0
E07000177,A63,7,7,1.0
E07000178,A63,7,7,1.0
E07000179,A63,9,8,1.125
E07000180,A63,7,7,1.0
E07000181,A63,5,5,1.0
E07000221,A63,3,2,1.5
E07000222,A63,1,1,1.0
E08000035,A63,1,1,1.0
E09000004,A63,10,10,1.0
E09000006,A63,54,51,1.0588235294117647
E09000011,A63,6,6,1.0
E09000012,A63,1,1,1.0
E06000023,A65,220,194,1.134020618556701
E06000017,A66,183,141,1.297872340425532
E06000031,A66,680,489,1.3905930470347647
E06000056,A66,3,3,1.0
E07000061,A66,60,56,1.0714285714285714
E07000062,A66,135,94,1.4361702127659575
E07000063,A66,256,183,1.3989071038251366
E07000064,A66,267,202,1.3217821782178218
E07000065,A66,584,274,2.1313868613138687
E07000089,A66,23,23,1.0
E07000177,A66,24,21,1.1428571428571428
E07000178,A66,23,22,1.0454545454545454
E07000179,A66,48,48,1.0
E07000180,A66,39,36,1.0833333333333333
E07000181,A66,25,23,1.0869565217391304
E07000218,A66,129,78,1.6538461538461537
E07000219,A66,61,54,1.1296296296296295
E07000220,A66,160,103,1.5533980582524272
E07000221,A66,471,293,1.6075085324232081
E07000222,A66,184,148,1.2432432432432432
E09000004,A66,330,225,1.4666666666666666
E09000018,A66,203,95,2.136842105263158
E06000008,A67,1,1,1.0
E06000015,A67,1,1,1.0
E06000017,A67,1,1,1.0
E06000018,A67,1,1,1.0
E06000022,A67,647,473,1.3678646934460887
E06000023,A67,19,17,1.1176470588235294
E06000030,A67,1,1,1.0
E06000031,A67,2,2,1.0
E06000043,A67,1,1,1.0
E06000046,A67,244,22,11.090909090909092
E06000054,A67,2,1,2.0
E06000060,A67,3850,2121,1.8151815181518152
E07000011,A67,1,1,1.0
E07000031,A67,1,1,1.0
E07000033,A67,1,1,1.0
E07000042,A67,1,1,1.0
E07000061,A67,30,20,1.5
E07000062,A67,32,28,1.1428571428571428
E07000063,A67,68,37,1.837837837837838
E07000064,A67,46,38,1.2105263157894737
E07000065,A67,94,70,1.3428571428571427
E07000067,A67,1,1,1.0
E07000070,A67,2,1,2.0
E07000072,A67,1,1,1.0
E07000110,A67,1,1,1.0
E07000115,A67,1,1,1.0
E07000132,A67,1,1,1.0
E07000134,A67,1,1,1.0
E07000136,A67,204,50,4.08
E07000137,A67,587,187,3.1390374331550803
E07000138,A67,274,85,3.223529411764706
E07000139,A67,458,160,2.8625
E07000140,A67,267,74,3.608108108108108
E07000141,A67,500,137,3.6496350364963503
E07000142,A67,348,128,2.71875
E07000149,A67,1,1,1.0
E07000150,A67,76,60,1.2666666666666666
E07000151,A67,116,94,1.2340425531914894
E07000152,A67,181,138,1.3115942028985508
E07000153,A67,333,150,2.22
E07000154,A67,283,179,1.5810055865921788
E07000155,A67,279,141,1.9787234042553192
E07000156,A67,130,85,1.5294117647058822
E07000170,A67,1,1,1.0
E07000171,A67,3,1,3.0
E07000176,A67,1,1,1.0
E07000177,A67,145,119,1.218487394957983
E07000178,A67,234,202,1.1584158415841583
E07000179,A67,160,135,1.1851851851851851
E07000180,A67,180,152,1.1842105263157894
E07000181,A67,129,110,1.1727272727272726
E07000215,A67,1,1,1.0
E07000218,A67,64,52,1.2307692307692308
E07000219,A67,127,92,1.3804347826086956
E07000220,A67,127,110,1.1545454545454545
E07000221,A67,151,134,1.126865671641791
E07000222,A67,190,171,1.1111111111111112
E07000225,A67,1,1,1.0
E07000226,A67,2,1,2.0
E07000228,A67,1,1,1.0
E07000244,A67,1,1,1.0
E08000028,A67,1,1,1.0
E09000004,A67,5,4,1.25
E09000006,A67,4,4,1.0
E09000018,A67,31,13,2.3846153846153846
E07000136,A68,26,11,2.3636363636363638
E07000137,A68,74,29,2.5517241379310347
E07000138,A68,17,7,2.4285714285714284
E07000139,A68,90,38,2.3684210526315788
E07000140,A68,63,19,3.3157894736842106
E07000141,A68,74,40,1.85
E07000142,A68,56,26,2.1538461538461537
E06000010,A69,1,1,1.0
E06000014,A69,1,1,1.0
E06000017,A69,449,314,1.429936305732484
E06000018,A69,1,1,1.0
E06000022,A69,4165,2209,1.8854685377999094
E06000023,A69,5168,2633,1.9627800987466768
E06000025,A69,1,1,1.0
E06000046,A69,339,73,4.6438356164383565
E06000047,A69,1,1,1.0
E06000049,A69,1422,9,158.0
E06000050,A69,1,1,1.0
E06000052,A69,1,1,1.0
E06000056,A69,4,4,1.0
E06000060,A69,5403,3722,1.4516389038151531
E07000011,A69,2,1,2.0
E07000030,A69,1,1,1.0
E07000031,A69,1,1,1.0
E07000036,A69,1,1,1.0
E07000061,A69,174,88,1.9772727272727273
E07000062,A69,126,82,1.5365853658536586
E07000063,A69,139,111,1.2522522522522523
E07000064,A69,275,184,1.4945652173913044
E07000065,A69,500,326,1.5337423312883436
E07000067,A69,1,1,1.0
E07000071,A69,1,1,1.0
E07000091,A69,1,1,1.0
E07000119,A69,1,1,1.0
E07000133,A69,1,1,1.0
E07000136,A69,398,115,3.4608695652173913
E07000137,A69,1016,329,3.088145896656535
E07000138,A69,258,103,2.504854368932039
E07000139,A69,739,283,2.6113074204946995
E07000140,A69,824,226,3.646017699115044
E07000141,A69,703,239,2.9414225941422596
E07000142,A69,577,209,2.7607655502392343
E07000143,A69,2,1,2.0
E07000150,A69,51,35,1.457142857142857
E07000151,A69,78,53,1.471698113207547
E07000152,A69,100,60,1.6666666666666667
E07000153,A69,143,51,2.803921568627451
E07000154,A69,267,119,2.2436974789915967
E07000155,A69,240,65,3.6923076923076925
E07000156,A69,92,43,2.13953488372093
E07000172,A69,1,1,1.0
E07000176,A69,1,1,1.0
E07000177,A69,474,320,1.48125
E07000178,A69,440,289,1.5224913494809689
E07000179,A69,642,449,1.4298440979955456
E07000180,A69,607,353,1.7195467422096318
E07000181,A69,552,338,1.6331360946745561
E07000194,A69,1,1,1.0
E07000195,A69,4,1,4.0
E07000209,A69,1,1,1.0
E07000215,A69,1,1,1.0
E07000218,A69,3,2,1.5
E07000228,A69,1,1,1.0
E07000244,A69,2,1,2.0
E08000009,A69,1,1,1.0
E08000015,A69,1,1,1.0
E08000028,A69,1,1,1.0
E09000004,A69,1035,707,1.463932107496464
E09000006,A69,16731,9220,1.814642082429501
E09000008,A69,6,6,1.0
E09000011,A69,5,4,1.25
E06000022,A7,150,116,1.293103448275862
E06000046,A7,202,28,7.214285714285714
E09000004,A7,7,6,1.1666666666666667
E09000033,A7,285,83,3.433734939759036
E06000010,A70,1,1,1.0
E06000017,A70,5,5,1.0
E06000018,A70,2,1,2.0
E06000031,A70,181,164,1.103658536585366
E06000039,A70,1,1,1.0
E06000046,A70,895,63,14.206349206349206
E06000049,A70,311,3,103.66666666666667
E06000054,A70,1,1,1.0
E06000056,A70,2,2,1.0
E07000038,A70,1,1,1.0
E07000042,A70,1,1,1.0
E07000065,A70,1,1,1.0
E07000071,A70,1,1,1.0
E07000086,A70,2,1,2.0
E07000107,A70,1,1,1.0
E07000136,A70,39,6,6.5
E07000137,A70,80,30,2.6666666666666665
E07000138,A70,33,8,4.125
E07000139,A70,72,21,3.4285714285714284
E07000140,A70,48,17,2.823529411764706
E07000141,A70,67,21,3.1904761904761907
E07000142,A70,102,29,3.5172413793103448
E07000150,A70,2,2,1.0
E07000151,A70,3,3,1.0
E07000152,A70,2,2,1.0
E07000153,A70,6,6,1.0
E07000154,A70,7,7,1.0
E07000155,A70,2,2,1.0
E07000156,A70,9,8,1.125
E07000177,A70,48,46,1.0434782608695652
E07000178,A70,22,22,1.0
E07000179,A70,111,97,1.1443298969072164
E07000180,A70,149,118,1.2627118644067796
E07000181,A70,63,59,1.0677966101694916
E07000188,A70,1,1,1.0
E07000196,A70,1,1,1.0
E07000197,A70,1,1,1.0
E07000216,A70,1,1,1.0
E07000218,A70,86,84,1.0238095238095237
E07000219,A70,87,82,1.0609756097560976
E07000220,A70,113,101,1.118811881188119
E07000221,A70,196,186,1.053763440860215
E07000222,A70,211,187,1.1283422459893049
E08000006,A70,1,1,1.0
E09000003,A70,255,228,1.118421052631579
E09000006,A70,1,1,1.0
E09000018,A70,101,51,1.9803921568627452
E09000033,A70,147,44,3.340909090909091
E06000046,A71,159,39,4.076923076923077
E06000049,A71,316,3,105.33333333333333
E09000003,A71,870,524,1.6603053435114503
E09000004,A71,378,297,1.2727272727272727
E06000031,A73,93,74,1.2567567567567568
E06000038,A73,2,2,1.0
E06000060,A73,228,208,1.0961538461538463
E07000061,A73,9,9,1.0
E07000062,A73,16,14,1.1428571428571428
E07000063,A73,36,34,1.0588235294117647
E07000064,A73,33,28,1.1785714285714286
E07000065,A73,57,45,1.2666666666666666
E07000089,A73,536,493,1.0872210953346857
E07000165,A73,53,49,1.0816326530612246
E07000177,A73,44,39,1.1282051282051282
E07000178,A73,72,64,1.125
E07000179,A73,81,74,1.0945945945945945
E07000180,A73,83,65,1.2769230769230768
E07000181,A73,39,38,1.0263157894736843
E07000194,A73,2,2,1.0
E07000218,A73,5,4,1.25
E07000219,A73,11,10,1.1
E07000220,A73,13,12,1.0833333333333333
E07000221,A73,25,22,1.1363636363636365
E07000222,A73,28,28,1.0
E07000242,A73,4,4,1.0
E08000035,A73,107,104,1.0288461538461537
E09000003,A73,48,45,1.0666666666666667
E09000004,A73,1,1,1.0
E09000011,A73,2575,1778,1.4482564679415073
S12000036,A73,1,1,1.0
S12000041,A73,2,2,1.0
W06000015,A73,11,9,1.2222222222222223
E06000060,A74,213,149,1.429530201342282
E06000045,A75,42,26,1.6153846153846154
E07000177,A77,2,2,1.0
E07000178,A77,8,8,1.0
E07000179,A77,2,2,1.0
E07000180,A77,4,4,1.0
E07000181,A77,6,6,1.0
E07000218,A77,4,4,1.0
E07000219,A77,7,6,1.1666666666666667
E07000220,A77,1,1,1.0
E07000221,A77,8,8,1.0
E07000222,A77,11,11,1.0
E09000003,A77,3,3,1.0
E06000022,A78,214,91,2.3516483516483517
E06000046,A78,173,3,57.666666666666664
E07000062,A78,5,5,1.0
E07000063,A78,5,4,1.25
E07000064,A78,1,1,1.0
E07000065,A78,3,3,1.0
E07000150,A78,11,9,1.2222222222222223
E07000151,A78,32,23,1.391304347826087
E07000152,A78,19,17,1.1176470588235294
E07000153,A78,17,13,1.3076923076923077
E07000154,A78,34,23,1.4782608695652173
E07000155,A78,23,19,1.2105263157894737
E07000156,A78,17,11,1.5454545454545454
E07000177,A78,7,7,1.0
E07000178,A78,4,4,1.0
E07000179,A78,8,8,1.0
E07000180,A78,12,12,1.0
E07000181,A78,2,2,1.0
E09000006,A78,625,555,1.1261261261261262
E09000018,A78,106,44,2.409090909090909
E06000017,A79,44,35,1.2571428571428571
E06000038,A79,1,1,1.0
E06000045,A79,137,100,1.37
E06000060,A79,198,169,1.1715976331360947
E07000061,A79,23,12,1.9166666666666667
E07000062,A79,15,15,1.0
E07000063,A79,53,42,1.2619047619047619
E07000064,A79,53,44,1.2045454545454546
E07000065,A79,54,44,1.2272727272727273
E07000089,A79,186,153,1.2156862745098038
E07000165,A79,44,34,1.2941176470588236
E07000177,A79,89,77,1.155844155844156
E07000178,A79,180,103,1.7475728155339805
E07000179,A79,227,141,1.6099290780141844
E07000180,A79,119,100,1.19
E07000181,A79,91,76,1.1973684210526316
E07000194,A79,13,13,1.0
E07000218,A79,38,32,1.1875
E07000219,A79,72,66,1.0909090909090908
E07000220,A79,37,31,1.1935483870967742
E07000221,A79,62,59,1.0508474576271187
E07000222,A79,93,78,1.1923076923076923
E07000242,A79,14,14,1.0
E07000243,A79,5002,328,15.25
E08000035,A79,3,3,1.0
E09000003,A79,129,52,2.480769230769231
E09000004,A79,2605,1351,1.92820133234641
E09000006,A79,22855,8334,2.742380609551236
E09000008,A79,2,2,1.0
E09000011,A79,1619,977,1.6571136131013307
E09000018,A79,1144,315,3.6317460317460317
E09000023,A79,2,2,1.0
S12000036,A79,3,3,1.0
S12000041,A79,5,5,1.0
W06000015,A79,4,4,1.0
E06000017,A8,17,16,1.0625
E06000022,A8,2184,1163,1.877901977644024
E06000031,A8,213,183,1.1639344262295082
E06000046,A8,973,50,19.46
E06000060,A8,3744,2584,1.4489164086687307
E07000061,A8,84,63,1.3333333333333333
E07000062,A8,96,82,1.170731707317073
E07000063,A8,217,167,1.2994011976047903
E07000064,A8,271,185,1.4648648648648648
E07000065,A8,596,367,1.6239782016348774
E07000136,A8,246,76,3.236842105263158
E07000137,A8,780,246,3.1707317073170733
E07000138,A8,326,94,3.4680851063829787
E07000139,A8,468,141,3.3191489361702127
E07000140,A8,420,124,3.3870967741935485
E07000141,A8,687,218,3.1513761467889907
E07000142,A8,497,165,3.012121212121212
E07000150,A8,157,102,1.5392156862745099
E07000151,A8,589,370,1.5918918918918918
E07000152,A8,501,318,1.5754716981132075
E07000153,A8,447,293,1.5255972696245734
E07000154,A8,617,407,1.515970515970516
E07000155,A8,663,356,1.8623595505617978
E07000156,A8,380,234,1.623931623931624
E07000177,A8,1850,915,2.021857923497268
E07000178,A8,1048,553,1.895117540687161
E07000179,A8,2846,1211,2.3501238645747318
E07000180,A8,1691,874,1.934782608695652
E07000181,A8,1887,856,2.2044392523364484
E07000188,A8,1,1,1.0
E07000194,A8,17,15,1.1333333333333333
E09000003,A8,649,490,1.3244897959183672
E09000004,A8,223,177,1.2598870056497176
E09000006,A8,1940,1394,1.3916786226685796
E09000007,A8,2,1,2.0
E09000011,A8,172,134,1.2835820895522387
E09000018,A8,469,217,2.161290322580645
E09000023,A8,1,1,1.0
E09000033,A8,365,94,3.882978723404255
E06000017,A80,23,19,1.2105263157894737
E06000023,A80,393,247,1.591093117408907
E06000031,A80,116,88,1.3181818181818181
E06000046,A80,445,38,11.710526315789474
E06000049,A80,238,1,238.0
E06000056,A80,1,1,1.0
E07000136,A80,10,3,3.3333333333333335
E07000137,A80,20,6,3.3333333333333335
E07000138,A80,23,4,5.75
E07000139,A80,16,3,5.333333333333333
E07000140,A80,9,3,3.0
E07000141,A80,23,7,3.2857142857142856
E07000142,A80,10,2,5.0
E07000150,A80,20,13,1.5384615384615385
E07000151,A80,26,18,1.4444444444444444
E07000152,A80,23,17,1.3529411764705883
E07000153,A80,46,17,2.7058823529411766
E07000154,A80,89,44,2.022727272727273
E07000155,A80,39,25,1.56
E07000156,A80,22,15,1.4666666666666666
E09000003,A80,56,31,1.8064516129032258
E09000004,A80,329,171,1.9239766081871346
E09000011,A80,1,1,1.0
E09000012,A80,22,21,1.0476190476190477
E09000018,A80,305,117,2.606837606837607
E06000005,A81,1,1,1.0
E06000015,A81,2,1,2.0
E06000017,A81,246,167,1.473053892215569
E06000018,A81,1,1,1.0
E06000019,A81,1,1,1.0
E06000022,A81,2893,1669,1.7333732774116237
E06000023,A81,5337,3266,1.6341090018371096
E06000031,A81,396,324,1.2222222222222223
E06000035,A81,1,1,1.0
E06000038,A81,14,10,1.4
E06000043,A81,1,1,1.0
E06000045,A81,1,1,1.0
E06000046,A81,492,58,8.482758620689655
E06000049,A81,1500,8,187.5
E06000051,A81,1,1,1.0
E06000052,A81,1,1,1.0
E06000056,A81,20,11,1.8181818181818181
E06000060,A81,9657,5100,1.893529411764706
E07000028,A81,1,1,1.0
E07000029,A81,3,1,3.0
E07000031,A81,1,1,1.0
E07000036,A81,4,1,4.0
E07000061,A81,276,211,1.3080568720379147
E07000062,A81,278,200,1.39
E07000063,A81,612,460,1.3304347826086957
E07000064,A81,390,315,1.2380952380952381
E07000065,A81,832,480,1.7333333333333334
E07000084,A81,1,1,1.0
E07000089,A81,253,241,1.049792531120332
E07000090,A81,1,1,1.0
E07000094,A81,1,1,1.0
E07000125,A81,1,1,1.0
E07000136,A81,1014,271,3.7416974169741697
E07000137,A81,2301,698,3.2965616045845274
E07000138,A81,1891,563,3.358792184724689
E07000139,A81,2684,1087,2.46918123275069
E07000140,A81,1070,368,2.907608695652174
E07000141,A81,2125,945,2.248677248677249
E07000142,A81,2551,922,2.7668112798264644
E07000144,A81,2,1,2.0
E07000150,A81,5,5,1.0
E07000151,A81,16,14,1.1428571428571428
E07000152,A81,8,8,1.0
E07000153,A81,38,26,1.4615384615384615
E07000154,A81,85,63,1.3492063492063493
E07000155,A81,17,13,1.3076923076923077
E07000156,A81,18,16,1.125
E07000165,A81,16,16,1.0
E07000175,A81,2,1,2.0
E07000176,A81,1,1,1.0
E07000177,A81,2456,1685,1.457566765578635
E07000178,A81,2269,1202,1.8876871880199668
E07000179,A81,2399,1593,1.5059635907093534
E07000180,A81,2803,1981,1.4149419485108532
E07000181,A81,2000,1401,1.4275517487508922
E07000193,A81,1,1,1.0
E07000194,A81,21,16,1.3125
E07000195,A81,3,1,3.0
E07000196,A81,1,1,1.0
E07000218,A81,25,20,1.25
E07000219,A81,82,46,1.7826086956521738
E07000220,A81,54,43,1.255813953488372
E07000221,A81,58,54,1.0740740740740742
E07000222,A81,77,62,1.2419354838709677
E07000228,A81,4,1,4.0
E07000242,A81,8,8,1.0
E07000243,A81,213,126,1.6904761904761905
E07000244,A81,1,1,1.0
E08000003,A81,1,1,1.0
E08000011,A81,3,1,3.0
E08000021,A81,1,1,1.0
E08000028,A81,1,1,1.0
E08000034,A81,4,1,4.0
E08000035,A81,4,2,2.0
E08000037,A81,1,1,1.0
E09000003,A81,1628,1256,1.2961783439490446
E09000004,A81,715,501,1.4271457085828343
E09000006,A81,12083,7111,1.6991984249753902
E09000011,A81,238,183,1.3005464480874316
E09000018,A81,1063,557,1.9084380610412925
E09000033,A81,2075,311,6.672025723472669
S12000036,A81,7,7,1.0
S12000041,A81,586,446,1.3139013452914798
W06000015,A81,7,5,1.4
E06000017,A82,9,9,1.0
E06000022,A82,116,99,1.1717171717171717
E06000023,A82,264,181,1.4585635359116023
E06000031,A82,114,100,1.14
E06000045,A82,92,49,1.8775510204081634
E06000046,A82,50,13,3.8461538461538463
E06000049,A82,186,2,93.0
E06000060,A82,71,55,1.290909090909091
E07000061,A82,9,9,1.0
E07000062,A82,22,18,1.2222222222222223
E07000063,A82,56,44,1.2727272727272727
E07000064,A82,30,23,1.3043478260869565
E07000065,A82,34,26,1.3076923076923077
E07000089,A82,81,68,1.1911764705882353
E07000136,A82,7,6,1.1666666666666667
E07000137,A82,33,31,1.064516129032258
E07000138,A82,17,16,1.0625
E07000139,A82,18,16,1.125
E07000140,A82,12,12,1.0
E07000141,A82,14,14,1.0
E07000142,A82,25,25,1.0
E07000165,A82,40,40,1.0
E07000177,A82,63,54,1.1666666666666667
E07000178,A82,24,24,1.0
E07000179,A82,66,61,1.0819672131147542
E07000180,A82,54,52,1.0384615384615385
E07000181,A82,70,51,1.3725490196078431
E07000218,A82,13,11,1.1818181818181819
E07000219,A82,23,19,1.2105263157894737
E07000220,A82,12,12,1.0
E07000221,A82,26,25,1.04
E07000222,A82,21,20,1.05
E07000242,A82,3,3,1.0
E09000003,A82,16,16,1.0
E09000004,A82,35,32,1.09375
E09000011,A82,8,8,1.0
E09000018,A82,124,59,2.1016949152542375
S12000041,A82,2,2,1.0
E06000007,A83,1,1,1.0
E06000017,A83,108,81,1.3333333333333333
E06000022,A83,3,3,1.0
E06000023,A83,1031,740,1.3932432432432433
E06000025,A83,1,1,1.0
E06000031,A83,128,118,1.0847457627118644
E06000040,A83,1,1,1.0
E06000044,A83,1,1,1.0
E06000045,A83,90,84,1.0714285714285714
E06000046,A83,401,80,5.0125
E06000049,A83,693,6,115.5
E06000056,A83,2,2,1.0
E06000059,A83,2,1,2.0
E06000060,A83,883,525,1.681904761904762
E07000011,A83,2,1,2.0
E07000012,A83,2,1,2.0
E07000047,A83,1,1,1.0
E07000061,A83,30,25,1.2
E07000062,A83,30,27,1.1111111111111112
E07000063,A83,70,66,1.0606060606060606
E07000064,A83,96,80,1.2
E07000065,A83,223,127,1.7559055118110236
E07000071,A83,1,1,1.0
E07000085,A83,3,1,3.0
E07000086,A83,1,1,1.0
E07000089,A83,118,92,1.2826086956521738
E07000093,A83,1,1,1.0
E07000108,A83,1,1,1.0
E07000110,A83,1,1,1.0
E07000126,A83,1,1,1.0
E07000127,A83,3,1,3.0
E07000130,A83,1,1,1.0
E07000132,A83,1,1,1.0
E07000134,A83,7,1,7.0
E07000136,A83,78,17,4.588235294117647
E07000137,A83,124,35,3.5428571428571427
E07000138,A83,182,39,4.666666666666667
E07000139,A83,152,50,3.04
E07000140,A83,100,28,3.5714285714285716
E07000141,A83,131,46,2.847826086956522
E07000142,A83,86,26,3.3076923076923075
E07000146,A83,2,1,2.0
E07000149,A83,1,1,1.0
E07000150,A83,91,68,1.338235294117647
E07000151,A83,323,196,1.6479591836734695
E07000152,A83,326,167,1.9520958083832336
E07000153,A83,337,248,1.3588709677419355
E07000154,A83,659,440,1.4977272727272728
E07000155,A83,462,272,1.6985294117647058
E07000156,A83,228,162,1.4074074074074074
E07000165,A83,5,5,1.0
E07000166,A83,1,1,1.0
E07000172,A83,1,1,1.0
E07000177,A83,1185,775,1.5290322580645161
E07000178,A83,1003,685,1.4642335766423358
E07000179,A83,1370,784,1.7474489795918366
E07000180,A83,1019,712,1.4311797752808988
E07000181,A83,1002,618,1.6213592233009708
E07000194,A83,6,4,1.5
E07000196,A83,1,1,1.0
E07000209,A83,2,1,2.0
E07000214,A83,3,1,3.0
E07000216,A83,3,1,3.0
E07000218,A83,177,150,1.18
E07000219,A83,147,101,1.4554455445544554
E07000220,A83,208,157,1.3248407643312101
E07000221,A83,516,387,1.3333333333333333
E07000222,A83,355,264,1.3446969696969697
E07000223,A83,4,1,4.0
E07000228,A83,1,1,1.0
E07000229,A83,2,1,2.0
E07000242,A83,9,7,1.2857142857142858
E07000243,A83,42,32,1.3125
E07000245,A83,1,1,1.0
E08000001,A83,1,1,1.0
E08000010,A83,1,1,1.0
E08000011,A83,2,1,2.0
E08000019,A83,3,1,3.0
E08000022,A83,1,1,1.0
E08000033,A83,2,1,2.0
E08000034,A83,2,1,2.0
E08000035,A83,4,1,4.0
E08000036,A83,1,1,1.0
E08000037,A83,2,1,2.0
E09000003,A83,590,462,1.277056277056277
E09000004,A83,108,40,2.7
E09000006,A83,1821,948,1.9208860759493671
E09000011,A83,88,52,1.6923076923076923
E09000018,A83,298,113,2.6371681415929205
E09000020,A83,1,1,1.0
E09000023,A83,1,1,1.0
E09000033,A83,2237,366,6.112021857923497
S12000041,A83,7,6,1.1666666666666667
W06000015,A83,1,1,1.0
E06000045,A84,9,6,1.5
E06000022,A85,3,3,1.0
E06000013,A86,2,1,2.0
E06000014,A86,1,1,1.0
E06000015,A86,1,1,1.0
E06000017,A86,24,22,1.0909090909090908
E06000031,A86,178,109,1.6330275229357798
E06000037,A86,1,1,1.0
E06000038,A86,3,3,1.0
E06000040,A86,1,1,1.0
E06000045,A86,69,64,1.078125
E06000046,A86,300,18,16.666666666666668
E06000049,A86,128,3,42.666666666666664
E06000054,A86,2,1,2.0
E06000060,A86,1241,1006,1.2335984095427435
E07000012,A86,1,1,1.0
E07000029,A86,1,1,1.0
E07000031,A86,1,1,1.0
E07000036,A86,1,1,1.0
E07000061,A86,25,23,1.0869565217391304
E07000062,A86,44,33,1.3333333333333333
E07000063,A86,37,34,1.088235294117647
E07000064,A86,51,47,1.0851063829787233
E07000065,A86,52,46,1.1304347826086956
E07000081,A86,1,1,1.0
E07000083,A86,2,1,2.0
E07000086,A86,2,1,2.0
E07000089,A86,23,23,1.0
E07000108,A86,1,1,1.0
E07000119,A86,1,1,1.0
E07000125,A86,2,1,2.0
E07000126,A86,1,1,1.0
E07000128,A86,1,1,1.0
E07000134,A86,2,1,2.0
E07000136,A86,30,12,2.5
E07000137,A86,25,15,1.6666666666666667
E07000138,A86,96,41,2.341463414634146
E07000139,A86,44,19,2.3157894736842106
E07000140,A86,10,6,1.6666666666666667
E07000141,A86,48,17,2.823529411764706
E07000142,A86,25,13,1.9230769230769231
E07000143,A86,3,1,3.0
E07000153,A86,2,2,1.0
E07000154,A86,2,2,1.0
E07000155,A86,16,15,1.0666666666666667
E07000165,A86,2,2,1.0
E07000172,A86,1,1,1.0
E07000177,A86,311,262,1.1870229007633588
E07000178,A86,444,385,1.1532467532467532
E07000179,A86,203,180,1.1277777777777778
E07000180,A86,310,280,1.1071428571428572
E07000181,A86,147,132,1.1136363636363635
E07000194,A86,1,1,1.0
E07000195,A86,1,1,1.0
E07000218,A86,24,24,1.0
E07000219,A86,24,23,1.0434782608695652
E07000220,A86,42,38,1.105263157894737
E07000221,A86,66,61,1.0819672131147542
E07000222,A86,75,73,1.0273972602739727
E07000223,A86,89,1,89.0
E07000234,A86,1,1,1.0
E07000238,A86,1,1,1.0
E07000240,A86,1,1,1.0
E07000242,A86,2,1,2.0
E07000243,A86,5,3,1.6666666666666667
E07000244,A86,1,1,1.0
E08000004,A86,1,1,1.0
E08000008,A86,1,1,1.0
E08000018,A86,1,1,1.0
E08000035,A86,2,2,1.0
E08000037,A86,1,1,1.0
E09000003,A86,45,40,1.125
E09000004,A86,24,21,1.1428571428571428
E09000006,A86,97,92,1.0543478260869565
E09000011,A86,22,14,1.5714285714285714
E09000018,A86,6,5,1.2
S12000041,A86,5,5,1.0
W06000015,A86,1,1,1.0
E07000218,A87,316,249,1.2690763052208835
E07000219,A87,567,393,1.4427480916030535
E07000220,A87,423,308,1.3733766233766234
E07000221,A87,785,612,1.2826797385620916
E07000222,A87,1069,791,1.3514538558786346
E09000004,A87,1,1,1.0
E09000006,A87,8,8,1.0
E07000242,A88,16,16,1.0
E07000243,A88,148,77,1.922077922077922
E06000004,A9,1,1,1.0
E06000007,A9,1,1,1.0
E06000013,A9,1,1,1.0
E06000015,A9,1,1,1.0
E06000022,A9,1,1,1.0
E06000023,A9,161,144,1.1180555555555556
E06000026,A9,2,1,2.0
E06000043,A9,2,1,2.0
E06000046,A9,27,11,2.4545454545454546
E06000049,A9,1,1,1.0
E06000055,A9,1,1,1.0
E06000056,A9,7,7,1.0
E06000060,A9,418,326,1.2822085889570551
E07000012,A9,2,1,2.0
E07000026,A9,1,1,1.0
E07000029,A9,1,1,1.0
E07000036,A9,2,1,2.0
E07000045,A9,2,1,2.0
E07000063,A9,5,5,1.0
E07000064,A9,13,13,1.0
E07000065,A9,21,18,1.1666666666666667
E07000067,A9,1,1,1.0
E07000068,A9,1,1,1.0
E07000071,A9,1,1,1.0
E07000086,A9,1,1,1.0
E07000091,A9,2,1,2.0
E07000092,A9,1,1,1.0
E07000094,A9,2,1,2.0
E07000136,A9,60,20,3.0
E07000137,A9,178,63,2.8253968253968256
E07000138,A9,33,20,1.65
E07000139,A9,124,56,2.2142857142857144
E07000140,A9,129,32,4.03125
E07000141,A9,133,56,2.375
E07000142,A9,121,49,2.4693877551020407
E07000150,A9,6,3,2.0
E07000151,A9,35,15,2.3333333333333335
E07000152,A9,41,18,2.2777777777777777
E07000153,A9,23,6,3.8333333333333335
E07000154,A9,38,12,3.1666666666666665
E07000155,A9,43,29,1.4827586206896552
E07000156,A9,33,9,3.6666666666666665
E07000167,A9,1,1,1.0
E07000175,A9,1,1,1.0
E07000176,A9,2,1,2.0
E07000177,A9,49,46,1.065217391304348
E07000178,A9,43,42,1.0238095238095237
E07000179,A9,78,66,1.1818181818181819
E07000180,A9,73,62,1.1774193548387097
E07000181,A9,83,70,1.1857142857142857
E07000195,A9,1,1,1.0
E07000196,A9,1,1,1.0
E07000200,A9,1,1,1.0
E07000209,A9,1,1,1.0
E07000214,A9,1,1,1.0
E07000218,A9,8,7,1.1428571428571428
E07000219,A9,14,10,1.4
E07000220,A9,17,17,1.0
E07000221,A9,74,70,1.0571428571428572
E07000222,A9,30,30,1.0
E07000228,A9,1,1,1.0
E08000034,A9,1,1,1.0
E09000018,A9,6,5,1.2
E07000136,A90,132,49,2.693877551020408
E07000137,A90,405,163,2.4846625766871164
E07000138,A90,258,84,3.0714285714285716
E07000139,A90,312,169,1.8461538461538463
E07000140,A90,190,84,2.261904761904762
E07000141,A90,463,209,2.215311004784689
E07000142,A90,287,151,1.900662251655629
E09000003,A91,5,4,1.25
E06000023,A92,952,580,1.6413793103448275
E06000046,A92,611,9,67.88888888888889
E07000061,A92,4,4,1.0
E07000062,A92,3,3,1.0
E07000063,A92,4,4,1.0
E07000064,A92,7,7,1.0
E07000065,A92,22,18,1.2222222222222223
E07000177,A92,21,15,1.4
E07000178,A92,17,16,1.0625
E07000179,A92,57,52,1.0961538461538463
E07000180,A92,19,18,1.0555555555555556
E07000181,A92,7,7,1.0
E09000004,A92,75,67,1.1194029850746268
E09000018,A92,69,16,4.3125
E06000046,A93,7,1,7.0
E06000049,A94,41,1,41.0
E06000046,A95,46,6,7.666666666666667
E06000056,A95,1,1,1.0
E07000150,A95,40,32,1.25
E07000151,A95,86,73,1.178082191780822
E07000152,A95,110,91,1.2087912087912087
E07000153,A95,68,62,1.096774193548387
E07000154,A95,120,105,1.1428571428571428
E07000155,A95,136,94,1.446808510638298
E07000156,A95,48,42,1.1428571428571428
E09000004,A95,57,47,1.2127659574468086
