period,LSOA,SHEF_C_CODE,report_count,user_count,average
2010-8,,C3,1,1,1.0
2010-8,E01000005,C7,1,1,1.0
2010-8,E01000097,C8,1,1,1.0
2010-8,E01000113,C3,1,1,1.0
2010-8,E01000113,C7,1,1,1.0
2010-8,E01000115,C5,1,1,1.0
2010-8,E01000125,C3,1,1,1.0
2010-8,E01000150,C7,1,1,1.0
2010-8,E01000164,C3,1,1,1.0
2010-8,E01000169,C3,1,1,1.0
2010-8,E01000171,C3,2,1,2.0
2010-8,E01000173,C3,1,1,1.0
2010-8,E01000173,C7,1,1,1.0
2010-8,E01000174,C3,1,1,1.0
2010-8,E01000181,C7,2,2,1.0
2010-8,E01000182,C7,1,1,1.0
2010-8,E01000189,C7,1,1,1.0
2010-8,E01000228,C8,1,1,1.0
2010-8,E01000231,C7,1,1,1.0
2010-8,E01000236,C7,1,1,1.0
2010-8,E01000238,C3,1,1,1.0
2010-8,E01000238,C5,1,1,1.0
2010-8,E01000250,C5,1,1,1.0
2010-8,E01000250,C7,1,1,1.0
2010-8,E01000281,C7,1,1,1.0
2010-8,E01000307,C3,1,1,1.0
2010-8,E01000310,C3,1,1,1.0
2010-8,E01000310,C4,1,1,1.0
2010-8,E01000351,C5,1,1,1.0
2010-8,E01000423,C7,1,1,1.0
2010-8,E01000454,C7,1,1,1.0
2010-8,E01000457,C2,1,1,1.0
2010-8,E01000491,C3,1,1,1.0
2010-8,E01000491,C6,1,1,1.0
2010-8,E01000497,C4,1,1,1.0
2010-8,E01000499,C8,1,1,1.0
2010-8,E01000503,C8,1,1,1.0
2010-8,E01000504,C3,1,1,1.0
2010-8,E01000504,C7,1,1,1.0
2010-8,E01000545,C3,1,1,1.0
2010-8,E01000548,C3,1,1,1.0
2010-8,E01000553,C3,16,3,5.333333333333333
2010-8,E01000553,C4,4,1,4.0
2010-8,E01000553,C5,2,2,1.0
2010-8,E01000553,C7,3,2,1.5
2010-8,E01000554,C3,6,2,3.0
2010-8,E01000554,C4,4,1,4.0
2010-8,E01000554,C5,1,1,1.0
2010-8,E01000554,C7,11,1,11.0
2010-8,E01000555,C3,7,2,3.5
2010-8,E01000555,C4,6,1,6.0
2010-8,E01000555,C5,1,1,1.0
2010-8,E01000555,C6,1,1,1.0
2010-8,E01000556,C3,3,1,3.0
2010-8,E01000556,C4,8,1,8.0
2010-8,E01000556,C7,5,1,5.0
2010-8,E01000557,C4,1,1,1.0
2010-8,E01000557,C5,1,1,1.0
2010-8,E01000558,C3,1,1,1.0
2010-8,E01000573,C7,1,1,1.0
2010-8,E01000585,C3,2,1,2.0
2010-8,E01000642,C7,1,1,1.0
2010-8,E01000688,C7,1,1,1.0
2010-8,E01000692,C7,1,1,1.0
2010-8,E01000696,C7,1,1,1.0
2010-8,E01000698,C7,1,1,1.0
2010-8,E01000702,C7,2,2,1.0
2010-8,E01000707,C8,1,1,1.0
2010-8,E01000708,C7,1,1,1.0
2010-8,E01000719,C7,1,1,1.0
2010-8,E01000720,C3,1,1,1.0
2010-8,E01000728,C7,1,1,1.0
2010-8,E01000797,C3,1,1,1.0
2010-8,E01000800,C8,1,1,1.0
2010-8,E01000808,C7,1,1,1.0
2010-8,E01000855,C7,1,1,1.0
2010-8,E01000870,C3,1,1,1.0
2010-8,E01000872,C4,2,1,2.0
2010-8,E01000877,C3,1,1,1.0
2010-8,E01000918,C4,1,1,1.0
2010-8,E01000921,C5,1,1,1.0
2010-8,E01000940,C2,1,1,1.0
2010-8,E01000940,C7,1,1,1.0
2010-8,E01000945,C7,1,1,1.0
2010-8,E01000956,C7,1,1,1.0
2010-8,E01000957,C3,1,1,1.0
2010-8,E01000959,C7,1,1,1.0
2010-8,E01000963,C7,1,1,1.0
2010-8,E01000986,C7,1,1,1.0
2010-8,E01001018,C3,1,1,1.0
2010-8,E01001044,C3,1,1,1.0
2010-8,E01001064,C7,1,1,1.0
2010-8,E01001068,C7,1,1,1.0
2010-8,E01001083,C3,1,1,1.0
2010-8,E01001086,C3,1,1,1.0
2010-8,E01001090,C8,1,1,1.0
2010-8,E01001097,C3,1,1,1.0
2010-8,E01001100,C7,1,1,1.0
2010-8,E01001101,C5,1,1,1.0
2010-8,E01001107,C7,3,1,3.0
2010-8,E01001111,C5,1,1,1.0
2010-8,E01001127,C7,1,1,1.0
2010-8,E01001143,C5,1,1,1.0
2010-8,E01001145,C7,1,1,1.0
2010-8,E01001248,C5,1,1,1.0
2010-8,E01001251,C3,1,1,1.0
2010-8,E01001251,C5,1,1,1.0
2010-8,E01001252,C5,1,1,1.0
2010-8,E01001271,C5,1,1,1.0
2010-8,E01001278,C7,1,1,1.0
2010-8,E01001303,C7,1,1,1.0
2010-8,E01001343,C8,1,1,1.0
2010-8,E01001357,C6,1,1,1.0
2010-8,E01001358,C7,1,1,1.0
2010-8,E01001365,C8,1,1,1.0
2010-8,E01001380,C7,1,1,1.0
2010-8,E01001384,C7,1,1,1.0
2010-8,E01001385,C7,1,1,1.0
2010-8,E01001393,C3,1,1,1.0
2010-8,E01001408,C7,1,1,1.0
2010-8,E01001412,C7,1,1,1.0
2010-8,E01001465,C5,1,1,1.0
2010-8,E01001485,C3,1,1,1.0
2010-8,E01001526,C7,1,1,1.0
2010-8,E01001531,C3,1,1,1.0
2010-8,E01001580,C3,1,1,1.0
2010-8,E01001594,C8,1,1,1.0
2010-8,E01001605,C4,1,1,1.0
2010-8,E01001605,C7,1,1,1.0
2010-8,E01001608,C4,1,1,1.0
2010-8,E01001614,C3,1,1,1.0
2010-8,E01001620,C3,1,1,1.0
2010-8,E01001640,C3,1,1,1.0
2010-8,E01001641,C3,1,1,1.0
2010-8,E01001642,C7,1,1,1.0
2010-8,E01001646,C2,1,1,1.0
2010-8,E01001672,C2,1,1,1.0
2010-8,E01001701,C3,1,1,1.0
2010-8,E01001724,C3,1,1,1.0
2010-8,E01001760,C3,1,1,1.0
2010-8,E01001761,C7,1,1,1.0
2010-8,E01001767,C7,1,1,1.0
2010-8,E01001802,C7,1,1,1.0
2010-8,E01001814,C8,1,1,1.0
2010-8,E01001834,C5,1,1,1.0
2010-8,E01001852,C3,1,1,1.0
2010-8,E01001858,C4,1,1,1.0
2010-8,E01001874,C7,2,2,1.0
2010-8,E01001897,C7,1,1,1.0
2010-8,E01001900,C3,1,1,1.0
2010-8,E01001915,C7,1,1,1.0
2010-8,E01001925,C3,1,1,1.0
2010-8,E01001928,C4,1,1,1.0
2010-8,E01001932,C3,2,1,2.0
2010-8,E01001957,C8,1,1,1.0
2010-8,E01001999,C3,1,1,1.0
2010-8,E01002001,C3,1,1,1.0
2010-8,E01002017,C3,1,1,1.0
2010-8,E01002031,C5,1,1,1.0
2010-8,E01002036,C3,1,1,1.0
2010-8,E01002043,C3,2,1,2.0
2010-8,E01002055,C7,1,1,1.0
2010-8,E01002064,C3,1,1,1.0
2010-8,E01002064,C4,2,1,2.0
2010-8,E01002064,C5,1,1,1.0
2010-8,E01002065,C4,1,1,1.0
2010-8,E01002067,C3,1,1,1.0
2010-8,E01002097,C3,1,1,1.0
2010-8,E01002112,C7,1,1,1.0
2010-8,E01002119,C7,1,1,1.0
2010-8,E01002144,C7,1,1,1.0
2010-8,E01002181,C5,1,1,1.0
2010-8,E01002181,C7,1,1,1.0
2010-8,E01002209,C8,1,1,1.0
2010-8,E01002244,C3,2,1,2.0
2010-8,E01002254,C2,1,1,1.0
2010-8,E01002267,C7,1,1,1.0
2010-8,E01002345,C5,2,2,1.0
2010-8,E01002367,C5,1,1,1.0
2010-8,E01002398,C8,1,1,1.0
2010-8,E01002401,C7,1,1,1.0
2010-8,E01002401,C8,1,1,1.0
2010-8,E01002549,C7,1,1,1.0
2010-8,E01002562,C7,1,1,1.0
2010-8,E01002567,C7,1,1,1.0
2010-8,E01002573,C4,1,1,1.0
2010-8,E01002576,C3,1,1,1.0
2010-8,E01002577,C4,2,1,2.0
2010-8,E01002577,C7,1,1,1.0
2010-8,E01002578,C7,1,1,1.0
2010-8,E01002580,C4,1,1,1.0
2010-8,E01002592,C7,1,1,1.0
2010-8,E01002657,C2,1,1,1.0
2010-8,E01002657,C8,1,1,1.0
2010-8,E01002658,C3,1,1,1.0
2010-8,E01002677,C3,1,1,1.0
2010-8,E01002680,C5,1,1,1.0
2010-8,E01002681,C2,1,1,1.0
2010-8,E01002683,C5,1,1,1.0
2010-8,E01002683,C8,1,1,1.0
2010-8,E01002691,C4,1,1,1.0
2010-8,E01002692,C4,2,1,2.0
2010-8,E01002692,C5,1,1,1.0
2010-8,E01002693,C7,1,1,1.0
2010-8,E01002695,C7,1,1,1.0
2010-8,E01002697,C4,1,1,1.0
2010-8,E01002697,C7,1,1,1.0
2010-8,E01002699,C7,1,1,1.0
2010-8,E01002704,C7,1,1,1.0
2010-8,E01002706,C3,2,1,2.0
2010-8,E01002706,C5,1,1,1.0
2010-8,E01002709,C2,2,1,2.0
2010-8,E01002709,C5,1,1,1.0
2010-8,E01002710,C2,3,1,3.0
2010-8,E01002710,C3,1,1,1.0
2010-8,E01002710,C4,1,1,1.0
2010-8,E01002710,C5,2,1,2.0
2010-8,E01002710,C6,1,1,1.0
2010-8,E01002710,C7,2,1,2.0
2010-8,E01002711,C3,1,1,1.0
2010-8,E01002729,C7,1,1,1.0
2010-8,E01002731,C3,1,1,1.0
2010-8,E01002759,C5,1,1,1.0
2010-8,E01002771,C3,1,1,1.0
2010-8,E01002775,C7,1,1,1.0
2010-8,E01002785,C5,1,1,1.0
2010-8,E01002795,C7,1,1,1.0
2010-8,E01002806,C7,2,2,1.0
2010-8,E01002809,C3,1,1,1.0
2010-8,E01002810,C7,1,1,1.0
2010-8,E01002880,C7,1,1,1.0
2010-8,E01002892,C4,1,1,1.0
2010-8,E01002927,C5,1,1,1.0
2010-8,E01002931,C7,1,1,1.0
2010-8,E01002963,C7,2,1,2.0
2010-8,E01002993,C2,1,1,1.0
2010-8,E01003013,C3,2,2,1.0
2010-8,E01003013,C8,2,1,2.0
2010-8,E01003028,C7,1,1,1.0
2010-8,E01003043,C7,1,1,1.0
2010-8,E01003052,C7,1,1,1.0
2010-8,E01003054,C7,1,1,1.0
2010-8,E01003061,C2,1,1,1.0
2010-8,E01003065,C7,1,1,1.0
2010-8,E01003071,C5,1,1,1.0
2010-8,E01003074,C7,1,1,1.0
2010-8,E01003094,C7,1,1,1.0
2010-8,E01003095,C3,2,1,2.0
2010-8,E01003102,C2,1,1,1.0
2010-8,E01003117,C7,1,1,1.0
2010-8,E01003120,C5,2,1,2.0
2010-8,E01003122,C3,1,1,1.0
2010-8,E01003149,C5,1,1,1.0
2010-8,E01003162,C8,1,1,1.0
2010-8,E01003165,C3,1,1,1.0
2010-8,E01003165,C7,2,2,1.0
2010-8,E01003166,C4,1,1,1.0
2010-8,E01003166,C7,1,1,1.0
2010-8,E01003167,C3,1,1,1.0
2010-8,E01003167,C5,1,1,1.0
2010-8,E01003198,C3,1,1,1.0
2010-8,E01003200,C2,1,1,1.0
2010-8,E01003201,C7,1,1,1.0
2010-8,E01003210,C3,1,1,1.0
2010-8,E01003212,C7,1,1,1.0
2010-8,E01003221,C5,1,1,1.0
2010-8,E01003226,C7,2,2,1.0
2010-8,E01003230,C8,2,1,2.0
2010-8,E01003246,C3,1,1,1.0
2010-8,E01003256,C3,1,1,1.0
2010-8,E01003261,C5,1,1,1.0
2010-8,E01003292,C2,1,1,1.0
2010-8,E01003304,C3,1,1,1.0
2010-8,E01003318,C3,2,1,2.0
2010-8,E01003319,C3,1,1,1.0
2010-8,E01003334,C3,1,1,1.0
2010-8,E01003334,C5,1,1,1.0
2010-8,E01003336,C3,1,1,1.0
2010-8,E01003367,C3,1,1,1.0
2010-8,E01003367,C7,1,1,1.0
2010-8,E01003367,C8,1,1,1.0
2010-8,E01003369,C5,1,1,1.0
2010-8,E01003379,C3,1,1,1.0
2010-8,E01003392,C3,1,1,1.0
2010-8,E01003401,C7,1,1,1.0
2010-8,E01003411,C5,1,1,1.0
2010-8,E01003412,C3,1,1,1.0
2010-8,E01003413,C2,1,1,1.0
2010-8,E01003423,C7,1,1,1.0
2010-8,E01003455,C7,1,1,1.0
2010-8,E01003456,C4,1,1,1.0
2010-8,E01003460,C2,1,1,1.0
2010-8,E01003460,C5,1,1,1.0
2010-8,E01003476,C3,1,1,1.0
2010-8,E01003506,C3,2,1,2.0
2010-8,E01003547,C8,1,1,1.0
2010-8,E01003603,C3,1,1,1.0
2010-8,E01003617,C5,1,1,1.0
2010-8,E01003700,C7,1,1,1.0
2010-8,E01003761,C8,1,1,1.0
2010-8,E01003776,C7,1,1,1.0
2010-8,E01003800,C7,1,1,1.0
2010-8,E01003804,C8,1,1,1.0
2010-8,E01003812,C7,1,1,1.0
2010-8,E01003864,C7,1,1,1.0
2010-8,E01003877,C7,2,1,2.0
2010-8,E01003889,C7,3,1,3.0
2010-8,E01003898,C7,1,1,1.0
2010-8,E01003935,C7,1,1,1.0
2010-8,E01003949,C7,1,1,1.0
2010-8,E01003952,C7,1,1,1.0
2010-8,E01003966,C3,1,1,1.0
2010-8,E01003987,C3,1,1,1.0
2010-8,E01004016,C3,1,1,1.0
2010-8,E01004016,C5,1,1,1.0
2010-8,E01004016,C7,1,1,1.0
2010-8,E01004017,C7,1,1,1.0
2010-8,E01004018,C8,1,1,1.0
2010-8,E01004019,C7,1,1,1.0
2010-8,E01004027,C3,1,1,1.0
2010-8,E01004037,C4,1,1,1.0
2010-8,E01004040,C7,1,1,1.0
2010-8,E01004043,C5,1,1,1.0
2010-8,E01004052,C2,1,1,1.0
2010-8,E01004061,C5,1,1,1.0
2010-8,E01004062,C7,1,1,1.0
2010-8,E01004063,C7,1,1,1.0
2010-8,E01004064,C7,2,2,1.0
2010-8,E01004080,C5,1,1,1.0
2010-8,E01004178,C2,1,1,1.0
2010-8,E01004178,C7,3,3,1.0
2010-8,E01004182,C7,1,1,1.0
2010-8,E01004196,C7,1,1,1.0
2010-8,E01004199,C3,1,1,1.0
2010-8,E01004203,C3,1,1,1.0
2010-8,E01004206,C7,1,1,1.0
2010-8,E01004217,C8,1,1,1.0
2010-8,E01004232,C7,1,1,1.0
2010-8,E01004254,C7,1,1,1.0
2010-8,E01004262,C5,1,1,1.0
2010-8,E01004264,C7,2,1,2.0
2010-8,E01004269,C3,5,2,2.5
2010-8,E01004270,C3,4,1,4.0
2010-8,E01004294,C7,1,1,1.0
2010-8,E01004362,C3,1,1,1.0
2010-8,E01004365,C3,2,1,2.0
2010-8,E01004392,C3,2,1,2.0
2010-8,E01004397,C5,1,1,1.0
2010-8,E01004410,C3,1,1,1.0
2010-8,E01004410,C4,1,1,1.0
2010-8,E01004411,C7,1,1,1.0
2010-8,E01004422,C7,1,1,1.0
2010-8,E01004425,C3,3,3,1.0
2010-8,E01004443,C7,1,1,1.0
2010-8,E01004448,C7,1,1,1.0
2010-8,E01004461,C5,1,1,1.0
2010-8,E01004462,C2,1,1,1.0
2010-8,E01004465,C8,1,1,1.0
2010-8,E01004466,C8,1,1,1.0
2010-8,E01004468,C7,1,1,1.0
2010-8,E01004474,C7,1,1,1.0
2010-8,E01004476,C5,1,1,1.0
2010-8,E01004496,C2,1,1,1.0
2010-8,E01004496,C7,1,1,1.0
2010-8,E01004501,C5,1,1,1.0
2010-8,E01004505,C5,1,1,1.0
2010-8,E01004532,C3,1,1,1.0
2010-8,E01004539,C5,1,1,1.0
2010-8,E01004583,C3,1,1,1.0
2010-8,E01004583,C5,2,1,2.0
2010-8,E01004595,C7,1,1,1.0
2010-8,E01004606,C7,2,2,1.0
2010-8,E01004615,C7,1,1,1.0
2010-8,E01004623,C2,1,1,1.0
2010-8,E01004623,C5,1,1,1.0
2010-8,E01004623,C7,1,1,1.0
2010-8,E01004634,C8,1,1,1.0
2010-8,E01004639,C7,1,1,1.0
2010-8,E01004640,C7,1,1,1.0
2010-8,E01004666,C6,1,1,1.0
2010-8,E01004669,C7,1,1,1.0
2010-8,E01004691,C7,1,1,1.0
2010-8,E01004733,C7,1,1,1.0
2010-8,E01004736,C5,1,1,1.0
2010-8,E01004736,C7,3,3,1.0
2010-8,E01004749,C7,1,1,1.0
2010-8,E01004752,C7,1,1,1.0
2010-8,E01004765,C5,1,1,1.0
2010-8,E01004780,C3,1,1,1.0
2010-8,E01004782,C6,1,1,1.0
2010-8,E01004818,C5,1,1,1.0
2010-8,E01004830,C3,1,1,1.0
2010-8,E01004870,C5,1,1,1.0
2010-8,E01004893,C7,1,1,1.0
2010-8,E01004923,C7,1,1,1.0
2010-8,E01004930,C7,1,1,1.0
2010-8,E01004932,C7,1,1,1.0
2010-8,E01004935,C7,1,1,1.0
2010-8,E01004949,C4,2,1,2.0
2010-8,E01004954,C7,1,1,1.0
2010-8,E01004975,C3,1,1,1.0
2010-8,E01004986,C7,1,1,1.0
2010-8,E01004989,C3,1,1,1.0
2010-8,E01005005,C7,1,1,1.0
2010-8,E01005100,C8,1,1,1.0
2010-8,E01005108,C3,1,1,1.0
2010-8,E01005114,C7,1,1,1.0
2010-8,E01005114,C8,1,1,1.0
2010-8,E01005149,C7,1,1,1.0
2010-8,E01005151,C7,1,1,1.0
2010-8,E01005156,C5,1,1,1.0
2010-8,E01005167,C7,1,1,1.0
2010-8,E01005182,C5,1,1,1.0
2010-8,E01005183,C7,1,1,1.0
2010-8,E01005205,C7,1,1,1.0
2010-8,E01005226,C7,1,1,1.0
2010-8,E01005231,C3,1,1,1.0
2010-8,E01005244,C4,1,1,1.0
2010-8,E01005244,C7,1,1,1.0
2010-8,E01005251,C7,1,1,1.0
2010-8,E01005257,C5,1,1,1.0
2010-8,E01005279,C5,1,1,1.0
2010-8,E01005310,C3,1,1,1.0
2010-8,E01005328,C2,1,1,1.0
2010-8,E01005356,C7,1,1,1.0
2010-8,E01005363,C5,1,1,1.0
2010-8,E01005418,C7,1,1,1.0
2010-8,E01005428,C7,1,1,1.0
2010-8,E01005433,C7,1,1,1.0
2010-8,E01005445,C7,1,1,1.0
2010-8,E01005471,C7,2,1,2.0
2010-8,E01005495,C5,1,1,1.0
2010-8,E01005505,C2,1,1,1.0
2010-8,E01005555,C7,1,1,1.0
2010-8,E01005609,C7,1,1,1.0
2010-8,E01005611,C5,1,1,1.0
2010-8,E01005628,C3,1,1,1.0
2010-8,E01005628,C5,1,1,1.0
2010-8,E01005705,C7,1,1,1.0
2010-8,E01005714,C7,1,1,1.0
2010-8,E01005726,C8,1,1,1.0
2010-8,E01005744,C7,1,1,1.0
2010-8,E01005760,C7,1,1,1.0
2010-8,E01005760,C8,1,1,1.0
2010-8,E01005769,C3,1,1,1.0
2010-8,E01005771,C7,1,1,1.0
2010-8,E01005773,C7,4,1,4.0
2010-8,E01005777,C5,1,1,1.0
2010-8,E01005777,C6,1,1,1.0
2010-8,E01005783,C5,1,1,1.0
2010-8,E01005783,C8,1,1,1.0
2010-8,E01005833,C7,1,1,1.0
2010-8,E01005847,C7,1,1,1.0
2010-8,E01005854,C2,1,1,1.0
2010-8,E01005880,C8,2,1,2.0
2010-8,E01005898,C7,1,1,1.0
2010-8,E01005916,C7,1,1,1.0
2010-8,E01005917,C3,1,1,1.0
2010-8,E01005923,C7,1,1,1.0
2010-8,E01005956,C8,1,1,1.0
2010-8,E01005977,C7,1,1,1.0
2010-8,E01005995,C3,1,1,1.0
2010-8,E01006032,C5,1,1,1.0
2010-8,E01006035,C3,1,1,1.0
2010-8,E01006041,C7,1,1,1.0
2010-8,E01006069,C7,2,1,2.0
2010-8,E01006076,C3,1,1,1.0
2010-8,E01006082,C7,1,1,1.0
2010-8,E01006094,C5,1,1,1.0
2010-8,E01006106,C7,1,1,1.0
2010-8,E01006121,C7,1,1,1.0
2010-8,E01006140,C7,1,1,1.0
2010-8,E01006146,C2,1,1,1.0
2010-8,E01006155,C4,1,1,1.0
2010-8,E01006157,C3,1,1,1.0
2010-8,E01006157,C7,1,1,1.0
2010-8,E01006178,C7,1,1,1.0
2010-8,E01006186,C7,1,1,1.0
2010-8,E01006207,C3,2,1,2.0
2010-8,E01006214,C5,1,1,1.0
2010-8,E01006218,C2,1,1,1.0
2010-8,E01006272,C3,1,1,1.0
2010-8,E01006276,C5,1,1,1.0
2010-8,E01006282,C3,1,1,1.0
2010-8,E01006289,C7,2,1,2.0
2010-8,E01006295,C7,1,1,1.0
2010-8,E01006302,C8,1,1,1.0
2010-8,E01006308,C4,1,1,1.0
2010-8,E01006311,C8,1,1,1.0
2010-8,E01006369,C7,1,1,1.0
2010-8,E01006403,C3,1,1,1.0
2010-8,E01006414,C7,1,1,1.0
2010-8,E01006417,C3,1,1,1.0
2010-8,E01006464,C7,1,1,1.0
2010-8,E01006474,C2,1,1,1.0
2010-8,E01006497,C5,1,1,1.0
2010-8,E01006500,C5,1,1,1.0
2010-8,E01006515,C3,1,1,1.0
2010-8,E01006520,C7,1,1,1.0
2010-8,E01006540,C7,1,1,1.0
2010-8,E01006574,C3,1,1,1.0
2010-8,E01006611,C5,1,1,1.0
2010-8,E01006619,C3,1,1,1.0
2010-8,E01006682,C7,1,1,1.0
2010-8,E01006682,C8,1,1,1.0
2010-8,E01006695,C3,1,1,1.0
2010-8,E01006701,C3,1,1,1.0
2010-8,E01006702,C3,1,1,1.0
2010-8,E01006702,C4,1,1,1.0
2010-8,E01006702,C5,1,1,1.0
2010-8,E01006725,C3,1,1,1.0
2010-8,E01006744,C7,1,1,1.0
2010-8,E01006746,C8,2,1,2.0
2010-8,E01006759,C8,1,1,1.0
2010-8,E01006767,C7,1,1,1.0
2010-8,E01006774,C2,1,1,1.0
2010-8,E01006783,C4,1,1,1.0
2010-8,E01006938,C7,1,1,1.0
2010-8,E01006970,C3,1,1,1.0
2010-8,E01007014,C7,2,2,1.0
2010-8,E01007040,C7,1,1,1.0
2010-8,E01007120,C7,1,1,1.0
2010-8,E01007126,C2,1,1,1.0
2010-8,E01007147,C3,1,1,1.0
2010-8,E01007163,C7,1,1,1.0
2010-8,E01007182,C7,1,1,1.0
2010-8,E01007191,C5,1,1,1.0
2010-8,E01007197,C7,2,2,1.0
2010-8,E01007218,C3,2,1,2.0
2010-8,E01007231,C5,1,1,1.0
2010-8,E01007231,C7,1,1,1.0
2010-8,E01007238,C7,1,1,1.0
2010-8,E01007265,C7,1,1,1.0
2010-8,E01007273,C5,1,1,1.0
2010-8,E01007296,C3,1,1,1.0
2010-8,E01007300,C2,1,1,1.0
2010-8,E01007313,C7,1,1,1.0
2010-8,E01007318,C5,1,1,1.0
2010-8,E01007328,C5,1,1,1.0
2010-8,E01007329,C3,1,1,1.0
2010-8,E01007329,C5,1,1,1.0
2010-8,E01007346,C3,2,1,2.0
2010-8,E01007352,C7,1,1,1.0
2010-8,E01007366,C7,2,1,2.0
2010-8,E01007390,C7,1,1,1.0
2010-8,E01007395,C7,1,1,1.0
2010-8,E01007424,C2,1,1,1.0
2010-8,E01007424,C7,1,1,1.0
2010-8,E01007425,C7,1,1,1.0
2010-8,E01007445,C3,1,1,1.0
2010-8,E01007448,C3,1,1,1.0
2010-8,E01007463,C5,1,1,1.0
2010-8,E01007463,C7,2,2,1.0
2010-8,E01007475,C7,1,1,1.0
2010-8,E01007510,C7,2,1,2.0
2010-8,E01007527,C7,1,1,1.0
2010-8,E01007573,C5,1,1,1.0
2010-8,E01007586,C5,1,1,1.0
2010-8,E01007655,C2,1,1,1.0
2010-8,E01007655,C3,1,1,1.0
2010-8,E01007655,C5,1,1,1.0
2010-8,E01007667,C7,2,1,2.0
2010-8,E01007673,C7,1,1,1.0
2010-8,E01007687,C7,1,1,1.0
2010-8,E01007693,C4,1,1,1.0
2010-8,E01007693,C5,1,1,1.0
2010-8,E01007730,C3,1,1,1.0
2010-8,E01007750,C7,1,1,1.0
2010-8,E01007780,C3,1,1,1.0
2010-8,E01007802,C7,1,1,1.0
2010-8,E01007808,C7,1,1,1.0
2010-8,E01007810,C7,1,1,1.0
2010-8,E01007820,C5,2,2,1.0
2010-8,E01007821,C2,1,1,1.0
2010-8,E01007823,C3,1,1,1.0
2010-8,E01007828,C7,1,1,1.0
2010-8,E01007831,C2,1,1,1.0
2010-8,E01007832,C7,1,1,1.0
2010-8,E01007834,C8,1,1,1.0
2010-8,E01007865,C4,1,1,1.0
2010-8,E01007870,C6,1,1,1.0
2010-8,E01007885,C2,1,1,1.0
2010-8,E01007885,C3,2,1,2.0
2010-8,E01007886,C2,1,1,1.0
2010-8,E01007886,C3,1,1,1.0
2010-8,E01007904,C2,1,1,1.0
2010-8,E01007909,C3,1,1,1.0
2010-8,E01007956,C4,1,1,1.0
2010-8,E01007964,C7,1,1,1.0
2010-8,E01007965,C4,1,1,1.0
2010-8,E01007972,C2,1,1,1.0
2010-8,E01007973,C2,1,1,1.0
2010-8,E01007975,C3,1,1,1.0
2010-8,E01007981,C3,1,1,1.0
2010-8,E01007982,C3,1,1,1.0
2010-8,E01007983,C5,1,1,1.0
2010-8,E01007986,C2,1,1,1.0
2010-8,E01007990,C5,1,1,1.0
2010-8,E01007991,C8,1,1,1.0
2010-8,E01007996,C7,1,1,1.0
2010-8,E01008004,C7,1,1,1.0
2010-8,E01008007,C7,1,1,1.0
2010-8,E01008027,C6,1,1,1.0
2010-8,E01008040,C7,1,1,1.0
2010-8,E01008085,C5,1,1,1.0
2010-8,E01008088,C8,1,1,1.0
2010-8,E01008092,C7,1,1,1.0
2010-8,E01008093,C2,1,1,1.0
2010-8,E01008093,C7,1,1,1.0
2010-8,E01008108,C3,2,2,1.0
2010-8,E01008113,C3,1,1,1.0
2010-8,E01008114,C7,1,1,1.0
2010-8,E01008132,C7,1,1,1.0
2010-8,E01008140,C5,1,1,1.0
2010-8,E01008140,C7,1,1,1.0
2010-8,E01008167,C7,1,1,1.0
2010-8,E01008170,C7,2,1,2.0
2010-8,E01008259,C6,1,1,1.0
2010-8,E01008293,C8,1,1,1.0
2010-8,E01008298,C8,1,1,1.0
2010-8,E01008362,C4,1,1,1.0
2010-8,E01008386,C5,1,1,1.0
2010-8,E01008400,C8,1,1,1.0
2010-8,E01008406,C7,2,1,2.0
2010-8,E01008420,C8,1,1,1.0
2010-8,E01008425,C7,1,1,1.0
2010-8,E01008436,C5,3,1,3.0
2010-8,E01008442,C8,1,1,1.0
2010-8,E01008469,C5,1,1,1.0
2010-8,E01008501,C3,1,1,1.0
2010-8,E01008503,C4,1,1,1.0
2010-8,E01008529,C7,1,1,1.0
2010-8,E01008539,C3,1,1,1.0
2010-8,E01008543,C3,1,1,1.0
2010-8,E01008543,C7,2,1,2.0
2010-8,E01008552,C7,2,2,1.0
2010-8,E01008693,C2,1,1,1.0
2010-8,E01008772,C5,1,1,1.0
2010-8,E01008782,C7,1,1,1.0
2010-8,E01008870,C7,1,1,1.0
2010-8,E01008886,C8,1,1,1.0
2010-8,E01008892,C2,1,1,1.0
2010-8,E01008893,C2,1,1,1.0
2010-8,E01008918,C3,2,1,2.0
2010-8,E01008931,C4,1,1,1.0
2010-8,E01008942,C4,1,1,1.0
2010-8,E01008942,C7,2,1,2.0
2010-8,E01008948,C5,1,1,1.0
2010-8,E01008967,C7,1,1,1.0
2010-8,E01008971,C4,1,1,1.0
2010-8,E01008984,C7,1,1,1.0
2010-8,E01008995,C7,1,1,1.0
2010-8,E01009031,C4,1,1,1.0
2010-8,E01009032,C3,1,1,1.0
2010-8,E01009035,C5,1,1,1.0
2010-8,E01009043,C7,1,1,1.0
2010-8,E01009050,C7,1,1,1.0
2010-8,E01009056,C7,1,1,1.0
2010-8,E01009059,C5,1,1,1.0
2010-8,E01009060,C7,1,1,1.0
2010-8,E01009104,C7,1,1,1.0
2010-8,E01009128,C7,1,1,1.0
2010-8,E01009137,C2,1,1,1.0
2010-8,E01009158,C3,2,1,2.0
2010-8,E01009161,C5,1,1,1.0
2010-8,E01009163,C2,1,1,1.0
2010-8,E01009163,C7,1,1,1.0
2010-8,E01009169,C7,1,1,1.0
2010-8,E01009188,C7,1,1,1.0
2010-8,E01009209,C5,1,1,1.0
2010-8,E01009209,C7,1,1,1.0
2010-8,E01009210,C7,2,1,2.0
2010-8,E01009215,C3,1,1,1.0
2010-8,E01009215,C8,1,1,1.0
2010-8,E01009217,C7,1,1,1.0
2010-8,E01009226,C5,1,1,1.0
2010-8,E01009246,C7,1,1,1.0
2010-8,E01009263,C7,1,1,1.0
2010-8,E01009263,C8,1,1,1.0
2010-8,E01009267,C5,1,1,1.0
2010-8,E01009275,C7,1,1,1.0
2010-8,E01009278,C2,1,1,1.0
2010-8,E01009306,C5,1,1,1.0
2010-8,E01009309,C5,1,1,1.0
2010-8,E01009310,C7,1,1,1.0
2010-8,E01009314,C7,1,1,1.0
2010-8,E01009361,C3,1,1,1.0
2010-8,E01009371,C5,1,1,1.0
2010-8,E01009378,C3,1,1,1.0
2010-8,E01009378,C8,1,1,1.0
2010-8,E01009379,C7,1,1,1.0
2010-8,E01009401,C7,1,1,1.0
2010-8,E01009405,C7,1,1,1.0
2010-8,E01009408,C8,1,1,1.0
2010-8,E01009414,C5,1,1,1.0
2010-8,E01009457,C7,1,1,1.0
2010-8,E01009516,C3,1,1,1.0
2010-8,E01009516,C7,1,1,1.0
2010-8,E01009657,C7,1,1,1.0
2010-8,E01009686,C2,1,1,1.0
2010-8,E01009694,C6,1,1,1.0
2010-8,E01009742,C7,1,1,1.0
2010-8,E01009744,C8,1,1,1.0
2010-8,E01009768,C7,2,1,2.0
2010-8,E01009791,C8,1,1,1.0
2010-8,E01009807,C4,3,1,3.0
2010-8,E01009808,C4,2,2,1.0
2010-8,E01009815,C7,1,1,1.0
2010-8,E01009816,C2,1,1,1.0
2010-8,E01009840,C7,1,1,1.0
2010-8,E01009844,C7,1,1,1.0
2010-8,E01009878,C7,1,1,1.0
2010-8,E01009896,C2,1,1,1.0
2010-8,E01009903,C5,1,1,1.0
2010-8,E01009915,C8,1,1,1.0
2010-8,E01009933,C5,1,1,1.0
2010-8,E01009941,C7,1,1,1.0
2010-8,E01009970,C2,1,1,1.0
2010-8,E01009998,C5,1,1,1.0
2010-8,E01010000,C3,1,1,1.0
2010-8,E01010011,C7,1,1,1.0
2010-8,E01010019,C8,1,1,1.0
2010-8,E01010020,C3,1,1,1.0
2010-8,E01010022,C8,1,1,1.0
2010-8,E01010028,C8,1,1,1.0
2010-8,E01010063,C3,1,1,1.0
2010-8,E01010072,C2,1,1,1.0
2010-8,E01010083,C7,3,2,1.5
2010-8,E01010091,C7,1,1,1.0
2010-8,E01010103,C5,1,1,1.0
2010-8,E01010117,C7,1,1,1.0
2010-8,E01010121,C3,1,1,1.0
2010-8,E01010121,C5,1,1,1.0
2010-8,E01010121,C6,1,1,1.0
2010-8,E01010153,C7,1,1,1.0
2010-8,E01010165,C3,1,1,1.0
2010-8,E01010179,C5,1,1,1.0
2010-8,E01010186,C7,1,1,1.0
2010-8,E01010202,C8,1,1,1.0
2010-8,E01010232,C7,1,1,1.0
2010-8,E01010236,C3,2,2,1.0
2010-8,E01010236,C5,1,1,1.0
2010-8,E01010246,C7,1,1,1.0
2010-8,E01010254,C3,1,1,1.0
2010-8,E01010262,C8,1,1,1.0
2010-8,E01010316,C5,1,1,1.0
2010-8,E01010322,C7,1,1,1.0
2010-8,E01010356,C7,1,1,1.0
2010-8,E01010368,C7,2,2,1.0
2010-8,E01010369,C5,1,1,1.0
2010-8,E01010389,C5,1,1,1.0
2010-8,E01010412,C5,1,1,1.0
2010-8,E01010428,C3,1,1,1.0
2010-8,E01010430,C7,1,1,1.0
2010-8,E01010433,C3,1,1,1.0
2010-8,E01010433,C7,1,1,1.0
2010-8,E01010490,C7,1,1,1.0
2010-8,E01010491,C7,1,1,1.0
2010-8,E01010508,C7,1,1,1.0
2010-8,E01010510,C7,1,1,1.0
2010-8,E01010511,C3,1,1,1.0
2010-8,E01010511,C7,1,1,1.0
2010-8,E01010512,C7,2,2,1.0
2010-8,E01010531,C7,3,1,3.0
2010-8,E01010532,C7,1,1,1.0
2010-8,E01010533,C3,1,1,1.0
2010-8,E01010533,C7,1,1,1.0
2010-8,E01010534,C7,1,1,1.0
2010-8,E01010551,C3,1,1,1.0
2010-8,E01010562,C5,1,1,1.0
2010-8,E01010564,C3,1,1,1.0
2010-8,E01010578,C7,1,1,1.0
2010-8,E01010582,C7,1,1,1.0
2010-8,E01010589,C5,1,1,1.0
2010-8,E01010590,C7,3,2,1.5
2010-8,E01010592,C7,1,1,1.0
2010-8,E01010594,C7,3,2,1.5
2010-8,E01010595,C5,1,1,1.0
2010-8,E01010595,C7,5,2,2.5
2010-8,E01010612,C3,1,1,1.0
2010-8,E01010621,C7,1,1,1.0
2010-8,E01010679,C5,1,1,1.0
2010-8,E01010681,C7,1,1,1.0
2010-8,E01010690,C8,1,1,1.0
2010-8,E01010746,C3,1,1,1.0
2010-8,E01010752,C7,3,1,3.0
2010-8,E01010753,C7,2,2,1.0
2010-8,E01010754,C7,2,1,2.0
2010-8,E01010769,C2,1,1,1.0
2010-8,E01010773,C7,1,1,1.0
2010-8,E01010774,C7,1,1,1.0
2010-8,E01010795,C7,17,2,8.5
2010-8,E01010796,C7,11,2,5.5
2010-8,E01010798,C7,1,1,1.0
2010-8,E01010800,C5,1,1,1.0
2010-8,E01010807,C7,1,1,1.0
2010-8,E01010809,C8,1,1,1.0
2010-8,E01010828,C5,1,1,1.0
2010-8,E01010833,C7,2,1,2.0
2010-8,E01010837,C5,1,1,1.0
2010-8,E01010839,C3,1,1,1.0
2010-8,E01010843,C7,1,1,1.0
2010-8,E01010901,C7,1,1,1.0
2010-8,E01010942,C7,1,1,1.0
2010-8,E01010947,C4,1,1,1.0
2010-8,E01010952,C7,1,1,1.0
2010-8,E01010954,C3,1,1,1.0
2010-8,E01010969,C3,1,1,1.0
2010-8,E01010971,C7,1,1,1.0
2010-8,E01010985,C7,2,2,1.0
2010-8,E01010992,C5,1,1,1.0
2010-8,E01011002,C3,1,1,1.0
2010-8,E01011002,C7,1,1,1.0
2010-8,E01011012,C7,1,1,1.0
2010-8,E01011036,C7,1,1,1.0
2010-8,E01011041,C7,1,1,1.0
2010-8,E01011063,C7,1,1,1.0
2010-8,E01011070,C5,1,1,1.0
2010-8,E01011071,C2,1,1,1.0
2010-8,E01011071,C7,1,1,1.0
2010-8,E01011081,C7,1,1,1.0
2010-8,E01011098,C7,1,1,1.0
2010-8,E01011100,C8,1,1,1.0
2010-8,E01011129,C2,1,1,1.0
2010-8,E01011147,C4,2,2,1.0
2010-8,E01011152,C3,1,1,1.0
2010-8,E01011152,C4,2,1,2.0
2010-8,E01011154,C8,1,1,1.0
2010-8,E01011177,C7,1,1,1.0
2010-8,E01011195,C5,1,1,1.0
2010-8,E01011250,C8,1,1,1.0
2010-8,E01011267,C5,1,1,1.0
2010-8,E01011270,C7,1,1,1.0
2010-8,E01011271,C7,1,1,1.0
2010-8,E01011280,C7,1,1,1.0
2010-8,E01011283,C7,1,1,1.0
2010-8,E01011312,C3,1,1,1.0
2010-8,E01011325,C7,1,1,1.0
2010-8,E01011407,C5,1,1,1.0
2010-8,E01011415,C7,1,1,1.0
2010-8,E01011471,C5,1,1,1.0
2010-8,E01011477,C7,1,1,1.0
2010-8,E01011478,C3,1,1,1.0
2010-8,E01011483,C3,2,1,2.0
2010-8,E01011504,C7,1,1,1.0
2010-8,E01011505,C7,1,1,1.0
2010-8,E01011507,C5,1,1,1.0
2010-8,E01011507,C7,1,1,1.0
2010-8,E01011534,C3,1,1,1.0
2010-8,E01011554,C5,1,1,1.0
2010-8,E01011564,C7,1,1,1.0
2010-8,E01011582,C3,1,1,1.0
2010-8,E01011607,C7,1,1,1.0
2010-8,E01011626,C5,1,1,1.0
2010-8,E01011641,C7,1,1,1.0
2010-8,E01011645,C7,1,1,1.0
2010-8,E01011653,C7,1,1,1.0
2010-8,E01011669,C7,1,1,1.0
2010-8,E01011678,C7,1,1,1.0
2010-8,E01011687,C7,1,1,1.0
2010-8,E01011709,C7,1,1,1.0
2010-8,E01011729,C3,1,1,1.0
2010-8,E01011733,C5,1,1,1.0
2010-8,E01011741,C5,1,1,1.0
2010-8,E01011758,C7,1,1,1.0
2010-8,E01011759,C5,1,1,1.0
2010-8,E01011784,C3,1,1,1.0
2010-8,E01011831,C7,1,1,1.0
2010-8,E01011833,C2,2,1,2.0
2010-8,E01011833,C7,1,1,1.0
2010-8,E01011843,C7,1,1,1.0
2010-8,E01011871,C7,1,1,1.0
2010-8,E01011887,C7,1,1,1.0
2010-8,E01011898,C2,1,1,1.0
2010-8,E01011898,C7,1,1,1.0
2010-8,E01011910,C5,1,1,1.0
2010-8,E01011932,C7,1,1,1.0
2010-8,E01011949,C7,1,1,1.0
2010-8,E01011950,C7,1,1,1.0
2010-8,E01012020,C8,1,1,1.0
2010-8,E01012021,C5,1,1,1.0
2010-8,E01012038,C7,1,1,1.0
2010-8,E01012044,C3,1,1,1.0
2010-8,E01012047,C7,1,1,1.0
2010-8,E01012052,C7,1,1,1.0
2010-8,E01012057,C2,1,1,1.0
2010-8,E01012066,C8,1,1,1.0
2010-8,E01012073,C8,1,1,1.0
2010-8,E01012078,C5,1,1,1.0
2010-8,E01012119,C7,1,1,1.0
2010-8,E01012217,C3,1,1,1.0
2010-8,E01012217,C7,1,1,1.0
2010-8,E01012217,C8,1,1,1.0
2010-8,E01012218,C5,1,1,1.0
2010-8,E01012264,C7,1,1,1.0
2010-8,E01012303,C5,1,1,1.0
2010-8,E01012318,C4,1,1,1.0
2010-8,E01012329,C7,1,1,1.0
2010-8,E01012334,C3,1,1,1.0
2010-8,E01012334,C7,2,2,1.0
2010-8,E01012343,C7,1,1,1.0
2010-8,E01012427,C5,1,1,1.0
2010-8,E01012450,C7,1,1,1.0
2010-8,E01012459,C7,1,1,1.0
2010-8,E01012462,C7,1,1,1.0
2010-8,E01012497,C7,1,1,1.0
2010-8,E01012501,C7,1,1,1.0
2010-8,E01012518,C3,2,1,2.0
2010-8,E01012564,C7,1,1,1.0
2010-8,E01012567,C7,1,1,1.0
2010-8,E01012584,C3,1,1,1.0
2010-8,E01012596,C3,2,2,1.0
2010-8,E01012629,C3,2,1,2.0
2010-8,E01012629,C5,3,2,1.5
2010-8,E01012629,C7,1,1,1.0
2010-8,E01012632,C2,1,1,1.0
2010-8,E01012637,C7,1,1,1.0
2010-8,E01012640,C3,1,1,1.0
2010-8,E01012640,C7,1,1,1.0
2010-8,E01012640,C8,1,1,1.0
2010-8,E01012650,C4,1,1,1.0
2010-8,E01012650,C5,1,1,1.0
2010-8,E01012650,C7,1,1,1.0
2010-8,E01012653,C7,2,1,2.0
2010-8,E01012661,C7,1,1,1.0
2010-8,E01012680,C3,1,1,1.0
2010-8,E01012740,C7,1,1,1.0
2010-8,E01012751,C3,3,1,3.0
2010-8,E01012755,C2,1,1,1.0
2010-8,E01012755,C7,1,1,1.0
2010-8,E01012848,C5,1,1,1.0
2010-8,E01012904,C8,1,1,1.0
2010-8,E01012909,C8,2,1,2.0
2010-8,E01012964,C3,1,1,1.0
2010-8,E01012992,C3,1,1,1.0
2010-8,E01013035,C2,1,1,1.0
2010-8,E01013047,C7,1,1,1.0
2010-8,E01013094,C7,2,1,2.0
2010-8,E01013095,C3,1,1,1.0
2010-8,E01013096,C5,2,2,1.0
2010-8,E01013096,C7,1,1,1.0
2010-8,E01013102,C2,1,1,1.0
2010-8,E01013164,C6,1,1,1.0
2010-8,E01013164,C7,1,1,1.0
2010-8,E01013201,C7,1,1,1.0
2010-8,E01013209,C8,1,1,1.0
2010-8,E01013226,C8,1,1,1.0
2010-8,E01013309,C7,1,1,1.0
2010-8,E01013422,C8,1,1,1.0
2010-8,E01013423,C7,1,1,1.0
2010-8,E01013426,C3,1,1,1.0
2010-8,E01013426,C5,1,1,1.0
2010-8,E01013427,C2,1,1,1.0
2010-8,E01013432,C2,1,1,1.0
2010-8,E01013455,C3,1,1,1.0
2010-8,E01013455,C5,1,1,1.0
2010-8,E01013473,C7,1,1,1.0
2010-8,E01013474,C8,1,1,1.0
2010-8,E01013479,C3,1,1,1.0
2010-8,E01013485,C7,1,1,1.0
2010-8,E01013595,C5,1,1,1.0
2010-8,E01013628,C3,1,1,1.0
2010-8,E01013647,C5,1,1,1.0
2010-8,E01013655,C8,1,1,1.0
2010-8,E01013661,C7,1,1,1.0
2010-8,E01013696,C2,1,1,1.0
2010-8,E01013697,C5,1,1,1.0
2010-8,E01013697,C7,1,1,1.0
2010-8,E01013774,C3,1,1,1.0
2010-8,E01013781,C3,1,1,1.0
2010-8,E01013783,C3,1,1,1.0
2010-8,E01013805,C7,2,1,2.0
2010-8,E01013839,C3,2,1,2.0
2010-8,E01013840,C3,1,1,1.0
2010-8,E01013840,C4,1,1,1.0
2010-8,E01013841,C3,2,1,2.0
2010-8,E01013859,C5,1,1,1.0
2010-8,E01013861,C5,2,2,1.0
2010-8,E01013864,C3,1,1,1.0
2010-8,E01013871,C7,1,1,1.0
2010-8,E01013901,C2,1,1,1.0
2010-8,E01013901,C7,1,1,1.0
2010-8,E01013918,C5,1,1,1.0
2010-8,E01013926,C8,1,1,1.0
2010-8,E01013933,C3,2,1,2.0
2010-8,E01013935,C7,1,1,1.0
2010-8,E01013945,C7,1,1,1.0
2010-8,E01013979,C7,1,1,1.0
2010-8,E01014009,C5,1,1,1.0
2010-8,E01014010,C7,1,1,1.0
2010-8,E01014011,C7,1,1,1.0
2010-8,E01014018,C7,1,1,1.0
2010-8,E01014041,C3,1,1,1.0
2010-8,E01014044,C6,1,1,1.0
2010-8,E01014051,C7,1,1,1.0
2010-8,E01014056,C7,1,1,1.0
2010-8,E01014081,C5,1,1,1.0
2010-8,E01014082,C7,2,1,2.0
2010-8,E01014098,C7,1,1,1.0
2010-8,E01014112,C7,2,1,2.0
2010-8,E01014116,C7,1,1,1.0
2010-8,E01014119,C7,1,1,1.0
2010-8,E01014125,C7,1,1,1.0
2010-8,E01014126,C3,1,1,1.0
2010-8,E01014148,C7,1,1,1.0
2010-8,E01014174,C2,1,1,1.0
2010-8,E01014178,C7,1,1,1.0
2010-8,E01014184,C3,1,1,1.0
2010-8,E01014185,C7,1,1,1.0
2010-8,E01014190,C4,1,1,1.0
2010-8,E01014190,C7,1,1,1.0
2010-8,E01014192,C7,1,1,1.0
2010-8,E01014240,C7,1,1,1.0
2010-8,E01014250,C8,3,1,3.0
2010-8,E01014251,C3,1,1,1.0
2010-8,E01014253,C7,1,1,1.0
2010-8,E01014254,C7,1,1,1.0
2010-8,E01014258,C6,1,1,1.0
2010-8,E01014264,C7,2,1,2.0
2010-8,E01014302,C4,1,1,1.0
2010-8,E01014306,C7,1,1,1.0
2010-8,E01014349,C7,1,1,1.0
2010-8,E01014354,C5,1,1,1.0
2010-8,E01014356,C7,1,1,1.0
2010-8,E01014360,C6,3,1,3.0
2010-8,E01014360,C7,1,1,1.0
2010-8,E01014364,C5,1,1,1.0
2010-8,E01014379,C3,1,1,1.0
2010-8,E01014381,C3,1,1,1.0
2010-8,E01014405,C7,2,2,1.0
2010-8,E01014448,C7,1,1,1.0
2010-8,E01014501,C8,1,1,1.0
2010-8,E01014508,C3,1,1,1.0
2010-8,E01014533,C4,1,1,1.0
2010-8,E01014534,C3,1,1,1.0
2010-8,E01014540,C5,1,1,1.0
2010-8,E01014544,C2,1,1,1.0
2010-8,E01014544,C6,1,1,1.0
2010-8,E01014544,C7,7,1,7.0
2010-8,E01014549,C5,1,1,1.0
2010-8,E01014549,C8,1,1,1.0
2010-8,E01014552,C2,2,1,2.0
2010-8,E01014555,C7,1,1,1.0
2010-8,E01014565,C8,1,1,1.0
2010-8,E01014571,C7,1,1,1.0
2010-8,E01014572,C3,1,1,1.0
2010-8,E01014585,C5,1,1,1.0
2010-8,E01014610,C7,1,1,1.0
2010-8,E01014621,C3,1,1,1.0
2010-8,E01014630,C7,2,2,1.0
2010-8,E01014640,C7,1,1,1.0
2010-8,E01014672,C3,1,1,1.0
2010-8,E01014695,C5,1,1,1.0
2010-8,E01014709,C7,3,2,1.5
2010-8,E01014739,C7,1,1,1.0
2010-8,E01014741,C7,1,1,1.0
2010-8,E01014742,C7,1,1,1.0
2010-8,E01014750,C4,1,1,1.0
2010-8,E01014750,C7,1,1,1.0
2010-8,E01014752,C2,1,1,1.0
2010-8,E01014753,C7,2,1,2.0
2010-8,E01014754,C5,1,1,1.0
2010-8,E01014754,C7,4,1,4.0
2010-8,E01014754,C8,1,1,1.0
2010-8,E01014755,C7,4,1,4.0
2010-8,E01014758,C2,1,1,1.0
2010-8,E01014758,C7,2,1,2.0
2010-8,E01014762,C7,1,1,1.0
2010-8,E01014774,C2,1,1,1.0
2010-8,E01014774,C3,1,1,1.0
2010-8,E01014774,C5,1,1,1.0
2010-8,E01014774,C7,1,1,1.0
2010-8,E01014776,C7,1,1,1.0
2010-8,E01014785,C7,2,2,1.0
2010-8,E01014795,C8,1,1,1.0
2010-8,E01014810,C7,1,1,1.0
2010-8,E01014817,C7,1,1,1.0
2010-8,E01014842,C3,1,1,1.0
2010-8,E01014849,C7,1,1,1.0
2010-8,E01014864,C3,1,1,1.0
2010-8,E01014865,C7,1,1,1.0
2010-8,E01014904,C7,1,1,1.0
2010-8,E01014910,C7,1,1,1.0
2010-8,E01014952,C7,1,1,1.0
2010-8,E01014953,C7,1,1,1.0
2010-8,E01014968,C7,1,1,1.0
2010-8,E01014969,C3,1,1,1.0
2010-8,E01015015,C2,1,1,1.0
2010-8,E01015015,C7,1,1,1.0
2010-8,E01015030,C5,1,1,1.0
2010-8,E01015030,C8,1,1,1.0
2010-8,E01015031,C7,1,1,1.0
2010-8,E01015041,C3,1,1,1.0
2010-8,E01015051,C7,1,1,1.0
2010-8,E01015061,C7,1,1,1.0
2010-8,E01015065,C3,1,1,1.0
2010-8,E01015068,C5,1,1,1.0
2010-8,E01015085,C3,1,1,1.0
2010-8,E01015091,C8,1,1,1.0
2010-8,E01015093,C3,1,1,1.0
2010-8,E01015117,C2,1,1,1.0
2010-8,E01015126,C7,1,1,1.0
2010-8,E01015142,C7,1,1,1.0
2010-8,E01015160,C7,1,1,1.0
2010-8,E01015161,C5,1,1,1.0
2010-8,E01015165,C8,1,1,1.0
2010-8,E01015178,C3,1,1,1.0
2010-8,E01015186,C7,1,1,1.0
2010-8,E01015236,C7,1,1,1.0
2010-8,E01015236,C8,1,1,1.0
2010-8,E01015257,C3,1,1,1.0
2010-8,E01015264,C2,1,1,1.0
2010-8,E01015264,C5,1,1,1.0
2010-8,E01015273,C7,1,1,1.0
2010-8,E01015281,C3,3,1,3.0
2010-8,E01015285,C3,1,1,1.0
2010-8,E01015285,C7,3,2,1.5
2010-8,E01015287,C7,1,1,1.0
2010-8,E01015288,C7,1,1,1.0
2010-8,E01015291,C7,1,1,1.0
2010-8,E01015296,C7,1,1,1.0
2010-8,E01015297,C7,1,1,1.0
2010-8,E01015299,C7,1,1,1.0
2010-8,E01015306,C3,1,1,1.0
2010-8,E01015314,C3,1,1,1.0
2010-8,E01015318,C7,1,1,1.0
2010-8,E01015356,C7,1,1,1.0
2010-8,E01015367,C7,1,1,1.0
2010-8,E01015371,C5,1,1,1.0
2010-8,E01015418,C7,1,1,1.0
2010-8,E01015452,C4,1,1,1.0
2010-8,E01015480,C3,1,1,1.0
2010-8,E01015490,C2,1,1,1.0
2010-8,E01015490,C3,1,1,1.0
2010-8,E01015523,C7,1,1,1.0
2010-8,E01015524,C7,1,1,1.0
2010-8,E01015543,C3,1,1,1.0
2010-8,E01015552,C3,1,1,1.0
2010-8,E01015568,C3,2,1,2.0
2010-8,E01015568,C4,1,1,1.0
2010-8,E01015568,C6,1,1,1.0
2010-8,E01015568,C7,2,1,2.0
2010-8,E01015568,C8,1,1,1.0
2010-8,E01015571,C6,1,1,1.0
2010-8,E01015599,C3,2,1,2.0
2010-8,E01015599,C7,1,1,1.0
2010-8,E01015605,C4,2,1,2.0
2010-8,E01015605,C6,1,1,1.0
2010-8,E01015605,C7,3,1,3.0
2010-8,E01015607,C7,1,1,1.0
2010-8,E01015608,C4,1,1,1.0
2010-8,E01015611,C4,1,1,1.0
2010-8,E01015611,C6,1,1,1.0
2010-8,E01015612,C4,1,1,1.0
2010-8,E01015614,C7,4,1,4.0
2010-8,E01015615,C4,2,1,2.0
2010-8,E01015615,C7,1,1,1.0
2010-8,E01015623,C7,1,1,1.0
2010-8,E01015640,C3,2,1,2.0
2010-8,E01015643,C7,1,1,1.0
2010-8,E01015645,C4,1,1,1.0
2010-8,E01015646,C7,1,1,1.0
2010-8,E01015647,C7,5,1,5.0
2010-8,E01015657,C3,1,1,1.0
2010-8,E01015670,C7,1,1,1.0
2010-8,E01015694,C8,1,1,1.0
2010-8,E01015696,C7,1,1,1.0
2010-8,E01015703,C2,1,1,1.0
2010-8,E01015703,C3,1,1,1.0
2010-8,E01015703,C7,1,1,1.0
2010-8,E01015732,C7,1,1,1.0
2010-8,E01015753,C3,1,1,1.0
2010-8,E01015789,C8,1,1,1.0
2010-8,E01015796,C3,1,1,1.0
2010-8,E01015859,C5,1,1,1.0
2010-8,E01015865,C5,1,1,1.0
2010-8,E01015908,C3,1,1,1.0
2010-8,E01015950,C3,1,1,1.0
2010-8,E01016003,C3,1,1,1.0
2010-8,E01016031,C3,1,1,1.0
2010-8,E01016031,C5,1,1,1.0
2010-8,E01016031,C7,2,1,2.0
2010-8,E01016039,C3,1,1,1.0
2010-8,E01016039,C7,1,1,1.0
2010-8,E01016045,C2,1,1,1.0
2010-8,E01016059,C8,1,1,1.0
2010-8,E01016102,C8,1,1,1.0
2010-8,E01016112,C4,1,1,1.0
2010-8,E01016113,C7,1,1,1.0
2010-8,E01016126,C7,1,1,1.0
2010-8,E01016135,C8,1,1,1.0
2010-8,E01016147,C3,1,1,1.0
2010-8,E01016161,C7,1,1,1.0
2010-8,E01016169,C6,1,1,1.0
2010-8,E01016220,C2,1,1,1.0
2010-8,E01016220,C7,1,1,1.0
2010-8,E01016245,C7,1,1,1.0
2010-8,E01016247,C5,1,1,1.0
2010-8,E01016252,C3,1,1,1.0
2010-8,E01016264,C3,1,1,1.0
2010-8,E01016277,C3,1,1,1.0
2010-8,E01016328,C3,1,1,1.0
2010-8,E01016328,C7,1,1,1.0
2010-8,E01016332,C2,1,1,1.0
2010-8,E01016334,C8,1,1,1.0
2010-8,E01016355,C7,1,1,1.0
2010-8,E01016357,C4,2,1,2.0
2010-8,E01016358,C3,1,1,1.0
2010-8,E01016360,C5,1,1,1.0
2010-8,E01016364,C7,1,1,1.0
2010-8,E01016365,C7,1,1,1.0
2010-8,E01016368,C4,2,2,1.0
2010-8,E01016368,C5,3,1,3.0
2010-8,E01016369,C3,2,1,2.0
2010-8,E01016369,C4,1,1,1.0
2010-8,E01016369,C7,2,2,1.0
2010-8,E01016369,C8,1,1,1.0
2010-8,E01016370,C4,1,1,1.0
2010-8,E01016374,C3,1,1,1.0
2010-8,E01016375,C2,1,1,1.0
2010-8,E01016375,C3,2,2,1.0
2010-8,E01016375,C4,1,1,1.0
2010-8,E01016375,C6,1,1,1.0
2010-8,E01016376,C4,4,3,1.3333333333333333
2010-8,E01016376,C5,2,2,1.0
2010-8,E01016377,C2,1,1,1.0
2010-8,E01016377,C3,1,1,1.0
2010-8,E01016377,C4,1,1,1.0
2010-8,E01016378,C4,1,1,1.0
2010-8,E01016379,C4,1,1,1.0
2010-8,E01016390,C4,4,2,2.0
2010-8,E01016391,C4,5,3,1.6666666666666667
2010-8,E01016391,C7,2,2,1.0
2010-8,E01016392,C4,1,1,1.0
2010-8,E01016394,C5,2,2,1.0
2010-8,E01016400,C5,1,1,1.0
2010-8,E01016413,C3,1,1,1.0
2010-8,E01016413,C4,1,1,1.0
2010-8,E01016414,C4,1,1,1.0
2010-8,E01016414,C7,1,1,1.0
2010-8,E01016416,C5,2,2,1.0
2010-8,E01016418,C7,1,1,1.0
2010-8,E01016429,C7,1,1,1.0
2010-8,E01016434,C4,1,1,1.0
2010-8,E01016438,C2,1,1,1.0
2010-8,E01016438,C3,3,1,3.0
2010-8,E01016438,C4,1,1,1.0
2010-8,E01016438,C7,4,3,1.3333333333333333
2010-8,E01016440,C7,1,1,1.0
2010-8,E01016442,C5,2,1,2.0
2010-8,E01016442,C8,1,1,1.0
2010-8,E01016464,C5,2,1,2.0
2010-8,E01016491,C3,1,1,1.0
2010-8,E01016491,C5,1,1,1.0
2010-8,E01016491,C7,2,1,2.0
2010-8,E01016508,C4,1,1,1.0
2010-8,E01016509,C5,1,1,1.0
2010-8,E01016514,C3,1,1,1.0
2010-8,E01016529,C7,1,1,1.0
2010-8,E01016574,C2,1,1,1.0
2010-8,E01016591,C5,1,1,1.0
2010-8,E01016608,C7,1,1,1.0
2010-8,E01016612,C7,2,2,1.0
2010-8,E01016613,C8,1,1,1.0
2010-8,E01016617,C5,1,1,1.0
2010-8,E01016620,C4,1,1,1.0
2010-8,E01016625,C5,1,1,1.0
2010-8,E01016631,C3,1,1,1.0
2010-8,E01016634,C5,1,1,1.0
2010-8,E01016639,C7,1,1,1.0
2010-8,E01016649,C5,1,1,1.0
2010-8,E01016671,C7,1,1,1.0
2010-8,E01016679,C4,1,1,1.0
2010-8,E01016696,C5,1,1,1.0
2010-8,E01016703,C5,1,1,1.0
2010-8,E01016753,C7,1,1,1.0
2010-8,E01016773,C2,1,1,1.0
2010-8,E01016829,C7,1,1,1.0
2010-8,E01016850,C5,1,1,1.0
2010-8,E01016850,C7,1,1,1.0
2010-8,E01016857,C7,1,1,1.0
2010-8,E01016875,C5,1,1,1.0
2010-8,E01016876,C3,1,1,1.0
2010-8,E01016878,C5,1,1,1.0
2010-8,E01016889,C2,1,1,1.0
2010-8,E01016891,C2,1,1,1.0
2010-8,E01016897,C3,1,1,1.0
2010-8,E01016897,C8,1,1,1.0
2010-8,E01016906,C2,1,1,1.0
2010-8,E01016928,C7,2,1,2.0
2010-8,E01016934,C3,1,1,1.0
2010-8,E01016945,C8,1,1,1.0
2010-8,E01016952,C3,1,1,1.0
2010-8,E01016954,C3,1,1,1.0
2010-8,E01016954,C5,1,1,1.0
2010-8,E01016955,C3,1,1,1.0
2010-8,E01016966,C5,1,1,1.0
2010-8,E01016968,C3,1,1,1.0
2010-8,E01016969,C3,1,1,1.0
2010-8,E01016969,C5,1,1,1.0
2010-8,E01016969,C7,1,1,1.0
2010-8,E01016977,C7,1,1,1.0
2010-8,E01016980,C5,1,1,1.0
2010-8,E01016980,C7,1,1,1.0
2010-8,E01016999,C3,1,1,1.0
2010-8,E01017006,C5,2,2,1.0
2010-8,E01017014,C5,1,1,1.0
2010-8,E01017027,C8,1,1,1.0
2010-8,E01017029,C2,1,1,1.0
2010-8,E01017032,C5,1,1,1.0
2010-8,E01017046,C7,2,2,1.0
2010-8,E01017054,C7,1,1,1.0
2010-8,E01017059,C7,1,1,1.0
2010-8,E01017066,C5,1,1,1.0
2010-8,E01017070,C5,2,2,1.0
2010-8,E01017084,C8,1,1,1.0
2010-8,E01017105,C7,1,1,1.0
2010-8,E01017108,C5,1,1,1.0
2010-8,E01017124,C3,1,1,1.0
2010-8,E01017148,C7,1,1,1.0
2010-8,E01017150,C7,1,1,1.0
2010-8,E01017184,C4,1,1,1.0
2010-8,E01017184,C6,1,1,1.0
2010-8,E01017184,C7,1,1,1.0
2010-8,E01017188,C2,1,1,1.0
2010-8,E01017194,C7,1,1,1.0
2010-8,E01017210,C2,1,1,1.0
2010-8,E01017214,C3,1,1,1.0
2010-8,E01017223,C7,1,1,1.0
2010-8,E01017249,C5,1,1,1.0
2010-8,E01017290,C2,1,1,1.0
2010-8,E01017290,C5,1,1,1.0
2010-8,E01017310,C5,1,1,1.0
2010-8,E01017312,C5,1,1,1.0
2010-8,E01017335,C7,2,1,2.0
2010-8,E01017336,C7,1,1,1.0
2010-8,E01017339,C7,2,1,2.0
2010-8,E01017340,C7,1,1,1.0
2010-8,E01017343,C7,3,3,1.0
2010-8,E01017404,C7,3,2,1.5
2010-8,E01017405,C7,2,1,2.0
2010-8,E01017406,C7,1,1,1.0
2010-8,E01017412,C3,4,4,1.0
2010-8,E01017412,C7,1,1,1.0
2010-8,E01017435,C7,1,1,1.0
2010-8,E01017436,C3,2,2,1.0
2010-8,E01017436,C7,1,1,1.0
2010-8,E01017439,C7,1,1,1.0
2010-8,E01017440,C7,1,1,1.0
2010-8,E01017456,C7,1,1,1.0
2010-8,E01017462,C7,1,1,1.0
2010-8,E01017475,C3,1,1,1.0
2010-8,E01017486,C3,1,1,1.0
2010-8,E01017497,C8,1,1,1.0
2010-8,E01017520,C8,1,1,1.0
2010-8,E01017523,C7,2,1,2.0
2010-8,E01017555,C5,1,1,1.0
2010-8,E01017555,C7,1,1,1.0
2010-8,E01017555,C8,1,1,1.0
2010-8,E01017561,C7,1,1,1.0
2010-8,E01017570,C7,2,2,1.0
2010-8,E01017578,C4,1,1,1.0
2010-8,E01017600,C3,1,1,1.0
2010-8,E01017600,C5,1,1,1.0
2010-8,E01017611,C7,1,1,1.0
2010-8,E01017619,C2,1,1,1.0
2010-8,E01017619,C8,1,1,1.0
2010-8,E01017620,C7,1,1,1.0
2010-8,E01017638,C7,1,1,1.0
2010-8,E01017646,C3,1,1,1.0
2010-8,E01017652,C7,2,2,1.0
2010-8,E01017659,C4,1,1,1.0
2010-8,E01017663,C2,1,1,1.0
2010-8,E01017666,C2,1,1,1.0
2010-8,E01017670,C7,1,1,1.0
2010-8,E01017674,C7,1,1,1.0
2010-8,E01017681,C7,1,1,1.0
2010-8,E01017694,C7,1,1,1.0
2010-8,E01017696,C3,1,1,1.0
2010-8,E01017701,C2,1,1,1.0
2010-8,E01017701,C7,1,1,1.0
2010-8,E01017712,C7,2,2,1.0
2010-8,E01017723,C8,2,1,2.0
2010-8,E01017726,C3,1,1,1.0
2010-8,E01017726,C7,1,1,1.0
2010-8,E01017727,C7,1,1,1.0
2010-8,E01017742,C7,2,2,1.0
2010-8,E01017743,C5,1,1,1.0
2010-8,E01017743,C7,1,1,1.0
2010-8,E01017745,C7,1,1,1.0
2010-8,E01017746,C7,1,1,1.0
2010-8,E01017750,C7,1,1,1.0
2010-8,E01017753,C7,1,1,1.0
2010-8,E01017760,C4,1,1,1.0
2010-8,E01017782,C7,1,1,1.0
2010-8,E01017783,C8,1,1,1.0
2010-8,E01017796,C7,1,1,1.0
2010-8,E01017800,C7,1,1,1.0
2010-8,E01017803,C7,1,1,1.0
2010-8,E01017804,C2,1,1,1.0
2010-8,E01017804,C3,1,1,1.0
2010-8,E01017804,C5,1,1,1.0
2010-8,E01017804,C7,5,1,5.0
2010-8,E01017810,C3,1,1,1.0
2010-8,E01017812,C7,1,1,1.0
2010-8,E01017816,C7,1,1,1.0
2010-8,E01017823,C3,1,1,1.0
2010-8,E01017846,C7,1,1,1.0
2010-8,E01017848,C3,1,1,1.0
2010-8,E01017849,C7,1,1,1.0
2010-8,E01017856,C3,1,1,1.0
2010-8,E01017858,C5,1,1,1.0
2010-8,E01017875,C7,1,1,1.0
2010-8,E01017892,C5,1,1,1.0
2010-8,E01017925,C3,1,1,1.0
2010-8,E01017935,C7,1,1,1.0
2010-8,E01017943,C7,3,3,1.0
2010-8,E01017943,C8,1,1,1.0
2010-8,E01017948,C6,1,1,1.0
2010-8,E01017949,C7,3,3,1.0
2010-8,E01017952,C7,1,1,1.0
2010-8,E01017957,C7,1,1,1.0
2010-8,E01017958,C7,1,1,1.0
2010-8,E01017969,C7,1,1,1.0
2010-8,E01017971,C3,1,1,1.0
2010-8,E01017971,C7,1,1,1.0
2010-8,E01017973,C2,1,1,1.0
2010-8,E01017973,C3,1,1,1.0
2010-8,E01017974,C7,1,1,1.0
2010-8,E01017979,C5,1,1,1.0
2010-8,E01017986,C7,1,1,1.0
2010-8,E01017987,C4,1,1,1.0
2010-8,E01017987,C7,1,1,1.0
2010-8,E01017998,C7,2,1,2.0
2010-8,E01018000,C3,1,1,1.0
2010-8,E01018000,C5,1,1,1.0
2010-8,E01018000,C7,1,1,1.0
2010-8,E01018001,C7,1,1,1.0
2010-8,E01018005,C7,1,1,1.0
2010-8,E01018006,C7,1,1,1.0
2010-8,E01018008,C7,1,1,1.0
2010-8,E01018017,C7,1,1,1.0
2010-8,E01018027,C5,1,1,1.0
2010-8,E01018058,C7,1,1,1.0
2010-8,E01018063,C7,2,1,2.0
2010-8,E01018066,C7,1,1,1.0
2010-8,E01018068,C3,1,1,1.0
2010-8,E01018070,C7,1,1,1.0
2010-8,E01018072,C7,1,1,1.0
2010-8,E01018074,C7,1,1,1.0
2010-8,E01018093,C7,1,1,1.0
2010-8,E01018124,C8,1,1,1.0
2010-8,E01018144,C2,1,1,1.0
2010-8,E01018146,C2,1,1,1.0
2010-8,E01018156,C7,1,1,1.0
2010-8,E01018168,C5,1,1,1.0
2010-8,E01018169,C5,1,1,1.0
2010-8,E01018198,C7,1,1,1.0
2010-8,E01018213,C7,1,1,1.0
2010-8,E01018220,C7,2,1,2.0
2010-8,E01018223,C7,1,1,1.0
2010-8,E01018226,C7,1,1,1.0
2010-8,E01018233,C7,1,1,1.0
2010-8,E01018237,C7,1,1,1.0
2010-8,E01018241,C7,1,1,1.0
2010-8,E01018243,C3,1,1,1.0
2010-8,E01018246,C7,1,1,1.0
2010-8,E01018247,C7,1,1,1.0
2010-8,E01018255,C7,1,1,1.0
2010-8,E01018266,C7,1,1,1.0
2010-8,E01018274,C7,3,1,3.0
2010-8,E01018274,C8,2,2,1.0
2010-8,E01018277,C3,1,1,1.0
2010-8,E01018288,C7,1,1,1.0
2010-8,E01018292,C7,1,1,1.0
2010-8,E01018297,C5,1,1,1.0
2010-8,E01018297,C7,1,1,1.0
2010-8,E01018298,C8,1,1,1.0
2010-8,E01018299,C7,2,1,2.0
2010-8,E01018302,C2,1,1,1.0
2010-8,E01018305,C7,1,1,1.0
2010-8,E01018308,C7,1,1,1.0
2010-8,E01018309,C5,1,1,1.0
2010-8,E01018341,C7,1,1,1.0
2010-8,E01018375,C3,1,1,1.0
2010-8,E01018383,C7,2,2,1.0
2010-8,E01018448,C5,1,1,1.0
2010-8,E01018461,C6,2,1,2.0
2010-8,E01018464,C3,1,1,1.0
2010-8,E01018490,C7,1,1,1.0
2010-8,E01018491,C8,1,1,1.0
2010-8,E01018501,C7,1,1,1.0
2010-8,E01018532,C7,1,1,1.0
2010-8,E01018534,C7,1,1,1.0
2010-8,E01018535,C7,1,1,1.0
2010-8,E01018551,C7,1,1,1.0
2010-8,E01018558,C7,1,1,1.0
2010-8,E01018571,C5,1,1,1.0
2010-8,E01018578,C7,1,1,1.0
2010-8,E01018581,C2,1,1,1.0
2010-8,E01018585,C7,1,1,1.0
2010-8,E01018595,C3,1,1,1.0
2010-8,E01018603,C7,1,1,1.0
2010-8,E01018607,C7,1,1,1.0
2010-8,E01018615,C7,1,1,1.0
2010-8,E01018633,C7,1,1,1.0
2010-8,E01018638,C7,1,1,1.0
2010-8,E01018673,C2,1,1,1.0
2010-8,E01018708,C2,1,1,1.0
2010-8,E01018708,C7,1,1,1.0
2010-8,E01018765,C5,1,1,1.0
2010-8,E01018793,C3,1,1,1.0
2010-8,E01018797,C7,1,1,1.0
2010-8,E01018803,C7,2,1,2.0
2010-8,E01018804,C5,1,1,1.0
2010-8,E01018842,C7,1,1,1.0
2010-8,E01018868,C4,1,1,1.0
2010-8,E01018871,C7,1,1,1.0
2010-8,E01018892,C1,1,1,1.0
2010-8,E01018892,C8,1,1,1.0
2010-8,E01018897,C4,1,1,1.0
2010-8,E01018899,C5,1,1,1.0
2010-8,E01018909,C7,1,1,1.0
2010-8,E01018937,C4,1,1,1.0
2010-8,E01019007,C2,1,1,1.0
2010-8,E01019007,C3,2,1,2.0
2010-8,E01019007,C7,1,1,1.0
2010-8,E01019021,C8,1,1,1.0
2010-8,E01019028,C7,1,1,1.0
2010-8,E01019036,C3,1,1,1.0
2010-8,E01019044,C7,1,1,1.0
2010-8,E01019101,C7,1,1,1.0
2010-8,E01019109,C3,1,1,1.0
2010-8,E01019125,C7,1,1,1.0
2010-8,E01019149,C7,1,1,1.0
2010-8,E01019168,C7,1,1,1.0
2010-8,E01019280,C3,1,1,1.0
2010-8,E01019293,C7,1,1,1.0
2010-8,E01019341,C7,1,1,1.0
2010-8,E01019346,C3,1,1,1.0
2010-8,E01019350,C7,1,1,1.0
2010-8,E01019358,C2,1,1,1.0
2010-8,E01019359,C7,1,1,1.0
2010-8,E01019363,C7,1,1,1.0
2010-8,E01019365,C7,2,1,2.0
2010-8,E01019377,C7,1,1,1.0
2010-8,E01019387,C7,1,1,1.0
2010-8,E01019395,C7,1,1,1.0
2010-8,E01019396,C5,1,1,1.0
2010-8,E01019400,C7,1,1,1.0
2010-8,E01019400,C8,1,1,1.0
2010-8,E01019405,C7,1,1,1.0
2010-8,E01019447,C3,1,1,1.0
2010-8,E01019451,C2,1,1,1.0
2010-8,E01019452,C3,1,1,1.0
2010-8,E01019452,C7,1,1,1.0
2010-8,E01019472,C3,1,1,1.0
2010-8,E01019478,C7,1,1,1.0
2010-8,E01019503,C8,1,1,1.0
2010-8,E01019515,C3,1,1,1.0
2010-8,E01019519,C7,1,1,1.0
2010-8,E01019570,C7,1,1,1.0
2010-8,E01019587,C2,1,1,1.0
2010-8,E01019591,C8,1,1,1.0
2010-8,E01019601,C7,1,1,1.0
2010-8,E01019634,C5,1,1,1.0
2010-8,E01019647,C3,2,1,2.0
2010-8,E01019647,C7,1,1,1.0
2010-8,E01019699,C7,1,1,1.0
2010-8,E01019710,C7,1,1,1.0
2010-8,E01019715,C7,1,1,1.0
2010-8,E01019746,C7,1,1,1.0
2010-8,E01019751,C2,1,1,1.0
2010-8,E01019769,C3,1,1,1.0
2010-8,E01019843,C7,1,1,1.0
2010-8,E01019848,C3,1,1,1.0
2010-8,E01019897,C7,1,1,1.0
2010-8,E01019904,C3,1,1,1.0
2010-8,E01019909,C7,1,1,1.0
2010-8,E01019912,C5,1,1,1.0
2010-8,E01019916,C8,1,1,1.0
2010-8,E01019986,C8,1,1,1.0
2010-8,E01019994,C3,1,1,1.0
2010-8,E01019994,C7,1,1,1.0
2010-8,E01020002,C5,1,1,1.0
2010-8,E01020007,C8,1,1,1.0
2010-8,E01020025,C3,1,1,1.0
2010-8,E01020025,C4,1,1,1.0
2010-8,E01020055,C3,1,1,1.0
2010-8,E01020057,C8,1,1,1.0
2010-8,E01020061,C7,1,1,1.0
2010-8,E01020075,C7,3,1,3.0
2010-8,E01020087,C7,2,1,2.0
2010-8,E01020091,C4,1,1,1.0
2010-8,E01020103,C3,1,1,1.0
2010-8,E01020108,C7,1,1,1.0
2010-8,E01020112,C3,1,1,1.0
2010-8,E01020112,C5,1,1,1.0
2010-8,E01020114,C6,1,1,1.0
2010-8,E01020120,C5,1,1,1.0
2010-8,E01020121,C2,1,1,1.0
2010-8,E01020126,C3,1,1,1.0
2010-8,E01020126,C7,1,1,1.0
2010-8,E01020132,C6,2,1,2.0
2010-8,E01020132,C7,1,1,1.0
2010-8,E01020133,C7,1,1,1.0
2010-8,E01020141,C6,1,1,1.0
2010-8,E01020151,C5,1,1,1.0
2010-8,E01020152,C7,1,1,1.0
2010-8,E01020160,C7,1,1,1.0
2010-8,E01020168,C5,1,1,1.0
2010-8,E01020196,C7,1,1,1.0
2010-8,E01020210,C2,1,1,1.0
2010-8,E01020218,C2,1,1,1.0
2010-8,E01020222,C5,1,1,1.0
2010-8,E01020222,C7,1,1,1.0
2010-8,E01020227,C7,1,1,1.0
2010-8,E01020233,C2,1,1,1.0
2010-8,E01020241,C7,2,1,2.0
2010-8,E01020250,C8,1,1,1.0
2010-8,E01020253,C7,1,1,1.0
2010-8,E01020254,C8,1,1,1.0
2010-8,E01020258,C5,1,1,1.0
2010-8,E01020265,C2,1,1,1.0
2010-8,E01020271,C5,1,1,1.0
2010-8,E01020272,C2,1,1,1.0
2010-8,E01020276,C4,1,1,1.0
2010-8,E01020278,C3,3,2,1.5
2010-8,E01020278,C8,2,1,2.0
2010-8,E01020280,C3,1,1,1.0
2010-8,E01020289,C7,1,1,1.0
2010-8,E01020293,C7,1,1,1.0
2010-8,E01020299,C4,1,1,1.0
2010-8,E01020305,C7,1,1,1.0
2010-8,E01020309,C5,1,1,1.0
2010-8,E01020310,C3,2,1,2.0
2010-8,E01020310,C4,1,1,1.0
2010-8,E01020310,C6,1,1,1.0
2010-8,E01020310,C7,4,1,4.0
2010-8,E01020326,C7,1,1,1.0
2010-8,E01020334,C5,1,1,1.0
2010-8,E01020334,C6,1,1,1.0
2010-8,E01020339,C7,2,1,2.0
2010-8,E01020352,C7,1,1,1.0
2010-8,E01020367,C6,1,1,1.0
2010-8,E01020372,C7,1,1,1.0
2010-8,E01020387,C5,1,1,1.0
2010-8,E01020392,C7,1,1,1.0
2010-8,E01020400,C7,2,1,2.0
2010-8,E01020404,C3,1,1,1.0
2010-8,E01020416,C7,1,1,1.0
2010-8,E01020419,C2,1,1,1.0
2010-8,E01020419,C5,1,1,1.0
2010-8,E01020420,C3,1,1,1.0
2010-8,E01020430,C3,1,1,1.0
2010-8,E01020454,C7,1,1,1.0
2010-8,E01020466,C5,1,1,1.0
2010-8,E01020512,C3,1,1,1.0
2010-8,E01020531,C5,1,1,1.0
2010-8,E01020531,C7,1,1,1.0
2010-8,E01020539,C7,1,1,1.0
2010-8,E01020574,C7,2,1,2.0
2010-8,E01020607,C7,1,1,1.0
2010-8,E01020611,C7,1,1,1.0
2010-8,E01020620,C8,1,1,1.0
2010-8,E01020643,C5,1,1,1.0
2010-8,E01020657,C7,1,1,1.0
2010-8,E01020684,C3,1,1,1.0
2010-8,E01020702,C7,1,1,1.0
2010-8,E01020736,C5,1,1,1.0
2010-8,E01020748,C7,1,1,1.0
2010-8,E01020780,C3,1,1,1.0
2010-8,E01020786,C7,1,1,1.0
2010-8,E01020802,C5,1,1,1.0
2010-8,E01020821,C3,1,1,1.0
2010-8,E01020832,C7,1,1,1.0
2010-8,E01020847,C3,1,1,1.0
2010-8,E01020881,C2,1,1,1.0
2010-8,E01020913,C8,1,1,1.0
2010-8,E01020915,C7,1,1,1.0
2010-8,E01020917,C3,1,1,1.0
2010-8,E01020970,C7,1,1,1.0
2010-8,E01020992,C5,1,1,1.0
2010-8,E01020992,C7,1,1,1.0
2010-8,E01021026,C7,1,1,1.0
2010-8,E01021031,C7,1,1,1.0
2010-8,E01021032,C7,1,1,1.0
2010-8,E01021043,C6,1,1,1.0
2010-8,E01021053,C3,1,1,1.0
2010-8,E01021110,C5,1,1,1.0
2010-8,E01021114,C7,1,1,1.0
2010-8,E01021121,C2,1,1,1.0
2010-8,E01021145,C7,1,1,1.0
2010-8,E01021161,C7,1,1,1.0
2010-8,E01021209,C7,1,1,1.0
2010-8,E01021252,C7,1,1,1.0
2010-8,E01021255,C7,1,1,1.0
2010-8,E01021260,C7,1,1,1.0
2010-8,E01021343,C7,1,1,1.0
2010-8,E01021361,C7,1,1,1.0
2010-8,E01021375,C7,1,1,1.0
2010-8,E01021418,C7,1,1,1.0
2010-8,E01021446,C3,1,1,1.0
2010-8,E01021457,C5,1,1,1.0
2010-8,E01021457,C7,5,2,2.5
2010-8,E01021457,C8,2,1,2.0
2010-8,E01021458,C7,1,1,1.0
2010-8,E01021459,C2,1,1,1.0
2010-8,E01021459,C8,1,1,1.0
2010-8,E01021488,C3,1,1,1.0
2010-8,E01021522,C5,1,1,1.0
2010-8,E01021527,C7,1,1,1.0
2010-8,E01021532,C7,1,1,1.0
2010-8,E01021539,C7,2,1,2.0
2010-8,E01021600,C7,1,1,1.0
2010-8,E01021607,C5,1,1,1.0
2010-8,E01021647,C7,3,1,3.0
2010-8,E01021651,C7,1,1,1.0
2010-8,E01021655,C3,1,1,1.0
2010-8,E01021673,C7,1,1,1.0
2010-8,E01021687,C7,1,1,1.0
2010-8,E01021695,C3,1,1,1.0
2010-8,E01021744,C7,1,1,1.0
2010-8,E01021754,C7,3,1,3.0
2010-8,E01021757,C7,1,1,1.0
2010-8,E01021806,C3,1,1,1.0
2010-8,E01021835,C7,1,1,1.0
2010-8,E01021850,C8,1,1,1.0
2010-8,E01021920,C7,1,1,1.0
2010-8,E01021955,C3,1,1,1.0
2010-8,E01021957,C5,1,1,1.0
2010-8,E01021999,C7,1,1,1.0
2010-8,E01022002,C7,1,1,1.0
2010-8,E01022059,C7,1,1,1.0
2010-8,E01022064,C7,2,1,2.0
2010-8,E01022087,C7,2,2,1.0
2010-8,E01022102,C7,1,1,1.0
2010-8,E01022113,C7,1,1,1.0
2010-8,E01022114,C7,1,1,1.0
2010-8,E01022116,C7,1,1,1.0
2010-8,E01022117,C7,1,1,1.0
2010-8,E01022118,C5,1,1,1.0
2010-8,E01022126,C7,1,1,1.0
2010-8,E01022135,C7,1,1,1.0
2010-8,E01022137,C3,1,1,1.0
2010-8,E01022141,C2,1,1,1.0
2010-8,E01022157,C2,1,1,1.0
2010-8,E01022158,C7,1,1,1.0
2010-8,E01022166,C7,1,1,1.0
2010-8,E01022177,C4,1,1,1.0
2010-8,E01022195,C3,1,1,1.0
2010-8,E01022195,C7,1,1,1.0
2010-8,E01022201,C7,2,2,1.0
2010-8,E01022211,C1,1,1,1.0
2010-8,E01022211,C2,1,1,1.0
2010-8,E01022211,C3,1,1,1.0
2010-8,E01022211,C4,1,1,1.0
2010-8,E01022211,C5,1,1,1.0
2010-8,E01022211,C7,1,1,1.0
2010-8,E01022212,C7,1,1,1.0
2010-8,E01022235,C5,1,1,1.0
2010-8,E01022270,C8,1,1,1.0
2010-8,E01022284,C8,1,1,1.0
2010-8,E01022295,C7,2,1,2.0
2010-8,E01022311,C3,1,1,1.0
2010-8,E01022317,C7,1,1,1.0
2010-8,E01022319,C7,1,1,1.0
2010-8,E01022382,C2,1,1,1.0
2010-8,E01022386,C5,1,1,1.0
2010-8,E01022405,C7,1,1,1.0
2010-8,E01022420,C7,1,1,1.0
2010-8,E01022436,C7,1,1,1.0
2010-8,E01022448,C7,1,1,1.0
2010-8,E01022459,C2,1,1,1.0
2010-8,E01022472,C7,1,1,1.0
2010-8,E01022476,C4,1,1,1.0
2010-8,E01022477,C4,4,1,4.0
2010-8,E01022477,C7,1,1,1.0
2010-8,E01022478,C3,2,1,2.0
2010-8,E01022479,C3,1,1,1.0
2010-8,E01022484,C7,1,1,1.0
2010-8,E01022486,C7,1,1,1.0
2010-8,E01022493,C7,1,1,1.0
2010-8,E01022504,C5,1,1,1.0
2010-8,E01022504,C7,3,2,1.5
2010-8,E01022523,C5,1,1,1.0
2010-8,E01022525,C2,1,1,1.0
2010-8,E01022528,C7,1,1,1.0
2010-8,E01022547,C7,1,1,1.0
2010-8,E01022582,C7,1,1,1.0
2010-8,E01022589,C3,1,1,1.0
2010-8,E01022595,C3,1,1,1.0
2010-8,E01022597,C7,1,1,1.0
2010-8,E01022606,C3,1,1,1.0
2010-8,E01022627,C7,1,1,1.0
2010-8,E01022661,C3,1,1,1.0
2010-8,E01022677,C7,1,1,1.0
2010-8,E01022700,C5,2,2,1.0
2010-8,E01022700,C7,1,1,1.0
2010-8,E01022703,C7,2,1,2.0
2010-8,E01022716,C3,1,1,1.0
2010-8,E01022716,C7,1,1,1.0
2010-8,E01022744,C5,1,1,1.0
2010-8,E01022759,C3,1,1,1.0
2010-8,E01022790,C7,3,2,1.5
2010-8,E01022796,C8,1,1,1.0
2010-8,E01022798,C7,1,1,1.0
2010-8,E01022826,C7,1,1,1.0
2010-8,E01022850,C7,1,1,1.0
2010-8,E01022862,C7,1,1,1.0
2010-8,E01022887,C3,1,1,1.0
2010-8,E01022926,C5,1,1,1.0
2010-8,E01023003,C3,1,1,1.0
2010-8,E01023027,C3,1,1,1.0
2010-8,E01023028,C8,1,1,1.0
2010-8,E01023029,C3,1,1,1.0
2010-8,E01023029,C7,1,1,1.0
2010-8,E01023039,C7,1,1,1.0
2010-8,E01023040,C7,1,1,1.0
2010-8,E01023045,C7,1,1,1.0
2010-8,E01023065,C3,1,1,1.0
2010-8,E01023066,C2,2,1,2.0
2010-8,E01023073,C5,1,1,1.0
2010-8,E01023077,C3,1,1,1.0
2010-8,E01023078,C7,1,1,1.0
2010-8,E01023078,C8,1,1,1.0
2010-8,E01023080,C5,1,1,1.0
2010-8,E01023087,C7,1,1,1.0
2010-8,E01023088,C5,1,1,1.0
2010-8,E01023089,C7,1,1,1.0
2010-8,E01023090,C4,1,1,1.0
2010-8,E01023097,C7,2,1,2.0
2010-8,E01023100,C7,1,1,1.0
2010-8,E01023105,C7,1,1,1.0
2010-8,E01023136,C2,1,1,1.0
2010-8,E01023141,C3,1,1,1.0
2010-8,E01023142,C5,1,1,1.0
2010-8,E01023156,C7,1,1,1.0
2010-8,E01023170,C7,1,1,1.0
2010-8,E01023172,C5,1,1,1.0
2010-8,E01023172,C7,1,1,1.0
2010-8,E01023173,C6,1,1,1.0
2010-8,E01023173,C7,4,1,4.0
2010-8,E01023180,C6,1,1,1.0
2010-8,E01023192,C7,1,1,1.0
2010-8,E01023201,C7,1,1,1.0
2010-8,E01023205,C7,1,1,1.0
2010-8,E01023226,C7,1,1,1.0
2010-8,E01023236,C7,1,1,1.0
2010-8,E01023267,C7,3,2,1.5
2010-8,E01023269,C7,1,1,1.0
2010-8,E01023284,C7,1,1,1.0
2010-8,E01023291,C7,1,1,1.0
2010-8,E01023341,C7,1,1,1.0
2010-8,E01023351,C7,1,1,1.0
2010-8,E01023352,C3,1,1,1.0
2010-8,E01023354,C4,1,1,1.0
2010-8,E01023362,C7,1,1,1.0
2010-8,E01023378,C7,1,1,1.0
2010-8,E01023389,C5,1,1,1.0
2010-8,E01023396,C8,1,1,1.0
2010-8,E01023411,C7,3,2,1.5
2010-8,E01023412,C2,1,1,1.0
2010-8,E01023416,C3,1,1,1.0
2010-8,E01023428,C4,1,1,1.0
2010-8,E01023430,C5,1,1,1.0
2010-8,E01023434,C7,1,1,1.0
2010-8,E01023444,C7,1,1,1.0
2010-8,E01023446,C7,2,2,1.0
2010-8,E01023476,C2,1,1,1.0
2010-8,E01023483,C7,1,1,1.0
2010-8,E01023488,C7,2,1,2.0
2010-8,E01023489,C2,1,1,1.0
2010-8,E01023496,C7,1,1,1.0
2010-8,E01023499,C7,1,1,1.0
2010-8,E01023501,C7,1,1,1.0
2010-8,E01023502,C3,1,1,1.0
2010-8,E01023503,C7,1,1,1.0
2010-8,E01023507,C2,1,1,1.0
2010-8,E01023507,C3,1,1,1.0
2010-8,E01023511,C7,1,1,1.0
2010-8,E01023512,C5,1,1,1.0
2010-8,E01023516,C7,1,1,1.0
2010-8,E01023523,C2,1,1,1.0
2010-8,E01023526,C7,1,1,1.0
2010-8,E01023529,C3,1,1,1.0
2010-8,E01023540,C3,1,1,1.0
2010-8,E01023543,C7,1,1,1.0
2010-8,E01023544,C7,1,1,1.0
2010-8,E01023549,C3,1,1,1.0
2010-8,E01023552,C5,1,1,1.0
2010-8,E01023564,C8,1,1,1.0
2010-8,E01023565,C6,1,1,1.0
2010-8,E01023565,C7,2,2,1.0
2010-8,E01023566,C7,1,1,1.0
2010-8,E01023574,C4,1,1,1.0
2010-8,E01023582,C7,1,1,1.0
2010-8,E01023582,C8,1,1,1.0
2010-8,E01023583,C3,1,1,1.0
2010-8,E01023598,C7,1,1,1.0
2010-8,E01023601,C7,1,1,1.0
2010-8,E01023616,C7,1,1,1.0
2010-8,E01023616,C8,1,1,1.0
2010-8,E01023620,C7,1,1,1.0
2010-8,E01023627,C8,1,1,1.0
2010-8,E01023636,C3,1,1,1.0
2010-8,E01023645,C5,2,1,2.0
2010-8,E01023645,C7,1,1,1.0
2010-8,E01023648,C7,1,1,1.0
2010-8,E01023657,C4,1,1,1.0
2010-8,E01023657,C5,1,1,1.0
2010-8,E01023671,C7,1,1,1.0
2010-8,E01023685,C7,1,1,1.0
2010-8,E01023713,C7,1,1,1.0
2010-8,E01023720,C2,1,1,1.0
2010-8,E01023720,C7,2,2,1.0
2010-8,E01023724,C7,1,1,1.0
2010-8,E01023725,C3,1,1,1.0
2010-8,E01023744,C4,1,1,1.0
2010-8,E01023745,C7,1,1,1.0
2010-8,E01023763,C8,1,1,1.0
2010-8,E01023771,C5,1,1,1.0
2010-8,E01023771,C7,1,1,1.0
2010-8,E01023780,C7,1,1,1.0
2010-8,E01023788,C3,1,1,1.0
2010-8,E01023788,C7,1,1,1.0
2010-8,E01023789,C7,2,2,1.0
2010-8,E01023792,C5,1,1,1.0
2010-8,E01023795,C7,1,1,1.0
2010-8,E01023801,C7,1,1,1.0
2010-8,E01023813,C7,1,1,1.0
2010-8,E01023816,C7,1,1,1.0
2010-8,E01023831,C4,1,1,1.0
2010-8,E01023832,C3,2,1,2.0
2010-8,E01023873,C2,1,1,1.0
2010-8,E01023873,C4,1,1,1.0
2010-8,E01023878,C7,1,1,1.0
2010-8,E01023888,C7,1,1,1.0
2010-8,E01023888,C8,1,1,1.0
2010-8,E01023892,C7,1,1,1.0
2010-8,E01023894,C8,1,1,1.0
2010-8,E01023915,C6,1,1,1.0
2010-8,E01023925,C7,1,1,1.0
2010-8,E01023926,C7,1,1,1.0
2010-8,E01023937,C7,1,1,1.0
2010-8,E01023938,C7,1,1,1.0
2010-8,E01023952,C3,1,1,1.0
2010-8,E01023953,C3,1,1,1.0
2010-8,E01023957,C5,2,1,2.0
2010-8,E01023981,C7,1,1,1.0
2010-8,E01023995,C7,1,1,1.0
2010-8,E01024011,C7,1,1,1.0
2010-8,E01024012,C5,1,1,1.0
2010-8,E01024016,C7,1,1,1.0
2010-8,E01024022,C8,1,1,1.0
2010-8,E01024024,C8,1,1,1.0
2010-8,E01024028,C6,1,1,1.0
2010-8,E01024037,C7,1,1,1.0
2010-8,E01024045,C7,1,1,1.0
2010-8,E01024055,C7,1,1,1.0
2010-8,E01024065,C7,1,1,1.0
2010-8,E01024068,C7,1,1,1.0
2010-8,E01024094,C7,1,1,1.0
2010-8,E01024096,C3,2,1,2.0
2010-8,E01024097,C7,1,1,1.0
2010-8,E01024100,C2,1,1,1.0
2010-8,E01024100,C5,1,1,1.0
2010-8,E01024100,C7,1,1,1.0
2010-8,E01024118,C7,1,1,1.0
2010-8,E01024121,C7,1,1,1.0
2010-8,E01024128,C7,1,1,1.0
2010-8,E01024130,C8,1,1,1.0
2010-8,E01024146,C7,1,1,1.0
2010-8,E01024182,C7,1,1,1.0
2010-8,E01024241,C7,1,1,1.0
2010-8,E01024259,C7,1,1,1.0
2010-8,E01024266,C7,1,1,1.0
2010-8,E01024293,C5,1,1,1.0
2010-8,E01024294,C3,2,2,1.0
2010-8,E01024294,C5,2,2,1.0
2010-8,E01024335,C7,1,1,1.0
2010-8,E01024362,C7,1,1,1.0
2010-8,E01024393,C7,3,1,3.0
2010-8,E01024417,C7,1,1,1.0
2010-8,E01024490,C7,2,2,1.0
2010-8,E01024519,C7,1,1,1.0
2010-8,E01024520,C3,1,1,1.0
2010-8,E01024536,C3,1,1,1.0
2010-8,E01024547,C7,1,1,1.0
2010-8,E01024550,C5,1,1,1.0
2010-8,E01024555,C7,1,1,1.0
2010-8,E01024562,C7,1,1,1.0
2010-8,E01024576,C8,1,1,1.0
2010-8,E01024578,C5,2,1,2.0
2010-8,E01024592,C8,1,1,1.0
2010-8,E01024628,C7,1,1,1.0
2010-8,E01024630,C7,1,1,1.0
2010-8,E01024645,C8,1,1,1.0
2010-8,E01024649,C7,2,1,2.0
2010-8,E01024657,C8,1,1,1.0
2010-8,E01024659,C3,1,1,1.0
2010-8,E01024659,C7,1,1,1.0
2010-8,E01024661,C8,1,1,1.0
2010-8,E01024671,C7,1,1,1.0
2010-8,E01024672,C3,1,1,1.0
2010-8,E01024681,C3,1,1,1.0
2010-8,E01024687,C2,1,1,1.0
2010-8,E01024714,C8,1,1,1.0
2010-8,E01024721,C5,1,1,1.0
2010-8,E01024740,C7,2,2,1.0
2010-8,E01024780,C5,1,1,1.0
2010-8,E01024800,C7,1,1,1.0
2010-8,E01024805,C7,1,1,1.0
2010-8,E01024819,C5,1,1,1.0
2010-8,E01024836,C3,1,1,1.0
2010-8,E01024849,C3,1,1,1.0
2010-8,E01024854,C7,1,1,1.0
2010-8,E01024855,C3,1,1,1.0
2010-8,E01024866,C5,2,2,1.0
2010-8,E01024909,C7,1,1,1.0
2010-8,E01024925,C7,1,1,1.0
2010-8,E01024930,C7,1,1,1.0
2010-8,E01024936,C7,1,1,1.0
2010-8,E01024940,C3,1,1,1.0
2010-8,E01024978,C7,1,1,1.0
2010-8,E01024993,C7,1,1,1.0
2010-8,E01024994,C5,1,1,1.0
2010-8,E01024994,C7,2,1,2.0
2010-8,E01025030,C2,1,1,1.0
2010-8,E01025061,C7,1,1,1.0
2010-8,E01025075,C7,1,1,1.0
2010-8,E01025080,C7,2,1,2.0
2010-8,E01025089,C7,1,1,1.0
2010-8,E01025093,C3,1,1,1.0
2010-8,E01025093,C8,1,1,1.0
2010-8,E01025099,C3,1,1,1.0
2010-8,E01025142,C7,1,1,1.0
2010-8,E01025159,C7,1,1,1.0
2010-8,E01025161,C7,1,1,1.0
2010-8,E01025166,C5,1,1,1.0
2010-8,E01025166,C7,1,1,1.0
2010-8,E01025179,C7,1,1,1.0
2010-8,E01025185,C7,1,1,1.0
2010-8,E01025197,C7,1,1,1.0
2010-8,E01025201,C3,2,1,2.0
2010-8,E01025202,C3,1,1,1.0
2010-8,E01025202,C7,1,1,1.0
2010-8,E01025229,C7,1,1,1.0
2010-8,E01025232,C7,1,1,1.0
2010-8,E01025292,C3,1,1,1.0
2010-8,E01025298,C3,1,1,1.0
2010-8,E01025328,C7,1,1,1.0
2010-8,E01025381,C7,1,1,1.0
2010-8,E01025397,C5,1,1,1.0
2010-8,E01025408,C5,1,1,1.0
2010-8,E01025410,C7,1,1,1.0
2010-8,E01025417,C7,2,2,1.0
2010-8,E01025426,C7,1,1,1.0
2010-8,E01025458,C3,1,1,1.0
2010-8,E01025479,C5,1,1,1.0
2010-8,E01025481,C4,1,1,1.0
2010-8,E01025503,C3,1,1,1.0
2010-8,E01025503,C5,1,1,1.0
2010-8,E01025567,C7,1,1,1.0
2010-8,E01025570,C3,1,1,1.0
2010-8,E01025585,C7,1,1,1.0
2010-8,E01025595,C7,1,1,1.0
2010-8,E01025663,C5,1,1,1.0
2010-8,E01025688,C6,1,1,1.0
2010-8,E01025698,C3,1,1,1.0
2010-8,E01025769,C7,1,1,1.0
2010-8,E01025781,C7,1,1,1.0
2010-8,E01025819,C3,1,1,1.0
2010-8,E01025865,C7,1,1,1.0
2010-8,E01025871,C7,1,1,1.0
2010-8,E01025919,C7,1,1,1.0
2010-8,E01025927,C8,1,1,1.0
2010-8,E01025950,C7,1,1,1.0
2010-8,E01025956,C5,1,1,1.0
2010-8,E01025958,C7,1,1,1.0
2010-8,E01026006,C7,1,1,1.0
2010-8,E01026006,C8,1,1,1.0
2010-8,E01026007,C7,1,1,1.0
2010-8,E01026024,C7,1,1,1.0
2010-8,E01026041,C7,1,1,1.0
2010-8,E01026041,C8,1,1,1.0
2010-8,E01026058,C7,1,1,1.0
2010-8,E01026090,C7,1,1,1.0
2010-8,E01026120,C7,1,1,1.0
2010-8,E01026122,C3,2,1,2.0
2010-8,E01026124,C2,1,1,1.0
2010-8,E01026179,C7,1,1,1.0
2010-8,E01026186,C5,1,1,1.0
2010-8,E01026193,C7,1,1,1.0
2010-8,E01026195,C7,1,1,1.0
2010-8,E01026198,C7,1,1,1.0
2010-8,E01026210,C7,1,1,1.0
2010-8,E01026218,C7,1,1,1.0
2010-8,E01026280,C5,1,1,1.0
2010-8,E01026285,C7,1,1,1.0
2010-8,E01026289,C8,1,1,1.0
2010-8,E01026294,C2,1,1,1.0
2010-8,E01026298,C7,1,1,1.0
2010-8,E01026314,C5,1,1,1.0
2010-8,E01026318,C3,1,1,1.0
2010-8,E01026334,C7,1,1,1.0
2010-8,E01026339,C3,1,1,1.0
2010-8,E01026341,C8,1,1,1.0
2010-8,E01026345,C7,1,1,1.0
2010-8,E01026346,C7,1,1,1.0
2010-8,E01026350,C5,1,1,1.0
2010-8,E01026355,C7,1,1,1.0
2010-8,E01026356,C7,1,1,1.0
2010-8,E01026357,C2,1,1,1.0
2010-8,E01026358,C7,1,1,1.0
2010-8,E01026361,C7,1,1,1.0
2010-8,E01026365,C3,1,1,1.0
2010-8,E01026391,C5,1,1,1.0
2010-8,E01026412,C7,1,1,1.0
2010-8,E01026413,C2,1,1,1.0
2010-8,E01026413,C5,1,1,1.0
2010-8,E01026428,C5,1,1,1.0
2010-8,E01026443,C3,1,1,1.0
2010-8,E01026443,C7,1,1,1.0
2010-8,E01026445,C7,1,1,1.0
2010-8,E01026446,C2,1,1,1.0
2010-8,E01026446,C7,1,1,1.0
2010-8,E01026455,C7,1,1,1.0
2010-8,E01026465,C3,1,1,1.0
2010-8,E01026467,C7,1,1,1.0
2010-8,E01026467,C8,1,1,1.0
2010-8,E01026509,C3,1,1,1.0
2010-8,E01026517,C3,2,1,2.0
2010-8,E01026550,C3,3,2,1.5
2010-8,E01026550,C7,2,1,2.0
2010-8,E01026553,C3,1,1,1.0
2010-8,E01026572,C7,1,1,1.0
2010-8,E01026575,C6,1,1,1.0
2010-8,E01026581,C7,1,1,1.0
2010-8,E01026597,C7,1,1,1.0
2010-8,E01026598,C3,1,1,1.0
2010-8,E01026603,C8,1,1,1.0
2010-8,E01026612,C5,1,1,1.0
2010-8,E01026641,C2,2,1,2.0
2010-8,E01026668,C3,1,1,1.0
2010-8,E01026690,C7,1,1,1.0
2010-8,E01026699,C5,1,1,1.0
2010-8,E01026704,C3,1,1,1.0
2010-8,E01026726,C5,1,1,1.0
2010-8,E01026727,C7,1,1,1.0
2010-8,E01026737,C3,1,1,1.0
2010-8,E01026737,C7,1,1,1.0
2010-8,E01026741,C7,1,1,1.0
2010-8,E01026756,C7,1,1,1.0
2010-8,E01026770,C7,1,1,1.0
2010-8,E01026799,C2,1,1,1.0
2010-8,E01026799,C3,2,1,2.0
2010-8,E01026802,C7,1,1,1.0
2010-8,E01026812,C7,1,1,1.0
2010-8,E01026816,C2,1,1,1.0
2010-8,E01026823,C4,2,2,1.0
2010-8,E01026823,C5,1,1,1.0
2010-8,E01026823,C7,1,1,1.0
2010-8,E01026824,C3,1,1,1.0
2010-8,E01026824,C4,2,1,2.0
2010-8,E01026829,C3,1,1,1.0
2010-8,E01026836,C5,1,1,1.0
2010-8,E01026839,C3,1,1,1.0
2010-8,E01026852,C7,1,1,1.0
2010-8,E01026862,C7,1,1,1.0
2010-8,E01026866,C7,1,1,1.0
2010-8,E01026881,C7,1,1,1.0
2010-8,E01026933,C7,1,1,1.0
2010-8,E01026937,C2,1,1,1.0
2010-8,E01026945,C7,1,1,1.0
2010-8,E01027024,C7,2,1,2.0
2010-8,E01027052,C5,1,1,1.0
2010-8,E01027052,C7,2,1,2.0
2010-8,E01027053,C7,1,1,1.0
2010-8,E01027055,C5,1,1,1.0
2010-8,E01027055,C8,1,1,1.0
2010-8,E01027056,C7,1,1,1.0
2010-8,E01027057,C3,2,2,1.0
2010-8,E01027090,C7,1,1,1.0
2010-8,E01027130,C7,1,1,1.0
2010-8,E01027141,C7,1,1,1.0
2010-8,E01027151,C8,1,1,1.0
2010-8,E01027170,C7,1,1,1.0
2010-8,E01027179,C7,1,1,1.0
2010-8,E01027179,C8,1,1,1.0
2010-8,E01027186,C7,1,1,1.0
2010-8,E01027190,C7,1,1,1.0
2010-8,E01027223,C7,1,1,1.0
2010-8,E01027224,C2,1,1,1.0
2010-8,E01027224,C3,1,1,1.0
2010-8,E01027226,C4,1,1,1.0
2010-8,E01027257,C7,1,1,1.0
2010-8,E01027259,C7,2,1,2.0
2010-8,E01027265,C5,1,1,1.0
2010-8,E01027271,C7,2,1,2.0
2010-8,E01027279,C7,2,2,1.0
2010-8,E01027316,C3,1,1,1.0
2010-8,E01027326,C7,1,1,1.0
2010-8,E01027335,C7,1,1,1.0
2010-8,E01027351,C7,1,1,1.0
2010-8,E01027356,C5,1,1,1.0
2010-8,E01027362,C5,1,1,1.0
2010-8,E01027367,C2,1,1,1.0
2010-8,E01027372,C7,1,1,1.0
2010-8,E01027389,C5,2,2,1.0
2010-8,E01027389,C7,2,1,2.0
2010-8,E01027392,C2,1,1,1.0
2010-8,E01027394,C3,1,1,1.0
2010-8,E01027401,C7,1,1,1.0
2010-8,E01027427,C7,1,1,1.0
2010-8,E01027433,C7,1,1,1.0
2010-8,E01027444,C3,1,1,1.0
2010-8,E01027444,C7,2,1,2.0
2010-8,E01027447,C7,1,1,1.0
2010-8,E01027546,C3,1,1,1.0
2010-8,E01027546,C5,2,2,1.0
2010-8,E01027613,C7,1,1,1.0
2010-8,E01027645,C5,1,1,1.0
2010-8,E01027645,C8,1,1,1.0
2010-8,E01027731,C5,1,1,1.0
2010-8,E01027731,C7,1,1,1.0
2010-8,E01027752,C7,1,1,1.0
2010-8,E01027770,C3,1,1,1.0
2010-8,E01027792,C5,1,1,1.0
2010-8,E01027804,C7,1,1,1.0
2010-8,E01027852,C7,1,1,1.0
2010-8,E01027914,C7,1,1,1.0
2010-8,E01027930,C5,1,1,1.0
2010-8,E01027953,C5,1,1,1.0
2010-8,E01027998,C7,1,1,1.0
2010-8,E01027999,C3,1,1,1.0
2010-8,E01028006,C3,1,1,1.0
2010-8,E01028032,C3,1,1,1.0
2010-8,E01028055,C7,1,1,1.0
2010-8,E01028058,C4,1,1,1.0
2010-8,E01028062,C7,1,1,1.0
2010-8,E01028068,C7,1,1,1.0
2010-8,E01028081,C7,1,1,1.0
2010-8,E01028087,C7,1,1,1.0
2010-8,E01028108,C5,1,1,1.0
2010-8,E01028110,C7,1,1,1.0
2010-8,E01028119,C7,1,1,1.0
2010-8,E01028131,C3,1,1,1.0
2010-8,E01028220,C5,1,1,1.0
2010-8,E01028268,C4,1,1,1.0
2010-8,E01028294,C3,1,1,1.0
2010-8,E01028309,C2,1,1,1.0
2010-8,E01028346,C2,1,1,1.0
2010-8,E01028346,C5,1,1,1.0
2010-8,E01028355,C2,1,1,1.0
2010-8,E01028355,C8,1,1,1.0
2010-8,E01028382,C7,1,1,1.0
2010-8,E01028395,C5,1,1,1.0
2010-8,E01028397,C7,2,1,2.0
2010-8,E01028409,C3,1,1,1.0
2010-8,E01028437,C7,2,2,1.0
2010-8,E01028439,C7,1,1,1.0
2010-8,E01028440,C3,1,1,1.0
2010-8,E01028490,C3,1,1,1.0
2010-8,E01028506,C3,2,1,2.0
2010-8,E01028509,C7,1,1,1.0
2010-8,E01028516,C8,1,1,1.0
2010-8,E01028521,C2,1,1,1.0
2010-8,E01028521,C3,1,1,1.0
2010-8,E01028521,C4,1,1,1.0
2010-8,E01028537,C7,1,1,1.0
2010-8,E01028544,C3,1,1,1.0
2010-8,E01028546,C7,1,1,1.0
2010-8,E01028580,C2,1,1,1.0
2010-8,E01028583,C7,1,1,1.0
2010-8,E01028588,C7,1,1,1.0
2010-8,E01028615,C7,1,1,1.0
2010-8,E01028622,C8,1,1,1.0
2010-8,E01028624,C4,1,1,1.0
2010-8,E01028625,C7,1,1,1.0
2010-8,E01028638,C7,1,1,1.0
2010-8,E01028647,C7,1,1,1.0
2010-8,E01028693,C3,2,1,2.0
2010-8,E01028698,C7,1,1,1.0
2010-8,E01028699,C3,2,1,2.0
2010-8,E01028699,C8,1,1,1.0
2010-8,E01028702,C3,1,1,1.0
2010-8,E01028702,C7,1,1,1.0
2010-8,E01028710,C7,1,1,1.0
2010-8,E01028716,C7,1,1,1.0
2010-8,E01028723,C3,1,1,1.0
2010-8,E01028731,C7,1,1,1.0
2010-8,E01028737,C7,1,1,1.0
2010-8,E01028742,C5,1,1,1.0
2010-8,E01028742,C7,1,1,1.0
2010-8,E01028745,C2,1,1,1.0
2010-8,E01028751,C5,1,1,1.0
2010-8,E01028757,C7,1,1,1.0
2010-8,E01028758,C3,1,1,1.0
2010-8,E01028767,C1,1,1,1.0
2010-8,E01028767,C3,1,1,1.0
2010-8,E01028796,C7,1,1,1.0
2010-8,E01028808,C6,1,1,1.0
2010-8,E01028814,C4,1,1,1.0
2010-8,E01028814,C7,1,1,1.0
2010-8,E01028823,C7,1,1,1.0
2010-8,E01028857,C7,1,1,1.0
2010-8,E01028878,C7,1,1,1.0
2010-8,E01028913,C2,1,1,1.0
2010-8,E01028913,C8,1,1,1.0
2010-8,E01028935,C7,2,1,2.0
2010-8,E01029034,C7,1,1,1.0
2010-8,E01029037,C3,2,2,1.0
2010-8,E01029038,C3,1,1,1.0
2010-8,E01029089,C2,1,1,1.0
2010-8,E01029089,C7,1,1,1.0
2010-8,E01029126,C7,1,1,1.0
2010-8,E01029145,C7,1,1,1.0
2010-8,E01029215,C5,1,1,1.0
2010-8,E01029215,C7,2,1,2.0
2010-8,E01029225,C7,1,1,1.0
2010-8,E01029234,C5,1,1,1.0
2010-8,E01029242,C7,1,1,1.0
2010-8,E01029269,C3,1,1,1.0
2010-8,E01029287,C3,1,1,1.0
2010-8,E01029287,C7,1,1,1.0
2010-8,E01029297,C7,1,1,1.0
2010-8,E01029329,C5,1,1,1.0
2010-8,E01029345,C2,1,1,1.0
2010-8,E01029351,C5,1,1,1.0
2010-8,E01029359,C7,1,1,1.0
2010-8,E01029363,C5,4,1,4.0
2010-8,E01029363,C7,1,1,1.0
2010-8,E01029363,C8,1,1,1.0
2010-8,E01029373,C7,1,1,1.0
2010-8,E01029379,C7,1,1,1.0
2010-8,E01029383,C5,1,1,1.0
2010-8,E01029383,C7,1,1,1.0
2010-8,E01029385,C5,1,1,1.0
2010-8,E01029393,C5,1,1,1.0
2010-8,E01029398,C7,1,1,1.0
2010-8,E01029406,C7,1,1,1.0
2010-8,E01029416,C3,1,1,1.0
2010-8,E01029418,C7,1,1,1.0
2010-8,E01029423,C7,1,1,1.0
2010-8,E01029442,C7,1,1,1.0
2010-8,E01029446,C5,1,1,1.0
2010-8,E01029482,C7,1,1,1.0
2010-8,E01029483,C7,1,1,1.0
2010-8,E01029485,C7,1,1,1.0
2010-8,E01029485,C8,1,1,1.0
2010-8,E01029486,C2,1,1,1.0
2010-8,E01029494,C8,1,1,1.0
2010-8,E01029497,C7,1,1,1.0
2010-8,E01029506,C5,1,1,1.0
2010-8,E01029515,C5,1,1,1.0
2010-8,E01029519,C6,1,1,1.0
2010-8,E01029525,C7,2,2,1.0
2010-8,E01029526,C4,1,1,1.0
2010-8,E01029526,C5,1,1,1.0
2010-8,E01029569,C7,1,1,1.0
2010-8,E01029585,C7,1,1,1.0
2010-8,E01029621,C7,1,1,1.0
2010-8,E01029626,C5,1,1,1.0
2010-8,E01029626,C7,1,1,1.0
2010-8,E01029646,C3,1,1,1.0
2010-8,E01029651,C7,1,1,1.0
2010-8,E01029656,C8,1,1,1.0
2010-8,E01029668,C7,1,1,1.0
2010-8,E01029681,C7,1,1,1.0
2010-8,E01029688,C7,1,1,1.0
2010-8,E01029697,C5,1,1,1.0
2010-8,E01029701,C7,1,1,1.0
2010-8,E01029716,C7,1,1,1.0
2010-8,E01029737,C2,1,1,1.0
2010-8,E01029756,C7,1,1,1.0
2010-8,E01029775,C7,1,1,1.0
2010-8,E01029786,C5,1,1,1.0
2010-8,E01029820,C7,1,1,1.0
2010-8,E01029835,C4,1,1,1.0
2010-8,E01029837,C4,1,1,1.0
2010-8,E01029837,C7,1,1,1.0
2010-8,E01029838,C4,1,1,1.0
2010-8,E01029859,C7,1,1,1.0
2010-8,E01029898,C3,1,1,1.0
2010-8,E01029937,C3,1,1,1.0
2010-8,E01029956,C7,1,1,1.0
2010-8,E01029969,C7,1,1,1.0
2010-8,E01029985,C3,1,1,1.0
2010-8,E01029985,C7,1,1,1.0
2010-8,E01029988,C7,6,1,6.0
2010-8,E01030002,C7,3,1,3.0
2010-8,E01030029,C2,1,1,1.0
2010-8,E01030034,C7,1,1,1.0
2010-8,E01030046,C7,1,1,1.0
2010-8,E01030214,C5,1,1,1.0
2010-8,E01030247,C7,1,1,1.0
2010-8,E01030249,C5,1,1,1.0
2010-8,E01030298,C7,1,1,1.0
2010-8,E01030300,C7,1,1,1.0
2010-8,E01030308,C7,1,1,1.0
2010-8,E01030322,C7,2,2,1.0
2010-8,E01030326,C5,1,1,1.0
2010-8,E01030340,C3,1,1,1.0
2010-8,E01030371,C7,1,1,1.0
2010-8,E01030374,C7,2,2,1.0
2010-8,E01030374,C8,1,1,1.0
2010-8,E01030389,C7,1,1,1.0
2010-8,E01030421,C7,2,1,2.0
2010-8,E01030422,C5,1,1,1.0
2010-8,E01030426,C3,1,1,1.0
2010-8,E01030437,C7,1,1,1.0
2010-8,E01030438,C7,1,1,1.0
2010-8,E01030439,C7,1,1,1.0
2010-8,E01030448,C2,2,1,2.0
2010-8,E01030448,C7,1,1,1.0
2010-8,E01030449,C7,1,1,1.0
2010-8,E01030451,C3,2,2,1.0
2010-8,E01030451,C7,1,1,1.0
2010-8,E01030453,C5,4,1,4.0
2010-8,E01030455,C5,1,1,1.0
2010-8,E01030455,C6,2,1,2.0
2010-8,E01030455,C7,6,2,3.0
2010-8,E01030457,C3,1,1,1.0
2010-8,E01030458,C7,1,1,1.0
2010-8,E01030461,C7,1,1,1.0
2010-8,E01030465,C3,2,1,2.0
2010-8,E01030471,C3,1,1,1.0
2010-8,E01030486,C7,1,1,1.0
2010-8,E01030497,C5,1,1,1.0
2010-8,E01030501,C7,1,1,1.0
2010-8,E01030518,C7,1,1,1.0
2010-8,E01030521,C7,2,2,1.0
2010-8,E01030537,C7,3,1,3.0
2010-8,E01030544,C5,1,1,1.0
2010-8,E01030549,C7,1,1,1.0
2010-8,E01030559,C7,1,1,1.0
2010-8,E01030561,C8,1,1,1.0
2010-8,E01030590,C7,2,1,2.0
2010-8,E01030592,C7,1,1,1.0
2010-8,E01030598,C3,1,1,1.0
2010-8,E01030598,C7,2,1,2.0
2010-8,E01030609,C7,1,1,1.0
2010-8,E01030616,C7,1,1,1.0
2010-8,E01030623,C7,1,1,1.0
2010-8,E01030625,C7,1,1,1.0
2010-8,E01030632,C7,1,1,1.0
2010-8,E01030637,C7,1,1,1.0
2010-8,E01030638,C7,1,1,1.0
2010-8,E01030639,C7,1,1,1.0
2010-8,E01030647,C5,1,1,1.0
2010-8,E01030647,C7,1,1,1.0
2010-8,E01030669,C7,1,1,1.0
2010-8,E01030684,C6,1,1,1.0
2010-8,E01030690,C7,1,1,1.0
2010-8,E01030727,C5,1,1,1.0
2010-8,E01030735,C3,1,1,1.0
2010-8,E01030735,C7,1,1,1.0
2010-8,E01030747,C2,1,1,1.0
2010-8,E01030776,C3,1,1,1.0
2010-8,E01030777,C5,1,1,1.0
2010-8,E01030831,C7,1,1,1.0
2010-8,E01030833,C7,1,1,1.0
2010-8,E01030835,C3,1,1,1.0
2010-8,E01030852,C7,2,1,2.0
2010-8,E01030861,C8,1,1,1.0
2010-8,E01030864,C7,1,1,1.0
2010-8,E01030895,C3,1,1,1.0
2010-8,E01030895,C5,1,1,1.0
2010-8,E01030895,C8,1,1,1.0
2010-8,E01030921,C7,1,1,1.0
2010-8,E01030929,C3,1,1,1.0
2010-8,E01030938,C6,1,1,1.0
2010-8,E01030938,C7,1,1,1.0
2010-8,E01030943,C7,1,1,1.0
2010-8,E01030946,C3,1,1,1.0
2010-8,E01030965,C7,1,1,1.0
2010-8,E01030975,C7,1,1,1.0
2010-8,E01030987,C7,1,1,1.0
2010-8,E01030989,C7,1,1,1.0
2010-8,E01030993,C7,1,1,1.0
2010-8,E01031028,C3,1,1,1.0
2010-8,E01031082,C5,1,1,1.0
2010-8,E01031101,C7,2,2,1.0
2010-8,E01031115,C7,1,1,1.0
2010-8,E01031119,C7,1,1,1.0
2010-8,E01031120,C7,1,1,1.0
2010-8,E01031159,C7,1,1,1.0
2010-8,E01031160,C7,1,1,1.0
2010-8,E01031184,C7,2,1,2.0
2010-8,E01031192,C7,1,1,1.0
2010-8,E01031209,C2,1,1,1.0
2010-8,E01031209,C5,1,1,1.0
2010-8,E01031209,C7,2,1,2.0
2010-8,E01031234,C3,1,1,1.0
2010-8,E01031234,C7,1,1,1.0
2010-8,E01031239,C6,1,1,1.0
2010-8,E01031252,C7,1,1,1.0
2010-8,E01031256,C2,1,1,1.0
2010-8,E01031257,C7,1,1,1.0
2010-8,E01031271,C5,1,1,1.0
2010-8,E01031343,C7,2,2,1.0
2010-8,E01031343,C8,1,1,1.0
2010-8,E01031351,C3,2,1,2.0
2010-8,E01031370,C3,1,1,1.0
2010-8,E01031385,C2,1,1,1.0
2010-8,E01031386,C7,1,1,1.0
2010-8,E01031392,C3,1,1,1.0
2010-8,E01031392,C7,2,2,1.0
2010-8,E01031402,C3,1,1,1.0
2010-8,E01031402,C8,1,1,1.0
2010-8,E01031416,C8,1,1,1.0
2010-8,E01031420,C5,1,1,1.0
2010-8,E01031429,C7,1,1,1.0
2010-8,E01031456,C3,1,1,1.0
2010-8,E01031470,C5,1,1,1.0
2010-8,E01031507,C7,1,1,1.0
2010-8,E01031520,C3,1,1,1.0
2010-8,E01031521,C7,1,1,1.0
2010-8,E01031539,C2,1,1,1.0
2010-8,E01031542,C7,1,1,1.0
2010-8,E01031549,C7,1,1,1.0
2010-8,E01031576,C7,1,1,1.0
2010-8,E01031578,C5,1,1,1.0
2010-8,E01031579,C5,1,1,1.0
2010-8,E01031580,C5,1,1,1.0
2010-8,E01031617,C4,1,1,1.0
2010-8,E01031644,C7,1,1,1.0
2010-8,E01031659,C7,1,1,1.0
2010-8,E01031671,C7,1,1,1.0
2010-8,E01031678,C7,1,1,1.0
2010-8,E01031688,C7,1,1,1.0
2010-8,E01031693,C7,2,2,1.0
2010-8,E01031698,C3,1,1,1.0
2010-8,E01031703,C3,1,1,1.0
2010-8,E01031708,C5,1,1,1.0
2010-8,E01031709,C3,1,1,1.0
2010-8,E01031710,C5,2,1,2.0
2010-8,E01031745,C3,1,1,1.0
2010-8,E01031745,C8,1,1,1.0
2010-8,E01031770,C3,1,1,1.0
2010-8,E01031770,C7,5,1,5.0
2010-8,E01031790,C7,1,1,1.0
2010-8,E01031791,C5,1,1,1.0
2010-8,E01031805,C5,1,1,1.0
2010-8,E01031821,C7,1,1,1.0
2010-8,E01031822,C7,1,1,1.0
2010-8,E01031832,C2,1,1,1.0
2010-8,E01031845,C7,1,1,1.0
2010-8,E01031861,C7,1,1,1.0
2010-8,E01031862,C7,1,1,1.0
2010-8,E01031868,C7,1,1,1.0
2010-8,E01031869,C2,1,1,1.0
2010-8,E01031869,C7,1,1,1.0
2010-8,E01031872,C7,1,1,1.0
2010-8,E01031878,C2,1,1,1.0
2010-8,E01031889,C7,1,1,1.0
2010-8,E01031900,C7,1,1,1.0
2010-8,E01031913,C7,1,1,1.0
2010-8,E01031928,C8,1,1,1.0
2010-8,E01031929,C3,1,1,1.0
2010-8,E01031942,C5,1,1,1.0
2010-8,E01031949,C7,1,1,1.0
2010-8,E01031973,C7,1,1,1.0
2010-8,E01031984,C3,1,1,1.0
2010-8,E01031985,C7,1,1,1.0
2010-8,E01032003,C3,1,1,1.0
2010-8,E01032003,C8,1,1,1.0
2010-8,E01032012,C7,1,1,1.0
2010-8,E01032046,C5,1,1,1.0
2010-8,E01032048,C7,1,1,1.0
2010-8,E01032065,C7,1,1,1.0
2010-8,E01032127,C7,1,1,1.0
2010-8,E01032130,C7,1,1,1.0
2010-8,E01032133,C7,1,1,1.0
2010-8,E01032134,C4,1,1,1.0
2010-8,E01032141,C7,3,3,1.0
2010-8,E01032151,C5,1,1,1.0
2010-8,E01032156,C5,2,1,2.0
2010-8,E01032180,C7,2,1,2.0
2010-8,E01032185,C7,1,1,1.0
2010-8,E01032196,C1,1,1,1.0
2010-8,E01032203,C7,1,1,1.0
2010-8,E01032220,C5,1,1,1.0
2010-8,E01032241,C7,1,1,1.0
2010-8,E01032243,C7,1,1,1.0
2010-8,E01032247,C8,1,1,1.0
2010-8,E01032335,C2,1,1,1.0
2010-8,E01032339,C5,1,1,1.0
2010-8,E01032360,C6,1,1,1.0
2010-8,E01032373,C7,1,1,1.0
2010-8,E01032400,C7,1,1,1.0
2010-8,E01032402,C7,1,1,1.0
2010-8,E01032428,C7,1,1,1.0
2010-8,E01032438,C5,2,2,1.0
2010-8,E01032450,C5,1,1,1.0
2010-8,E01032450,C7,1,1,1.0
2010-8,E01032462,C3,1,1,1.0
2010-8,E01032478,C5,1,1,1.0
2010-8,E01032486,C7,1,1,1.0
2010-8,E01032501,C2,1,1,1.0
2010-8,E01032505,C3,1,1,1.0
2010-8,E01032549,C7,1,1,1.0
2010-8,E01032582,C7,1,1,1.0
2010-8,E01032583,C7,1,1,1.0
2010-8,E01032589,C8,1,1,1.0
2010-8,E01032643,C7,1,1,1.0
2010-8,E01032693,C7,1,1,1.0
2010-8,E01032701,C4,1,1,1.0
2010-8,E01032703,C3,1,1,1.0
2010-8,E01032704,C4,1,1,1.0
2010-8,E01032708,C3,1,1,1.0
2010-8,E01032732,C5,1,1,1.0
2010-8,E01032732,C7,2,2,1.0
2010-8,E01032733,C7,1,1,1.0
2010-8,E01032739,C2,1,1,1.0
2010-8,E01032739,C7,4,4,1.0
2010-8,E01032745,C8,1,1,1.0
2010-8,E01032767,C7,1,1,1.0
2010-8,E01032772,C3,7,1,7.0
2010-8,E01032772,C7,2,1,2.0
2010-8,E01032797,C5,1,1,1.0
2010-8,E01032797,C7,4,4,1.0
2010-8,E01032797,C8,1,1,1.0
2010-8,E01032808,C5,1,1,1.0
2010-8,E01032809,C7,2,2,1.0
2010-8,E01032845,C3,1,1,1.0
2010-8,E01032846,C4,1,1,1.0
2010-8,E01032851,C7,1,1,1.0
2010-8,E01032853,C5,1,1,1.0
2010-8,E01032853,C7,1,1,1.0
2010-8,E01032859,C2,1,1,1.0
2010-8,E01032880,C7,1,1,1.0
2010-8,E01032892,C7,1,1,1.0
2010-8,E01032900,C7,1,1,1.0
2010-8,E01032911,C3,1,1,1.0
2010-8,E01032911,C7,1,1,1.0
2010-8,E01032912,C6,1,1,1.0
2010-8,E01032912,C7,2,2,1.0
2010-8,E01032917,C7,1,1,1.0
2010-8,E01032920,C7,1,1,1.0
2010-8,E01032939,C5,1,1,1.0
2010-8,E01032972,C7,1,1,1.0
2010-8,E01032985,C7,1,1,1.0
2010-8,E01032998,C3,1,1,1.0
2010-8,E01033008,C3,1,1,1.0
2010-8,E01033010,C7,1,1,1.0
2010-8,E01033011,C5,1,1,1.0
2010-8,E01033016,C5,1,1,1.0
2010-8,E01033025,C7,1,1,1.0
2010-8,E01033079,C5,1,1,1.0
2010-8,E01033098,C7,1,1,1.0
2010-8,E01033101,C3,1,1,1.0
2010-8,E01033118,C7,1,1,1.0
2010-8,E01033130,C7,1,1,1.0
2010-8,E01033143,C3,1,1,1.0
2010-8,E01033161,C7,1,1,1.0
2010-8,E01033176,C7,2,2,1.0
2010-8,E01033179,C7,2,1,2.0
2010-8,E01033217,C5,1,1,1.0
2010-8,E01033234,C4,1,1,1.0
2010-8,E01033239,C5,1,1,1.0
2010-8,E01033245,C7,1,1,1.0
2010-8,E01033253,C2,1,1,1.0
2010-8,E01033255,C3,1,1,1.0
2010-8,E01033255,C8,1,1,1.0
2010-8,E01033262,C7,2,1,2.0
2010-8,E01033264,C3,1,1,1.0
2010-8,E01033266,C3,1,1,1.0
2010-8,E01033274,C5,1,1,1.0
2010-8,E01033281,C7,1,1,1.0
2010-8,E01033283,C7,1,1,1.0
2010-8,E01033329,C7,1,1,1.0
2010-8,E01033341,C3,1,1,1.0
2010-8,E01033342,C3,1,1,1.0
2010-8,E01033350,C7,1,1,1.0
2010-8,E01033358,C5,1,1,1.0
2010-8,E01033359,C7,1,1,1.0
2010-8,E01033367,C3,1,1,1.0
2010-8,E01033383,C6,1,1,1.0
2010-8,E01033386,C7,1,1,1.0
2010-8,E01033402,C2,1,1,1.0
2010-8,E01033415,C5,1,1,1.0
2010-8,E01033415,C7,2,2,1.0
2010-8,E01033418,C7,1,1,1.0
2010-8,E01033420,C8,1,1,1.0
2010-8,E01033422,C4,1,1,1.0
2010-8,E01033432,C3,1,1,1.0
2010-8,E01033437,C5,1,1,1.0
2010-8,E01033477,C3,1,1,1.0
2010-8,E01033485,C7,1,1,1.0
2010-8,E01033486,C7,1,1,1.0
2010-8,E01033489,C7,1,1,1.0
2010-8,E01033491,C7,1,1,1.0
2010-8,E01033496,C7,2,1,2.0
2010-8,E01033499,C7,1,1,1.0
2010-8,E01033543,C7,1,1,1.0
2010-8,E01033557,C7,6,1,6.0
2010-8,E01033559,C7,1,1,1.0
2010-8,E01033561,C7,3,2,1.5
2010-8,E01033572,C7,1,1,1.0
2010-8,E01033595,C3,1,1,1.0
2010-8,E01033595,C5,1,1,1.0
2010-8,E01033599,C7,1,1,1.0
2010-8,E01033608,C3,1,1,1.0
2010-8,E01033615,C7,1,1,1.0
2010-8,E01033617,C2,1,1,1.0
2010-8,E01033619,C5,1,1,1.0
2010-8,E01033620,C3,1,1,1.0
2010-8,E01033620,C7,1,1,1.0
2010-8,E01033622,C7,1,1,1.0
2010-8,E01033625,C7,5,1,5.0
2010-8,E01033630,C3,1,1,1.0
2010-8,E01033633,C3,2,1,2.0
2010-8,E01033633,C5,1,1,1.0
2010-8,E01033633,C7,1,1,1.0
2010-8,E01033643,C7,1,1,1.0
2010-8,E01033674,C7,2,1,2.0
2010-8,E01033695,C3,1,1,1.0
2010-8,E01033701,C3,1,1,1.0
2010-8,E01033742,C3,1,1,1.0
2010-8,S01006512,C7,1,1,1.0
2010-8,S01006517,C7,1,1,1.0
2010-8,S01006541,C7,1,1,1.0
2010-8,S01006542,C3,1,1,1.0
2010-8,S01006556,C7,1,1,1.0
2010-8,S01006561,C7,1,1,1.0
2010-8,S01006599,C7,1,1,1.0
2010-8,S01006623,C6,1,1,1.0
2010-8,S01006623,C7,1,1,1.0
2010-8,S01006647,C7,1,1,1.0
2010-8,S01006662,C6,1,1,1.0
2010-8,S01006673,C7,1,1,1.0
2010-8,S01006694,C7,1,1,1.0
2010-8,S01006735,C6,2,1,2.0
2010-8,S01006769,C3,1,1,1.0
2010-8,S01006821,C5,1,1,1.0
2010-8,S01006845,C3,1,1,1.0
2010-8,S01006845,C7,1,1,1.0
2010-8,S01006847,C7,2,2,1.0
2010-8,S01006848,C7,2,2,1.0
2010-8,S01006849,C3,1,1,1.0
2010-8,S01006850,C5,1,1,1.0
2010-8,S01006850,C7,1,1,1.0
2010-8,S01006922,C7,1,1,1.0
2010-8,S01006924,C7,1,1,1.0
2010-8,S01007294,C8,1,1,1.0
2010-8,S01007397,C7,1,1,1.0
2010-8,S01007432,C7,1,1,1.0
2010-8,S01007435,C7,1,1,1.0
2010-8,S01007436,C7,1,1,1.0
2010-8,S01007449,C7,1,1,1.0
2010-8,S01007474,C7,1,1,1.0
2010-8,S01007503,C7,2,1,2.0
2010-8,S01007513,C7,1,1,1.0
2010-8,S01007582,C5,1,1,1.0
2010-8,S01007629,C5,1,1,1.0
2010-8,S01007655,C7,2,1,2.0
2010-8,S01007711,C3,1,1,1.0
2010-8,S01007791,C5,1,1,1.0
2010-8,S01007795,C7,1,1,1.0
2010-8,S01007796,C3,1,1,1.0
2010-8,S01007806,C5,1,1,1.0
2010-8,S01007936,C2,1,1,1.0
2010-8,S01008042,C7,1,1,1.0
2010-8,S01008077,C7,1,1,1.0
2010-8,S01008086,C7,1,1,1.0
2010-8,S01008164,C7,1,1,1.0
2010-8,S01008230,C5,1,1,1.0
2010-8,S01008279,C7,1,1,1.0
2010-8,S01008315,C7,1,1,1.0
2010-8,S01008333,C7,1,1,1.0
2010-8,S01008355,C7,1,1,1.0
2010-8,S01008370,C7,1,1,1.0
2010-8,S01008378,C7,1,1,1.0
2010-8,S01008461,C5,1,1,1.0
2010-8,S01008461,C6,1,1,1.0
2010-8,S01008534,C7,1,1,1.0
2010-8,S01008541,C7,2,1,2.0
2010-8,S01008545,C7,1,1,1.0
2010-8,S01008614,C3,1,1,1.0
2010-8,S01008635,C5,1,1,1.0
2010-8,S01008639,C3,1,1,1.0
2010-8,S01008642,C5,1,1,1.0
2010-8,S01008649,C7,2,2,1.0
2010-8,S01008650,C5,1,1,1.0
2010-8,S01008659,C4,1,1,1.0
2010-8,S01008665,C4,1,1,1.0
2010-8,S01008677,C4,2,1,2.0
2010-8,S01008677,C7,1,1,1.0
2010-8,S01008756,C5,1,1,1.0
2010-8,S01008759,C7,1,1,1.0
2010-8,S01008761,C3,1,1,1.0
2010-8,S01008762,C3,1,1,1.0
2010-8,S01008763,C7,1,1,1.0
2010-8,S01008767,C7,1,1,1.0
2010-8,S01008783,C5,1,1,1.0
2010-8,S01008785,C7,1,1,1.0
2010-8,S01008791,C3,1,1,1.0
2010-8,S01008798,C5,1,1,1.0
2010-8,S01008806,C5,1,1,1.0
2010-8,S01008814,C5,2,2,1.0
2010-8,S01008814,C7,1,1,1.0
2010-8,S01008815,C3,1,1,1.0
2010-8,S01008816,C2,1,1,1.0
2010-8,S01008816,C5,1,1,1.0
2010-8,S01008816,C6,1,1,1.0
2010-8,S01008817,C3,1,1,1.0
2010-8,S01008834,C7,1,1,1.0
2010-8,S01008837,C7,1,1,1.0
2010-8,S01008843,C3,1,1,1.0
2010-8,S01008844,C7,2,1,2.0
2010-8,S01008860,C7,1,1,1.0
2010-8,S01008868,C3,1,1,1.0
2010-8,S01008868,C4,1,1,1.0
2010-8,S01008882,C7,1,1,1.0
2010-8,S01008885,C8,1,1,1.0
2010-8,S01008892,C7,1,1,1.0
2010-8,S01008952,C7,1,1,1.0
2010-8,S01008973,C7,1,1,1.0
2010-8,S01008976,C8,1,1,1.0
2010-8,S01008992,C7,1,1,1.0
2010-8,S01009002,C7,1,1,1.0
2010-8,S01009059,C2,1,1,1.0
2010-8,S01009059,C3,1,1,1.0
2010-8,S01009061,C7,2,2,1.0
2010-8,S01009066,C5,1,1,1.0
2010-8,S01009068,C3,1,1,1.0
2010-8,S01009069,C7,1,1,1.0
2010-8,S01009070,C5,1,1,1.0
2010-8,S01009071,C7,1,1,1.0
2010-8,S01009078,C7,1,1,1.0
2010-8,S01009082,C5,1,1,1.0
2010-8,S01009084,C3,1,1,1.0
2010-8,S01009087,C3,1,1,1.0
2010-8,S01009088,C3,1,1,1.0
2010-8,S01009088,C8,2,2,1.0
2010-8,S01009093,C5,1,1,1.0
2010-8,S01009093,C7,1,1,1.0
2010-8,S01009108,C2,1,1,1.0
2010-8,S01009108,C7,3,3,1.0
2010-8,S01009124,C7,1,1,1.0
2010-8,S01009132,C5,1,1,1.0
2010-8,S01009133,C7,1,1,1.0
2010-8,S01009134,C6,1,1,1.0
2010-8,S01009135,C7,1,1,1.0
2010-8,S01009161,C7,1,1,1.0
2010-8,S01009176,C7,1,1,1.0
2010-8,S01009177,C7,1,1,1.0
2010-8,S01009181,C5,1,1,1.0
2010-8,S01009186,C7,1,1,1.0
2010-8,S01009187,C7,1,1,1.0
2010-8,S01009190,C7,1,1,1.0
2010-8,S01009191,C7,1,1,1.0
2010-8,S01009196,C2,2,1,2.0
2010-8,S01009197,C7,1,1,1.0
2010-8,S01009209,C7,1,1,1.0
2010-8,S01009218,C3,1,1,1.0
2010-8,S01009220,C7,1,1,1.0
2010-8,S01009229,C7,1,1,1.0
2010-8,S01009235,C7,1,1,1.0
2010-8,S01009244,C7,1,1,1.0
2010-8,S01009245,C3,1,1,1.0
2010-8,S01009247,C3,1,1,1.0
2010-8,S01009248,C3,1,1,1.0
2010-8,S01009252,C7,1,1,1.0
2010-8,S01009257,C7,1,1,1.0
2010-8,S01009259,C5,1,1,1.0
2010-8,S01009261,C7,1,1,1.0
2010-8,S01009299,C5,1,1,1.0
2010-8,S01009308,C7,1,1,1.0
2010-8,S01009318,C8,1,1,1.0
2010-8,S01009334,C5,1,1,1.0
2010-8,S01009367,C6,1,1,1.0
2010-8,S01009371,C7,1,1,1.0
2010-8,S01009383,C5,1,1,1.0
2010-8,S01009453,C5,1,1,1.0
2010-8,S01009466,C6,1,1,1.0
2010-8,S01009656,C8,1,1,1.0
2010-8,S01009772,C3,1,1,1.0
2010-8,S01009774,C5,1,1,1.0
2010-8,S01009788,C7,1,1,1.0
2010-8,S01009789,C7,2,2,1.0
2010-8,S01009801,C7,1,1,1.0
2010-8,S01009806,C7,1,1,1.0
2010-8,S01009815,C7,1,1,1.0
2010-8,S01009818,C7,1,1,1.0
2010-8,S01009824,C3,1,1,1.0
2010-8,S01009843,C7,1,1,1.0
2010-8,S01009851,C7,1,1,1.0
2010-8,S01009852,C7,1,1,1.0
2010-8,S01009864,C7,1,1,1.0
2010-8,S01009866,C7,1,1,1.0
2010-8,S01009873,C3,1,1,1.0
2010-8,S01009873,C7,3,2,1.5
2010-8,S01009879,C7,1,1,1.0
2010-8,S01009882,C7,1,1,1.0
2010-8,S01009891,C7,1,1,1.0
2010-8,S01009895,C7,1,1,1.0
2010-8,S01009897,C5,1,1,1.0
2010-8,S01009915,C2,1,1,1.0
2010-8,S01009931,C7,1,1,1.0
2010-8,S01009952,C8,1,1,1.0
2010-8,S01009964,C3,1,1,1.0
2010-8,S01009976,C7,1,1,1.0
2010-8,S01010004,C7,1,1,1.0
2010-8,S01010005,C4,1,1,1.0
2010-8,S01010032,C7,1,1,1.0
2010-8,S01010033,C7,2,1,2.0
2010-8,S01010034,C7,2,2,1.0
2010-8,S01010044,C3,1,1,1.0
2010-8,S01010047,C7,1,1,1.0
2010-8,S01010066,C7,1,1,1.0
2010-8,S01010069,C7,1,1,1.0
2010-8,S01010074,C7,1,1,1.0
2010-8,S01010076,C5,2,1,2.0
2010-8,S01010076,C6,1,1,1.0
2010-8,S01010089,C7,1,1,1.0
2010-8,S01010092,C2,1,1,1.0
2010-8,S01010092,C7,1,1,1.0
2010-8,S01010114,C7,1,1,1.0
2010-8,S01010117,C7,1,1,1.0
2010-8,S01010120,C7,1,1,1.0
2010-8,S01010123,C7,1,1,1.0
2010-8,S01010187,C8,1,1,1.0
2010-8,S01010188,C3,1,1,1.0
2010-8,S01010192,C7,1,1,1.0
2010-8,S01010252,C3,1,1,1.0
2010-8,S01010261,C7,1,1,1.0
2010-8,S01010283,C7,1,1,1.0
2010-8,S01010287,C7,1,1,1.0
2010-8,S01010300,C7,1,1,1.0
2010-8,S01010319,C7,1,1,1.0
2010-8,S01010359,C3,1,1,1.0
2010-8,S01010364,C7,1,1,1.0
2010-8,S01010379,C7,1,1,1.0
2010-8,S01010386,C5,1,1,1.0
2010-8,S01010427,C6,1,1,1.0
2010-8,S01010432,C7,1,1,1.0
2010-8,S01010435,C7,1,1,1.0
2010-8,S01010436,C5,1,1,1.0
2010-8,S01010436,C7,1,1,1.0
2010-8,S01010440,C7,2,1,2.0
2010-8,S01010448,C3,1,1,1.0
2010-8,S01010448,C6,1,1,1.0
2010-8,S01010449,C7,1,1,1.0
2010-8,S01010454,C7,1,1,1.0
2010-8,S01010457,C5,1,1,1.0
2010-8,S01010458,C7,1,1,1.0
2010-8,S01010461,C7,1,1,1.0
2010-8,S01010468,C7,1,1,1.0
2010-8,S01010473,C7,1,1,1.0
2010-8,S01010499,C3,1,1,1.0
2010-8,S01010713,C7,1,1,1.0
2010-8,S01010722,C7,1,1,1.0
2010-8,S01010737,C7,1,1,1.0
2010-8,S01010779,C7,1,1,1.0
2010-8,S01011011,C7,3,1,3.0
2010-8,S01011017,C7,2,1,2.0
2010-8,S01011030,C3,1,1,1.0
2010-8,S01011030,C7,2,2,1.0
2010-8,S01011040,C7,1,1,1.0
2010-8,S01011072,C5,1,1,1.0
2010-8,S01011131,C3,1,1,1.0
2010-8,S01011255,C7,1,1,1.0
2010-8,S01011287,C2,1,1,1.0
2010-8,S01011287,C3,1,1,1.0
2010-8,S01011358,C3,1,1,1.0
2010-8,S01011390,C7,1,1,1.0
2010-8,S01011412,C7,1,1,1.0
2010-8,S01011451,C3,1,1,1.0
2010-8,S01011455,C7,1,1,1.0
2010-8,S01011501,C8,1,1,1.0
2010-8,S01011531,C8,1,1,1.0
2010-8,S01011558,C7,1,1,1.0
2010-8,S01011564,C5,1,1,1.0
2010-8,S01011646,C6,1,1,1.0
2010-8,S01011654,C8,1,1,1.0
2010-8,S01011712,C7,1,1,1.0
2010-8,S01011731,C3,1,1,1.0
2010-8,S01011747,C5,1,1,1.0
2010-8,S01011749,C5,1,1,1.0
2010-8,S01011773,C2,1,1,1.0
2010-8,S01011773,C7,1,1,1.0
2010-8,S01011776,C2,1,1,1.0
2010-8,S01011868,C7,1,1,1.0
2010-8,S01011891,C2,1,1,1.0
2010-8,S01011912,C3,1,1,1.0
2010-8,S01011916,C5,1,1,1.0
2010-8,S01011917,C5,1,1,1.0
2010-8,S01011919,C3,1,1,1.0
2010-8,S01012022,C7,1,1,1.0
2010-8,S01012029,C7,2,2,1.0
2010-8,S01012035,C7,1,1,1.0
2010-8,S01012045,C7,1,1,1.0
2010-8,S01012051,C2,1,1,1.0
2010-8,S01012069,C7,1,1,1.0
2010-8,S01012078,C7,1,1,1.0
2010-8,S01012079,C7,1,1,1.0
2010-8,S01012080,C7,1,1,1.0
2010-8,S01012122,C7,1,1,1.0
2010-8,S01012156,C3,1,1,1.0
2010-8,S01012162,C7,1,1,1.0
2010-8,S01012198,C2,1,1,1.0
2010-8,S01012324,C7,1,1,1.0
2010-8,S01012384,C5,1,1,1.0
2010-8,S01012450,C7,1,1,1.0
2010-8,S01012481,C7,1,1,1.0
2010-8,S01012488,C3,1,1,1.0
2010-8,S01012490,C7,1,1,1.0
2010-8,S01012511,C2,1,1,1.0
2010-8,S01012570,C7,1,1,1.0
2010-8,S01012576,C4,1,1,1.0
2010-8,S01012578,C7,1,1,1.0
2010-8,S01012695,C7,2,1,2.0
2010-8,S01012736,C7,1,1,1.0
2010-8,S01012737,C7,1,1,1.0
2010-8,S01012798,C8,1,1,1.0
2010-8,S01012799,C3,1,1,1.0
2010-8,S01012799,C7,2,1,2.0
2010-8,S01012841,C3,1,1,1.0
2010-8,S01012848,C5,1,1,1.0
2010-8,S01013006,C7,1,1,1.0
2010-8,S01013118,C2,1,1,1.0
2010-8,S01013123,C3,1,1,1.0
2010-8,S01013226,C2,1,1,1.0
2010-8,S01013290,C7,1,1,1.0
2010-8,S01013312,C8,1,1,1.0
2010-8,S01013323,C7,1,1,1.0
2010-8,S01013325,C7,1,1,1.0
2010-8,S01013331,C7,2,1,2.0
2010-8,S01013331,C8,1,1,1.0
2010-8,S01013444,C3,1,1,1.0
2010-8,S01013455,C3,1,1,1.0
2010-8,S01013479,C7,1,1,1.0
2010-8,W01000130,C3,1,1,1.0
2010-8,W01000131,C3,1,1,1.0
2010-8,W01000173,C4,1,1,1.0
2010-8,W01000175,C5,1,1,1.0
2010-8,W01000209,C7,1,1,1.0
2010-8,W01000245,C7,1,1,1.0
2010-8,W01000248,C7,1,1,1.0
2010-8,W01000250,C7,1,1,1.0
2010-8,W01000256,C7,1,1,1.0
2010-8,W01000267,C7,1,1,1.0
2010-8,W01000295,C5,1,1,1.0
2010-8,W01000300,C7,1,1,1.0
2010-8,W01000310,C3,1,1,1.0
2010-8,W01000383,C7,1,1,1.0
2010-8,W01000408,C7,1,1,1.0
2010-8,W01000427,C7,1,1,1.0
2010-8,W01000473,C4,2,1,2.0
2010-8,W01000482,C5,1,1,1.0
2010-8,W01000482,C7,1,1,1.0
2010-8,W01000536,C7,1,1,1.0
2010-8,W01000548,C7,1,1,1.0
2010-8,W01000555,C3,1,1,1.0
2010-8,W01000585,C7,1,1,1.0
2010-8,W01000595,C7,1,1,1.0
2010-8,W01000600,C3,1,1,1.0
2010-8,W01000600,C5,1,1,1.0
2010-8,W01000600,C7,1,1,1.0
2010-8,W01000602,C3,1,1,1.0
2010-8,W01000771,C2,1,1,1.0
2010-8,W01000784,C7,1,1,1.0
2010-8,W01000809,C7,1,1,1.0
2010-8,W01000812,C7,1,1,1.0
2010-8,W01000814,C3,1,1,1.0
2010-8,W01000815,C3,1,1,1.0
2010-8,W01000823,C7,3,1,3.0
2010-8,W01000920,C2,1,1,1.0
2010-8,W01001020,C3,1,1,1.0
2010-8,W01001028,C3,2,2,1.0
2010-8,W01001037,C7,1,1,1.0
2010-8,W01001037,C8,1,1,1.0
2010-8,W01001041,C7,3,1,3.0
2010-8,W01001050,C7,1,1,1.0
2010-8,W01001061,C3,1,1,1.0
2010-8,W01001249,C3,1,1,1.0
2010-8,W01001264,C3,1,1,1.0
2010-8,W01001316,C7,1,1,1.0
2010-8,W01001335,C7,1,1,1.0
2010-8,W01001342,C7,1,1,1.0
2010-8,W01001344,C3,1,1,1.0
2010-8,W01001357,C7,1,1,1.0
2010-8,W01001372,C2,1,1,1.0
2010-8,W01001373,C7,2,1,2.0
2010-8,W01001421,C7,1,1,1.0
2010-8,W01001422,C7,1,1,1.0
2010-8,W01001424,C7,1,1,1.0
2010-8,W01001442,C7,1,1,1.0
2010-8,W01001443,C5,1,1,1.0
2010-8,W01001479,C7,1,1,1.0
2010-8,W01001493,C7,2,2,1.0
2010-8,W01001523,C3,1,1,1.0
2010-8,W01001523,C6,2,1,2.0
2010-8,W01001523,C7,2,1,2.0
2010-8,W01001593,C3,1,1,1.0
2010-8,W01001600,C2,1,1,1.0
2010-8,W01001643,C5,1,1,1.0
2010-8,W01001643,C7,1,1,1.0
2010-8,W01001678,C8,1,1,1.0
2010-8,W01001680,C3,1,1,1.0
2010-8,W01001684,C7,1,1,1.0
2010-8,W01001695,C7,1,1,1.0
2010-8,W01001696,C3,1,1,1.0
2010-8,W01001697,C3,1,1,1.0
2010-8,W01001699,C5,1,1,1.0
2010-8,W01001720,C3,1,1,1.0
2010-8,W01001722,C3,1,1,1.0
2010-8,W01001726,C7,1,1,1.0
2010-8,W01001734,C7,3,1,3.0
2010-8,W01001735,C7,1,1,1.0
2010-8,W01001759,C8,1,1,1.0
2010-8,W01001765,C3,1,1,1.0
2010-8,W01001773,C7,1,1,1.0
2010-8,W01001776,C7,1,1,1.0
2010-8,W01001816,C7,1,1,1.0
2010-8,W01001838,C7,1,1,1.0
2010-8,W01001850,C7,1,1,1.0
2010-8,W01001857,C8,2,1,2.0
2010-8,W01001861,C3,1,1,1.0
2010-8,W01001873,C7,1,1,1.0
2010-8,W01001882,C5,1,1,1.0
2010-8,W01001891,C7,1,1,1.0
2010-8,W01001894,C7,1,1,1.0
2010-8,W01001942,C7,1,1,1.0
2010-8,W01001950,C5,1,1,1.0
