lsoa,SHEF_B_CODE,reports,unique_users,average_per_user
E01000024,B1,1,1,1.0
E01000073,B1,1,1,1.0
E01000163,B1,1,1,1.0
E01000218,B1,1,1,1.0
E01000469,B1,1,1,1.0
E01001097,B1,1,1,1.0
E01001246,B1,1,1,1.0
E01001498,B1,1,1,1.0
E01001836,B1,1,1,1.0
E01002018,B1,1,1,1.0
E01002061,B1,1,1,1.0
E01002113,B1,1,1,1.0
E01002177,B1,1,1,1.0
E01002469,B1,1,1,1.0
E01002554,B1,1,1,1.0
E01002581,B1,1,1,1.0
E01002626,B1,1,1,1.0
E01002635,B1,1,1,1.0
E01002720,B1,1,1,1.0
E01003252,B1,1,1,1.0
E01003283,B1,1,1,1.0
E01003287,B1,1,1,1.0
E01003691,B1,1,1,1.0
E01003698,B1,1,1,1.0
E01003793,B1,1,1,1.0
E01004145,B1,2,2,1.0
E01004590,B1,1,1,1.0
E01005281,B1,1,1,1.0
E01005766,B1,1,1,1.0
E01005836,B1,1,1,1.0
E01007521,B1,1,1,1.0
E01008037,B1,1,1,1.0
E01008558,B1,1,1,1.0
E01009074,B1,1,1,1.0
E01009972,B1,1,1,1.0
E01010792,B1,1,1,1.0
E01012022,B1,1,1,1.0
E01012165,B1,1,1,1.0
E01012314,B1,1,1,1.0
E01014046,B1,1,1,1.0
E01014397,B1,1,1,1.0
E01014695,B1,1,1,1.0
E01014738,B1,1,1,1.0
E01014811,B1,1,1,1.0
E01015129,B1,2,1,2.0
E01015363,B1,1,1,1.0
E01015798,B1,1,1,1.0
E01016082,B1,1,1,1.0
E01016170,B1,1,1,1.0
E01016925,B1,1,1,1.0
E01016986,B1,1,1,1.0
E01017154,B1,1,1,1.0
E01017384,B1,1,1,1.0
E01017681,B1,1,1,1.0
E01017777,B1,1,1,1.0
E01017842,B1,1,1,1.0
E01017849,B1,1,1,1.0
E01017904,B1,1,1,1.0
E01018432,B1,1,1,1.0
E01018504,B1,1,1,1.0
E01019887,B1,1,1,1.0
E01019897,B1,1,1,1.0
E01021128,B1,1,1,1.0
E01022331,B1,1,1,1.0
E01022540,B1,1,1,1.0
E01022723,B1,1,1,1.0
E01023477,B1,1,1,1.0
E01023919,B1,1,1,1.0
E01024140,B1,1,1,1.0
E01024331,B1,1,1,1.0
E01024465,B1,2,1,2.0
E01024829,B1,1,1,1.0
E01025185,B1,1,1,1.0
E01027177,B1,1,1,1.0
E01027185,B1,1,1,1.0
E01028553,B1,1,1,1.0
E01030008,B1,1,1,1.0
E01030707,B1,1,1,1.0
E01030979,B1,1,1,1.0
E01031409,B1,1,1,1.0
E01031521,B1,1,1,1.0
E01031647,B1,1,1,1.0
E01031710,B1,1,1,1.0
E01032272,B1,1,1,1.0
E01033127,B1,1,1,1.0
E01033181,B1,1,1,1.0
S01006569,B1,1,1,1.0
S01007304,B1,1,1,1.0
S01007867,B1,1,1,1.0
S01008755,B1,1,1,1.0
S01008803,B1,1,1,1.0
S01008813,B1,1,1,1.0
S01009045,B1,1,1,1.0
S01009909,B1,1,1,1.0
S01010015,B1,1,1,1.0
S01010286,B1,2,1,2.0
S01010382,B1,1,1,1.0
S01010441,B1,1,1,1.0
S01010472,B1,1,1,1.0
S01012616,B1,1,1,1.0
W01001397,B1,1,1,1.0
W01001615,B1,1,1,1.0
W01001842,B1,1,1,1.0
E01000161,B13,1,1,1.0
E01000850,B13,1,1,1.0
E01000852,B13,1,1,1.0
E01000919,B13,1,1,1.0
E01001387,B13,1,1,1.0
E01001518,B13,1,1,1.0
E01002065,B13,1,1,1.0
E01002708,B13,1,1,1.0
E01002709,B13,1,1,1.0
E01002747,B13,1,1,1.0
E01002962,B13,1,1,1.0
E01003107,B13,1,1,1.0
E01003132,B13,1,1,1.0
E01003637,B13,1,1,1.0
E01003793,B13,1,1,1.0
E01004033,B13,1,1,1.0
E01004274,B13,1,1,1.0
E01004654,B13,1,1,1.0
E01004687,B13,1,1,1.0
E01004733,B13,1,1,1.0
E01004750,B13,1,1,1.0
E01004761,B13,1,1,1.0
E01006332,B13,1,1,1.0
E01007403,B13,1,1,1.0
E01007426,B13,1,1,1.0
E01007586,B13,1,1,1.0
E01007742,B13,1,1,1.0
E01008088,B13,1,1,1.0
E01008112,B13,1,1,1.0
E01008145,B13,1,1,1.0
E01008161,B13,1,1,1.0
E01009441,B13,1,1,1.0
E01009833,B13,1,1,1.0
E01010937,B13,1,1,1.0
E01011431,B13,1,1,1.0
E01011591,B13,1,1,1.0
E01012474,B13,1,1,1.0
E01012514,B13,1,1,1.0
E01012557,B13,1,1,1.0
E01012983,B13,1,1,1.0
E01012996,B13,1,1,1.0
E01013127,B13,1,1,1.0
E01013810,B13,1,1,1.0
E01013842,B13,1,1,1.0
E01013928,B13,1,1,1.0
E01013931,B13,2,1,2.0
E01013938,B13,1,1,1.0
E01014031,B13,1,1,1.0
E01014041,B13,1,1,1.0
E01014084,B13,1,1,1.0
E01014149,B13,1,1,1.0
E01014563,B13,4,2,2.0
E01014659,B13,1,1,1.0
E01014781,B13,1,1,1.0
E01015480,B13,1,1,1.0
E01017369,B13,1,1,1.0
E01017666,B13,1,1,1.0
E01018008,B13,1,1,1.0
E01018204,B13,1,1,1.0
E01018272,B13,1,1,1.0
E01018289,B13,1,1,1.0
E01018688,B13,1,1,1.0
E01018800,B13,1,1,1.0
E01019457,B13,1,1,1.0
E01019643,B13,1,1,1.0
E01019675,B13,1,1,1.0
E01019697,B13,2,1,2.0
E01019698,B13,1,1,1.0
E01019700,B13,3,1,3.0
E01020539,B13,4,2,2.0
E01021789,B13,1,1,1.0
E01021801,B13,1,1,1.0
E01022138,B13,1,1,1.0
E01022141,B13,1,1,1.0
E01022153,B13,1,1,1.0
E01022187,B13,1,1,1.0
E01022409,B13,1,1,1.0
E01022721,B13,1,1,1.0
E01023224,B13,2,1,2.0
E01023330,B13,1,1,1.0
E01023514,B13,2,2,1.0
E01023517,B13,1,1,1.0
E01023559,B13,1,1,1.0
E01023704,B13,1,1,1.0
E01024345,B13,1,1,1.0
E01024798,B13,1,1,1.0
E01024913,B13,1,1,1.0
E01026263,B13,1,1,1.0
E01026559,B13,1,1,1.0
E01026811,B13,1,1,1.0
E01027259,B13,1,1,1.0
E01028521,B13,1,1,1.0
E01028840,B13,1,1,1.0
E01029128,B13,1,1,1.0
E01029256,B13,1,1,1.0
E01030350,B13,1,1,1.0
E01030499,B13,1,1,1.0
E01030537,B13,1,1,1.0
E01030611,B13,1,1,1.0
E01030617,B13,1,1,1.0
E01030899,B13,1,1,1.0
E01031000,B13,1,1,1.0
E01031282,B13,1,1,1.0
E01031764,B13,1,1,1.0
E01031766,B13,2,1,2.0
E01032014,B13,1,1,1.0
E01032022,B13,1,1,1.0
E01032067,B13,1,1,1.0
E01032134,B13,1,1,1.0
S01006517,B13,2,1,2.0
S01006529,B13,1,1,1.0
S01006544,B13,2,1,2.0
S01006586,B13,1,1,1.0
S01006888,B13,1,1,1.0
S01007106,B13,1,1,1.0
S01007454,B13,1,1,1.0
S01007462,B13,1,1,1.0
S01007467,B13,1,1,1.0
S01007475,B13,1,1,1.0
S01007476,B13,1,1,1.0
S01007554,B13,1,1,1.0
S01007646,B13,1,1,1.0
S01007735,B13,1,1,1.0
S01007916,B13,1,1,1.0
S01008200,B13,1,1,1.0
S01008202,B13,1,1,1.0
S01008432,B13,2,1,2.0
S01008508,B13,1,1,1.0
S01008544,B13,1,1,1.0
S01008586,B13,1,1,1.0
S01008654,B13,1,1,1.0
S01008901,B13,1,1,1.0
S01008997,B13,1,1,1.0
S01009055,B13,1,1,1.0
S01009084,B13,1,1,1.0
S01009115,B13,1,1,1.0
S01009164,B13,1,1,1.0
S01009175,B13,1,1,1.0
S01009187,B13,1,1,1.0
S01009192,B13,1,1,1.0
S01009200,B13,1,1,1.0
S01009213,B13,1,1,1.0
S01009255,B13,1,1,1.0
S01009260,B13,1,1,1.0
S01009261,B13,1,1,1.0
S01009299,B13,1,1,1.0
S01009315,B13,1,1,1.0
S01009797,B13,1,1,1.0
S01009945,B13,1,1,1.0
S01010029,B13,1,1,1.0
S01010058,B13,1,1,1.0
S01010315,B13,1,1,1.0
S01010364,B13,1,1,1.0
S01010422,B13,1,1,1.0
S01010436,B13,1,1,1.0
S01010674,B13,2,2,1.0
S01010829,B13,1,1,1.0
S01010926,B13,1,1,1.0
S01011162,B13,1,1,1.0
S01011328,B13,1,1,1.0
S01011436,B13,1,1,1.0
S01011542,B13,1,1,1.0
S01011594,B13,1,1,1.0
S01011697,B13,1,1,1.0
S01011878,B13,1,1,1.0
S01012030,B13,2,1,2.0
S01012045,B13,1,1,1.0
S01012240,B13,1,1,1.0
S01012454,B13,1,1,1.0
S01012515,B13,1,1,1.0
S01012617,B13,1,1,1.0
S01012618,B13,1,1,1.0
S01012636,B13,3,1,3.0
S01012692,B13,1,1,1.0
S01012716,B13,1,1,1.0
S01012848,B13,1,1,1.0
S01013047,B13,1,1,1.0
S01013070,B13,1,1,1.0
S01013123,B13,1,1,1.0
S01013314,B13,1,1,1.0
W01000656,B13,1,1,1.0
W01001427,B13,1,1,1.0
W01001586,B13,1,1,1.0
W01001590,B13,1,1,1.0
W01001713,B13,1,1,1.0
W01001729,B13,1,1,1.0
E01000001,B14,1,1,1.0
E01000003,B14,1,1,1.0
E01000953,B14,1,1,1.0
E01001083,B14,1,1,1.0
E01001666,B14,3,1,3.0
E01001709,B14,1,1,1.0
E01002704,B14,5,1,5.0
E01002708,B14,2,1,2.0
E01002709,B14,1,1,1.0
E01002710,B14,2,1,2.0
E01002712,B14,1,1,1.0
E01002726,B14,1,1,1.0
E01003837,B14,1,1,1.0
E01004230,B14,1,1,1.0
E01004405,B14,1,1,1.0
E01004409,B14,1,1,1.0
E01004573,B14,2,1,2.0
E01007434,B14,1,1,1.0
E01007821,B14,1,1,1.0
E01007843,B14,1,1,1.0
E01007972,B14,1,1,1.0
E01008994,B14,1,1,1.0
E01009175,B14,1,1,1.0
E01009189,B14,4,1,4.0
E01009441,B14,1,1,1.0
E01011572,B14,1,1,1.0
E01012962,B14,1,1,1.0
E01013779,B14,1,1,1.0
E01013810,B14,1,1,1.0
E01013842,B14,2,1,2.0
E01013930,B14,9,1,9.0
E01014026,B14,1,1,1.0
E01014042,B14,1,1,1.0
E01014696,B14,1,1,1.0
E01016398,B14,1,1,1.0
E01016535,B14,1,1,1.0
E01016874,B14,1,1,1.0
E01017971,B14,2,1,2.0
E01021193,B14,1,1,1.0
E01022528,B14,1,1,1.0
E01023366,B14,1,1,1.0
E01023482,B14,1,1,1.0
E01023602,B14,1,1,1.0
E01023917,B14,1,1,1.0
E01024936,B14,1,1,1.0
E01025425,B14,1,1,1.0
E01027678,B14,1,1,1.0
E01028199,B14,1,1,1.0
E01032114,B14,1,1,1.0
E01032480,B14,1,1,1.0
E01032925,B14,1,1,1.0
E01032939,B14,1,1,1.0
E01033127,B14,1,1,1.0
E01033708,B14,1,1,1.0
S01008375,B14,1,1,1.0
S01008508,B14,1,1,1.0
S01008628,B14,1,1,1.0
S01009327,B14,1,1,1.0
S01009522,B14,1,1,1.0
S01009795,B14,1,1,1.0
S01009909,B14,1,1,1.0
S01010053,B14,1,1,1.0
S01012616,B14,2,1,2.0
S01012815,B14,1,1,1.0
S01013129,B14,1,1,1.0
W01001396,B14,1,1,1.0
W01001559,B14,1,1,1.0
W01001587,B14,1,1,1.0
E01005604,B15,1,1,1.0
E01019664,B15,1,1,1.0
E01019697,B15,1,1,1.0
E01027732,B15,1,1,1.0
E01031146,B15,1,1,1.0
S01007417,B15,1,1,1.0
S01008127,B15,2,1,2.0
S01008997,B15,1,1,1.0
S01009060,B15,1,1,1.0
S01009239,B15,1,1,1.0
S01009546,B15,1,1,1.0
S01009764,B15,1,1,1.0
S01012585,B15,1,1,1.0
E01000236,B16,1,1,1.0
E01000481,B16,1,1,1.0
E01000914,B16,1,1,1.0
E01001584,B16,1,1,1.0
E01001640,B16,1,1,1.0
E01001755,B16,1,1,1.0
E01001968,B16,1,1,1.0
E01002065,B16,1,1,1.0
E01002684,B16,1,1,1.0
E01002704,B16,2,1,2.0
E01002714,B16,1,1,1.0
E01003063,B16,1,1,1.0
E01003073,B16,1,1,1.0
E01003884,B16,1,1,1.0
E01003939,B16,1,1,1.0
E01004350,B16,1,1,1.0
E01004577,B16,1,1,1.0
E01005062,B16,1,1,1.0
E01005286,B16,1,1,1.0
E01005412,B16,1,1,1.0
E01005667,B16,1,1,1.0
E01006035,B16,1,1,1.0
E01007138,B16,1,1,1.0
E01007163,B16,1,1,1.0
E01007399,B16,1,1,1.0
E01007406,B16,1,1,1.0
E01007438,B16,1,1,1.0
E01007645,B16,1,1,1.0
E01007693,B16,1,1,1.0
E01007711,B16,1,1,1.0
E01007820,B16,2,1,2.0
E01007822,B16,1,1,1.0
E01007909,B16,1,1,1.0
E01007943,B16,1,1,1.0
E01007971,B16,1,1,1.0
E01008874,B16,1,1,1.0
E01009964,B16,1,1,1.0
E01010347,B16,1,1,1.0
E01011507,B16,1,1,1.0
E01013810,B16,2,1,2.0
E01013816,B16,1,1,1.0
E01013930,B16,5,1,5.0
E01014016,B16,1,1,1.0
E01014262,B16,1,1,1.0
E01014563,B16,1,1,1.0
E01014891,B16,2,1,2.0
E01016682,B16,1,1,1.0
E01016850,B16,2,1,2.0
E01016963,B16,1,1,1.0
E01017008,B16,1,1,1.0
E01017411,B16,1,1,1.0
E01018280,B16,1,1,1.0
E01019113,B16,1,1,1.0
E01019656,B16,1,1,1.0
E01019697,B16,1,1,1.0
E01019895,B16,1,1,1.0
E01020539,B16,2,2,1.0
E01020551,B16,1,1,1.0
E01020557,B16,1,1,1.0
E01020987,B16,1,1,1.0
E01021189,B16,1,1,1.0
E01021190,B16,1,1,1.0
E01022462,B16,1,1,1.0
E01023135,B16,1,1,1.0
E01023287,B16,1,1,1.0
E01023940,B16,1,1,1.0
E01023944,B16,1,1,1.0
E01024533,B16,1,1,1.0
E01024698,B16,1,1,1.0
E01026328,B16,2,1,2.0
E01026574,B16,1,1,1.0
E01027223,B16,1,1,1.0
E01027255,B16,1,1,1.0
E01027268,B16,1,1,1.0
E01028840,B16,1,1,1.0
E01030463,B16,1,1,1.0
E01030504,B16,1,1,1.0
E01030547,B16,1,1,1.0
E01030954,B16,1,1,1.0
E01031234,B16,1,1,1.0
E01032130,B16,1,1,1.0
E01032132,B16,1,1,1.0
E01032739,B16,1,1,1.0
E01032922,B16,1,1,1.0
E01033367,B16,1,1,1.0
E01033572,B16,1,1,1.0
S01006510,B16,1,1,1.0
S01006577,B16,1,1,1.0
S01006602,B16,1,1,1.0
S01006696,B16,1,1,1.0
S01007453,B16,2,1,2.0
S01007463,B16,1,1,1.0
S01008046,B16,1,1,1.0
S01008070,B16,1,1,1.0
S01008094,B16,1,1,1.0
S01008354,B16,1,1,1.0
S01008456,B16,4,1,4.0
S01008460,B16,1,1,1.0
S01008587,B16,1,1,1.0
S01008593,B16,2,2,1.0
S01008652,B16,1,1,1.0
S01008813,B16,1,1,1.0
S01009061,B16,1,1,1.0
S01009075,B16,1,1,1.0
S01009092,B16,1,1,1.0
S01009216,B16,1,1,1.0
S01009424,B16,1,1,1.0
S01009494,B16,1,1,1.0
S01009544,B16,1,1,1.0
S01009702,B16,1,1,1.0
S01009755,B16,1,1,1.0
S01009849,B16,1,1,1.0
S01009966,B16,1,1,1.0
S01010078,B16,1,1,1.0
S01010333,B16,1,1,1.0
S01010364,B16,1,1,1.0
S01010365,B16,1,1,1.0
S01010400,B16,1,1,1.0
S01010473,B16,1,1,1.0
S01010566,B16,1,1,1.0
S01010697,B16,1,1,1.0
S01010993,B16,1,1,1.0
S01011038,B16,1,1,1.0
S01011220,B16,1,1,1.0
S01011471,B16,1,1,1.0
S01011482,B16,1,1,1.0
S01011732,B16,1,1,1.0
S01011747,B16,1,1,1.0
S01011837,B16,1,1,1.0
S01012128,B16,1,1,1.0
S01012288,B16,1,1,1.0
S01012889,B16,1,1,1.0
S01013054,B16,1,1,1.0
S01013101,B16,1,1,1.0
S01013204,B16,1,1,1.0
S01013229,B16,1,1,1.0
S01013236,B16,1,1,1.0
S01013349,B16,2,2,1.0
S01013385,B16,1,1,1.0
S01013413,B16,1,1,1.0
W01000286,B16,1,1,1.0
W01000656,B16,1,1,1.0
W01000678,B16,1,1,1.0
E01004558,B17,1,1,1.0
E01004841,B17,1,1,1.0
E01004917,B17,1,1,1.0
E01005602,B17,1,1,1.0
E01009671,B17,1,1,1.0
E01012863,B17,1,1,1.0
E01014577,B17,1,1,1.0
E01017411,B17,1,1,1.0
E01021141,B17,1,1,1.0
E01023178,B17,1,1,1.0
E01023559,B17,1,1,1.0
E01024701,B17,1,1,1.0
E01028438,B17,1,1,1.0
E01028840,B17,1,1,1.0
E01030881,B17,1,1,1.0
S01007504,B17,1,1,1.0
S01008142,B17,1,1,1.0
S01009591,B17,1,1,1.0
E01001608,B18,1,1,1.0
E01002984,B18,1,1,1.0
E01003118,B18,1,1,1.0
E01004410,B18,1,1,1.0
E01004897,B18,2,1,2.0
E01007416,B18,1,1,1.0
E01007897,B18,1,1,1.0
E01007912,B18,1,1,1.0
E01010167,B18,1,1,1.0
E01013260,B18,1,1,1.0
E01014008,B18,1,1,1.0
E01014560,B18,1,1,1.0
E01014699,B18,1,1,1.0
E01016908,B18,1,1,1.0
E01016992,B18,1,1,1.0
E01017260,B18,1,1,1.0
E01017655,B18,1,1,1.0
E01018490,B18,2,1,2.0
E01021267,B18,1,1,1.0
E01022129,B18,1,1,1.0
E01023613,B18,1,1,1.0
E01024671,B18,1,1,1.0
E01024828,B18,1,1,1.0
E01025179,B18,1,1,1.0
E01025646,B18,1,1,1.0
E01026743,B18,1,1,1.0
E01030552,B18,1,1,1.0
E01031382,B18,1,1,1.0
S01007663,B18,1,1,1.0
S01008338,B18,1,1,1.0
S01008377,B18,1,1,1.0
S01008428,B18,1,1,1.0
S01008463,B18,1,1,1.0
S01008464,B18,1,1,1.0
S01009378,B18,1,1,1.0
S01009552,B18,1,1,1.0
S01009559,B18,1,1,1.0
S01009969,B18,1,1,1.0
S01010078,B18,1,1,1.0
S01010413,B18,1,1,1.0
S01010417,B18,1,1,1.0
S01011080,B18,1,1,1.0
S01011490,B18,1,1,1.0
S01011541,B18,1,1,1.0
S01012879,B18,1,1,1.0
S01012880,B18,1,1,1.0
S01013149,B18,1,1,1.0
W01001697,B18,2,1,2.0
E01000918,B19,1,1,1.0
E01001097,B19,1,1,1.0
E01001251,B19,1,1,1.0
E01001419,B19,1,1,1.0
E01001532,B19,1,1,1.0
E01002063,B19,1,1,1.0
E01002506,B19,1,1,1.0
E01002704,B19,2,1,2.0
E01003081,B19,1,1,1.0
E01003227,B19,1,1,1.0
E01003846,B19,1,1,1.0
E01003884,B19,1,1,1.0
E01003896,B19,1,1,1.0
E01003909,B19,1,1,1.0
E01004397,B19,1,1,1.0
E01004411,B19,1,1,1.0
E01004569,B19,1,1,1.0
E01004614,B19,1,1,1.0
E01004750,B19,1,1,1.0
E01004937,B19,1,1,1.0
E01007465,B19,1,1,1.0
E01007781,B19,1,1,1.0
E01007819,B19,1,1,1.0
E01007820,B19,1,1,1.0
E01007879,B19,1,1,1.0
E01007973,B19,1,1,1.0
E01008134,B19,1,1,1.0
E01010331,B19,2,1,2.0
E01011406,B19,1,1,1.0
E01011417,B19,1,1,1.0
E01011505,B19,1,1,1.0
E01012996,B19,1,1,1.0
E01013062,B19,1,1,1.0
E01013757,B19,1,1,1.0
E01013991,B19,1,1,1.0
E01014043,B19,1,1,1.0
E01014191,B19,1,1,1.0
E01014515,B19,1,1,1.0
E01014560,B19,1,1,1.0
E01014561,B19,1,1,1.0
E01014563,B19,1,1,1.0
E01014789,B19,1,1,1.0
E01014883,B19,1,1,1.0
E01015591,B19,1,1,1.0
E01015612,B19,1,1,1.0
E01016279,B19,1,1,1.0
E01017655,B19,1,1,1.0
E01017678,B19,1,1,1.0
E01017774,B19,1,1,1.0
E01017998,B19,1,1,1.0
E01018971,B19,1,1,1.0
E01019698,B19,1,1,1.0
E01019700,B19,1,1,1.0
E01021776,B19,1,1,1.0
E01021778,B19,1,1,1.0
E01021836,B19,1,1,1.0
E01022106,B19,1,1,1.0
E01022153,B19,1,1,1.0
E01022194,B19,1,1,1.0
E01023175,B19,1,1,1.0
E01023258,B19,1,1,1.0
E01023474,B19,1,1,1.0
E01023513,B19,1,1,1.0
E01023559,B19,1,1,1.0
E01023918,B19,1,1,1.0
E01024332,B19,1,1,1.0
E01024567,B19,1,1,1.0
E01024755,B19,1,1,1.0
E01024781,B19,1,1,1.0
E01025179,B19,1,1,1.0
E01025262,B19,1,1,1.0
E01026677,B19,1,1,1.0
E01026743,B19,1,1,1.0
E01027394,B19,1,1,1.0
E01028274,B19,1,1,1.0
E01030369,B19,1,1,1.0
E01030463,B19,1,1,1.0
E01030537,B19,1,1,1.0
E01030859,B19,1,1,1.0
E01031282,B19,2,2,1.0
E01031733,B19,1,1,1.0
E01032133,B19,1,1,1.0
E01032764,B19,1,1,1.0
S01006587,B19,2,1,2.0
S01006685,B19,1,1,1.0
S01007592,B19,1,1,1.0
S01007613,B19,1,1,1.0
S01007711,B19,1,1,1.0
S01008070,B19,1,1,1.0
S01008124,B19,1,1,1.0
S01008127,B19,1,1,1.0
S01008456,B19,1,1,1.0
S01008506,B19,1,1,1.0
S01008631,B19,1,1,1.0
S01008652,B19,1,1,1.0
S01009000,B19,1,1,1.0
S01009090,B19,1,1,1.0
S01009092,B19,1,1,1.0
S01009141,B19,1,1,1.0
S01009153,B19,2,2,1.0
S01009203,B19,1,1,1.0
S01009248,B19,1,1,1.0
S01009786,B19,1,1,1.0
S01010470,B19,1,1,1.0
S01010674,B19,2,2,1.0
S01010787,B19,1,1,1.0
S01010913,B19,1,1,1.0
S01011352,B19,1,1,1.0
S01011523,B19,1,1,1.0
S01011638,B19,1,1,1.0
S01011789,B19,1,1,1.0
S01011908,B19,1,1,1.0
S01012154,B19,1,1,1.0
S01012523,B19,1,1,1.0
S01012684,B19,1,1,1.0
S01012993,B19,1,1,1.0
S01013221,B19,1,1,1.0
S01013408,B19,1,1,1.0
E01026743,B21,1,1,1.0
E01000204,B24,1,1,1.0
E01000281,B24,1,1,1.0
E01000953,B24,1,1,1.0
E01001738,B24,1,1,1.0
E01002687,B24,1,1,1.0
E01002704,B24,1,1,1.0
E01002707,B24,1,1,1.0
E01002741,B24,1,1,1.0
E01003076,B24,1,1,1.0
E01003750,B24,1,1,1.0
E01003934,B24,1,1,1.0
E01003960,B24,1,1,1.0
E01005411,B24,1,1,1.0
E01005554,B24,1,1,1.0
E01006440,B24,1,1,1.0
E01007819,B24,1,1,1.0
E01009441,B24,3,1,3.0
E01013842,B24,2,1,2.0
E01013974,B24,1,1,1.0
E01014055,B24,1,1,1.0
E01014701,B24,1,1,1.0
E01014793,B24,1,1,1.0
E01016954,B24,1,1,1.0
E01017311,B24,1,1,1.0
E01017947,B24,1,1,1.0
E01017953,B24,1,1,1.0
E01018017,B24,1,1,1.0
E01018273,B24,1,1,1.0
E01019919,B24,2,1,2.0
E01021748,B24,2,1,2.0
E01021750,B24,5,1,5.0
E01021790,B24,1,1,1.0
E01022123,B24,1,1,1.0
E01022130,B24,1,1,1.0
E01023514,B24,1,1,1.0
E01023940,B24,1,1,1.0
E01025290,B24,1,1,1.0
E01026629,B24,1,1,1.0
E01027117,B24,1,1,1.0
E01028521,B24,1,1,1.0
E01028736,B24,1,1,1.0
E01031027,B24,3,1,3.0
E01031991,B24,1,1,1.0
E01032134,B24,1,1,1.0
E01032797,B24,2,2,1.0
E01033595,B24,1,1,1.0
E01033690,B24,1,1,1.0
S01006514,B24,1,1,1.0
S01006516,B24,2,1,2.0
S01006521,B24,2,1,2.0
S01006523,B24,2,1,2.0
S01006529,B24,1,1,1.0
S01006538,B24,1,1,1.0
S01006551,B24,1,1,1.0
S01006685,B24,1,1,1.0
S01006694,B24,1,1,1.0
S01006697,B24,1,1,1.0
S01006822,B24,1,1,1.0
S01006908,B24,1,1,1.0
S01008086,B24,3,1,3.0
S01008392,B24,1,1,1.0
S01008654,B24,1,1,1.0
S01009057,B24,1,1,1.0
S01009161,B24,1,1,1.0
S01009190,B24,1,1,1.0
S01009196,B24,1,1,1.0
S01010056,B24,1,1,1.0
S01010473,B24,1,1,1.0
S01011601,B24,1,1,1.0
S01013448,B24,1,1,1.0
W01001553,B24,1,1,1.0
W01001592,B24,1,1,1.0
E01000196,B25,1,1,1.0
E01000302,B25,1,1,1.0
E01000462,B25,1,1,1.0
E01000656,B25,1,1,1.0
E01000918,B25,1,1,1.0
E01001283,B25,1,1,1.0
E01001470,B25,1,1,1.0
E01001530,B25,1,1,1.0
E01001567,B25,1,1,1.0
E01001969,B25,1,1,1.0
E01001971,B25,1,1,1.0
E01001975,B25,1,1,1.0
E01002015,B25,1,1,1.0
E01002084,B25,1,1,1.0
E01002137,B25,1,1,1.0
E01002568,B25,1,1,1.0
E01002664,B25,1,1,1.0
E01002684,B25,1,1,1.0
E01002686,B25,1,1,1.0
E01002704,B25,2,1,2.0
E01002708,B25,1,1,1.0
E01002934,B25,1,1,1.0
E01003041,B25,1,1,1.0
E01003053,B25,1,1,1.0
E01003057,B25,1,1,1.0
E01003183,B25,1,1,1.0
E01003421,B25,1,1,1.0
E01003426,B25,1,1,1.0
E01003929,B25,1,1,1.0
E01004014,B25,1,1,1.0
E01004027,B25,1,1,1.0
E01004411,B25,1,1,1.0
E01004453,B25,1,1,1.0
E01004735,B25,1,1,1.0
E01004818,B25,1,1,1.0
E01004927,B25,1,1,1.0
E01005079,B25,1,1,1.0
E01005105,B25,1,1,1.0
E01005260,B25,1,1,1.0
E01005269,B25,1,1,1.0
E01005284,B25,1,1,1.0
E01005508,B25,1,1,1.0
E01005618,B25,1,1,1.0
E01005768,B25,1,1,1.0
E01005772,B25,1,1,1.0
E01005897,B25,1,1,1.0
E01006231,B25,1,1,1.0
E01006520,B25,1,1,1.0
E01007062,B25,1,1,1.0
E01007096,B25,1,1,1.0
E01007208,B25,1,1,1.0
E01007448,B25,1,1,1.0
E01007666,B25,1,1,1.0
E01007747,B25,1,1,1.0
E01007838,B25,2,1,2.0
E01007847,B25,1,1,1.0
E01008077,B25,1,1,1.0
E01008140,B25,1,1,1.0
E01008954,B25,1,1,1.0
E01009112,B25,1,1,1.0
E01009160,B25,1,1,1.0
E01009424,B25,1,1,1.0
E01009672,B25,1,1,1.0
E01010109,B25,1,1,1.0
E01010333,B25,1,1,1.0
E01010337,B25,1,1,1.0
E01010363,B25,1,1,1.0
E01011406,B25,1,1,1.0
E01011409,B25,1,1,1.0
E01011554,B25,1,1,1.0
E01011691,B25,1,1,1.0
E01011692,B25,1,1,1.0
E01011719,B25,1,1,1.0
E01012446,B25,1,1,1.0
E01012515,B25,1,1,1.0
E01012927,B25,2,1,2.0
E01012981,B25,2,1,2.0
E01012990,B25,1,1,1.0
E01012991,B25,1,1,1.0
E01013025,B25,1,1,1.0
E01013030,B25,1,1,1.0
E01013127,B25,2,1,2.0
E01013528,B25,1,1,1.0
E01013596,B25,1,1,1.0
E01014016,B25,1,1,1.0
E01014151,B25,1,1,1.0
E01014153,B25,2,1,2.0
E01014388,B25,1,1,1.0
E01014416,B25,1,1,1.0
E01014962,B25,1,1,1.0
E01015971,B25,1,1,1.0
E01016345,B25,1,1,1.0
E01016362,B25,1,1,1.0
E01016673,B25,1,1,1.0
E01016885,B25,1,1,1.0
E01016950,B25,2,1,2.0
E01017193,B25,1,1,1.0
E01017210,B25,1,1,1.0
E01017363,B25,2,1,2.0
E01017419,B25,1,1,1.0
E01017478,B25,1,1,1.0
E01017550,B25,1,1,1.0
E01017567,B25,1,1,1.0
E01017700,B25,1,1,1.0
E01017734,B25,1,1,1.0
E01017786,B25,1,1,1.0
E01017794,B25,1,1,1.0
E01017808,B25,1,1,1.0
E01017973,B25,1,1,1.0
E01017983,B25,1,1,1.0
E01018006,B25,5,2,2.5
E01018008,B25,1,1,1.0
E01018012,B25,1,1,1.0
E01018223,B25,1,1,1.0
E01018273,B25,1,1,1.0
E01018299,B25,1,1,1.0
E01018301,B25,1,1,1.0
E01018342,B25,1,1,1.0
E01018367,B25,1,1,1.0
E01018403,B25,1,1,1.0
E01018606,B25,1,1,1.0
E01019296,B25,2,1,2.0
E01019468,B25,1,1,1.0
E01019630,B25,1,1,1.0
E01019656,B25,1,1,1.0
E01019939,B25,1,1,1.0
E01020043,B25,1,1,1.0
E01020315,B25,1,1,1.0
E01020539,B25,3,1,3.0
E01020742,B25,1,1,1.0
E01021155,B25,1,1,1.0
E01021216,B25,1,1,1.0
E01021335,B25,1,1,1.0
E01021443,B25,1,1,1.0
E01021768,B25,1,1,1.0
E01021772,B25,1,1,1.0
E01021789,B25,3,1,3.0
E01021791,B25,1,1,1.0
E01021857,B25,1,1,1.0
E01022106,B25,1,1,1.0
E01022176,B25,1,1,1.0
E01022205,B25,2,1,2.0
E01022263,B25,2,1,2.0
E01022264,B25,3,1,3.0
E01022412,B25,1,1,1.0
E01022422,B25,1,1,1.0
E01022472,B25,1,1,1.0
E01022601,B25,1,1,1.0
E01022618,B25,1,1,1.0
E01022653,B25,1,1,1.0
E01022721,B25,1,1,1.0
E01022947,B25,1,1,1.0
E01023014,B25,1,1,1.0
E01023162,B25,1,1,1.0
E01023224,B25,1,1,1.0
E01023249,B25,1,1,1.0
E01023287,B25,1,1,1.0
E01023361,B25,1,1,1.0
E01023512,B25,1,1,1.0
E01023513,B25,2,2,1.0
E01023514,B25,1,1,1.0
E01023660,B25,1,1,1.0
E01023673,B25,1,1,1.0
E01023708,B25,1,1,1.0
E01023727,B25,1,1,1.0
E01023733,B25,1,1,1.0
E01023779,B25,1,1,1.0
E01023940,B25,1,1,1.0
E01024042,B25,3,1,3.0
E01024429,B25,1,1,1.0
E01024445,B25,1,1,1.0
E01024490,B25,2,1,2.0
E01024550,B25,1,1,1.0
E01024783,B25,1,1,1.0
E01024798,B25,1,1,1.0
E01024802,B25,1,1,1.0
E01024824,B25,1,1,1.0
E01025077,B25,1,1,1.0
E01025083,B25,1,1,1.0
E01025625,B25,1,1,1.0
E01025890,B25,1,1,1.0
E01026095,B25,1,1,1.0
E01026169,B25,1,1,1.0
E01026226,B25,1,1,1.0
E01026495,B25,1,1,1.0
E01026682,B25,1,1,1.0
E01026916,B25,1,1,1.0
E01026993,B25,1,1,1.0
E01026994,B25,1,1,1.0
E01027140,B25,1,1,1.0
E01027183,B25,2,1,2.0
E01027356,B25,1,1,1.0
E01027488,B25,2,1,2.0
E01027942,B25,1,1,1.0
E01028312,B25,2,1,2.0
E01028611,B25,1,1,1.0
E01028668,B25,1,1,1.0
E01028726,B25,1,1,1.0
E01028735,B25,1,1,1.0
E01028744,B25,1,1,1.0
E01029070,B25,1,1,1.0
E01029521,B25,1,1,1.0
E01030441,B25,1,1,1.0
E01030460,B25,1,1,1.0
E01030470,B25,1,1,1.0
E01030504,B25,1,1,1.0
E01030550,B25,1,1,1.0
E01030571,B25,1,1,1.0
E01030619,B25,1,1,1.0
E01030625,B25,1,1,1.0
E01030717,B25,1,1,1.0
E01030753,B25,1,1,1.0
E01030852,B25,1,1,1.0
E01030855,B25,3,1,3.0
E01030864,B25,1,1,1.0
E01030881,B25,3,1,3.0
E01030905,B25,1,1,1.0
E01030906,B25,1,1,1.0
E01030908,B25,1,1,1.0
E01030909,B25,1,1,1.0
E01030910,B25,2,1,2.0
E01030990,B25,1,1,1.0
E01031214,B25,1,1,1.0
E01031384,B25,1,1,1.0
E01031557,B25,1,1,1.0
E01031703,B25,1,1,1.0
E01031715,B25,1,1,1.0
E01031741,B25,1,1,1.0
E01031865,B25,1,1,1.0
E01031870,B25,1,1,1.0
E01031885,B25,2,1,2.0
E01031894,B25,2,1,2.0
E01031991,B25,1,1,1.0
E01032123,B25,1,1,1.0
E01032127,B25,1,1,1.0
E01032134,B25,1,1,1.0
E01032152,B25,2,1,2.0
E01032156,B25,1,1,1.0
E01032169,B25,1,1,1.0
E01032193,B25,1,1,1.0
E01032214,B25,2,2,1.0
E01032239,B25,1,1,1.0
E01032240,B25,1,1,1.0
E01032427,B25,1,1,1.0
E01032435,B25,1,1,1.0
E01032462,B25,1,1,1.0
E01032472,B25,1,1,1.0
E01032477,B25,2,1,2.0
E01032504,B25,1,1,1.0
E01032610,B25,1,1,1.0
E01032680,B25,1,1,1.0
E01032687,B25,1,1,1.0
E01032720,B25,1,1,1.0
E01032739,B25,1,1,1.0
E01032795,B25,1,1,1.0
E01032797,B25,2,1,2.0
E01032907,B25,1,1,1.0
E01033006,B25,1,1,1.0
E01033061,B25,1,1,1.0
E01033098,B25,1,1,1.0
E01033213,B25,1,1,1.0
E01033300,B25,1,1,1.0
E01033489,B25,2,2,1.0
E01033503,B25,2,1,2.0
E01033620,B25,1,1,1.0
S01006577,B25,1,1,1.0
S01007160,B25,1,1,1.0
S01007286,B25,2,2,1.0
S01007316,B25,1,1,1.0
S01007329,B25,1,1,1.0
S01007331,B25,3,1,3.0
S01007467,B25,1,1,1.0
S01007475,B25,1,1,1.0
S01007637,B25,1,1,1.0
S01007929,B25,1,1,1.0
S01008003,B25,1,1,1.0
S01008057,B25,1,1,1.0
S01008253,B25,1,1,1.0
S01008266,B25,1,1,1.0
S01008278,B25,1,1,1.0
S01008328,B25,1,1,1.0
S01008345,B25,1,1,1.0
S01008359,B25,1,1,1.0
S01008361,B25,1,1,1.0
S01008366,B25,1,1,1.0
S01008369,B25,1,1,1.0
S01008421,B25,1,1,1.0
S01008425,B25,1,1,1.0
S01008599,B25,1,1,1.0
S01008900,B25,1,1,1.0
S01008904,B25,1,1,1.0
S01008917,B25,1,1,1.0
S01009002,B25,1,1,1.0
S01009005,B25,1,1,1.0
S01009055,B25,1,1,1.0
S01009079,B25,1,1,1.0
S01009082,B25,1,1,1.0
S01009084,B25,1,1,1.0
S01009148,B25,1,1,1.0
S01009165,B25,1,1,1.0
S01009166,B25,1,1,1.0
S01009187,B25,4,1,4.0
S01009210,B25,2,2,1.0
S01009211,B25,1,1,1.0
S01009244,B25,1,1,1.0
S01009248,B25,1,1,1.0
S01009258,B25,1,1,1.0
S01009298,B25,1,1,1.0
S01009351,B25,1,1,1.0
S01009663,B25,1,1,1.0
S01009852,B25,1,1,1.0
S01009898,B25,1,1,1.0
S01009904,B25,1,1,1.0
S01009905,B25,1,1,1.0
S01009908,B25,1,1,1.0
S01009934,B25,1,1,1.0
S01009970,B25,1,1,1.0
S01010032,B25,1,1,1.0
S01010034,B25,1,1,1.0
S01010260,B25,1,1,1.0
S01010639,B25,1,1,1.0
S01010829,B25,1,1,1.0
S01010853,B25,1,1,1.0
S01010968,B25,1,1,1.0
S01011341,B25,1,1,1.0
S01011635,B25,1,1,1.0
S01012032,B25,1,1,1.0
S01012051,B25,1,1,1.0
S01012080,B25,1,1,1.0
S01012109,B25,1,1,1.0
S01012111,B25,1,1,1.0
S01012466,B25,1,1,1.0
S01012541,B25,1,1,1.0
S01012617,B25,1,1,1.0
S01012697,B25,1,1,1.0
S01012796,B25,1,1,1.0
S01012883,B25,1,1,1.0
S01012952,B25,1,1,1.0
S01013047,B25,1,1,1.0
S01013108,B25,1,1,1.0
S01013404,B25,1,1,1.0
S01013423,B25,1,1,1.0
S01013433,B25,1,1,1.0
W01000736,B25,1,1,1.0
W01000869,B25,1,1,1.0
W01001559,B25,2,1,2.0
W01001565,B25,1,1,1.0
W01001568,B25,1,1,1.0
W01001586,B25,5,1,5.0
W01001587,B25,1,1,1.0
W01001590,B25,1,1,1.0
W01001729,B25,1,1,1.0
W01001955,B25,1,1,1.0
E01000985,B26,1,1,1.0
E01001094,B26,1,1,1.0
E01001237,B26,1,1,1.0
E01001283,B26,1,1,1.0
E01001311,B26,1,1,1.0
E01001568,B26,1,1,1.0
E01001590,B26,1,1,1.0
E01001666,B26,2,1,2.0
E01001736,B26,1,1,1.0
E01002704,B26,4,1,4.0
E01002708,B26,1,1,1.0
E01002709,B26,2,1,2.0
E01002710,B26,1,1,1.0
E01002713,B26,1,1,1.0
E01002715,B26,1,1,1.0
E01002718,B26,1,1,1.0
E01002756,B26,1,1,1.0
E01003062,B26,1,1,1.0
E01003074,B26,1,1,1.0
E01003131,B26,1,1,1.0
E01003166,B26,1,1,1.0
E01003336,B26,1,1,1.0
E01003459,B26,1,1,1.0
E01003554,B26,1,1,1.0
E01003562,B26,2,1,2.0
E01003804,B26,1,1,1.0
E01004170,B26,1,1,1.0
E01004399,B26,1,1,1.0
E01004411,B26,1,1,1.0
E01004443,B26,1,1,1.0
E01004458,B26,1,1,1.0
E01004515,B26,1,1,1.0
E01004572,B26,1,1,1.0
E01004823,B26,1,1,1.0
E01004916,B26,1,1,1.0
E01005200,B26,2,1,2.0
E01005281,B26,1,1,1.0
E01005286,B26,2,1,2.0
E01005386,B26,1,1,1.0
E01005555,B26,1,1,1.0
E01005667,B26,1,1,1.0
E01005971,B26,1,1,1.0
E01006158,B26,1,1,1.0
E01006170,B26,1,1,1.0
E01006346,B26,1,1,1.0
E01006551,B26,1,1,1.0
E01007417,B26,1,1,1.0
E01007435,B26,1,1,1.0
E01007450,B26,1,1,1.0
E01007579,B26,8,1,8.0
E01007584,B26,1,1,1.0
E01007715,B26,1,1,1.0
E01007820,B26,1,1,1.0
E01007822,B26,1,1,1.0
E01007838,B26,1,1,1.0
E01007847,B26,1,1,1.0
E01008004,B26,1,1,1.0
E01008161,B26,1,1,1.0
E01008980,B26,1,1,1.0
E01009110,B26,1,1,1.0
E01009120,B26,1,1,1.0
E01009217,B26,1,1,1.0
E01009266,B26,1,1,1.0
E01009731,B26,1,1,1.0
E01009994,B26,1,1,1.0
E01010371,B26,1,1,1.0
E01011334,B26,1,1,1.0
E01011341,B26,1,1,1.0
E01011433,B26,1,1,1.0
E01011529,B26,1,1,1.0
E01011649,B26,1,1,1.0
E01011665,B26,1,1,1.0
E01012200,B26,1,1,1.0
E01012443,B26,1,1,1.0
E01013734,B26,1,1,1.0
E01013930,B26,1,1,1.0
E01014539,B26,1,1,1.0
E01014561,B26,1,1,1.0
E01014563,B26,2,2,1.0
E01014630,B26,2,1,2.0
E01015580,B26,1,1,1.0
E01015612,B26,2,1,2.0
E01015624,B26,1,1,1.0
E01015634,B26,1,1,1.0
E01015640,B26,1,1,1.0
E01015667,B26,1,1,1.0
E01016353,B26,1,1,1.0
E01016535,B26,1,1,1.0
E01016849,B26,1,1,1.0
E01016954,B26,1,1,1.0
E01017363,B26,1,1,1.0
E01017474,B26,1,1,1.0
E01017558,B26,1,1,1.0
E01017586,B26,1,1,1.0
E01017823,B26,2,1,2.0
E01017991,B26,1,1,1.0
E01018208,B26,1,1,1.0
E01018593,B26,1,1,1.0
E01018624,B26,1,1,1.0
E01018651,B26,1,1,1.0
E01019109,B26,5,2,2.5
E01019111,B26,1,1,1.0
E01019113,B26,1,1,1.0
E01019236,B26,1,1,1.0
E01019343,B26,1,1,1.0
E01019653,B26,1,1,1.0
E01019656,B26,2,1,2.0
E01019675,B26,1,1,1.0
E01019681,B26,1,1,1.0
E01020910,B26,1,1,1.0
E01021035,B26,1,1,1.0
E01021132,B26,1,1,1.0
E01021267,B26,1,1,1.0
E01021300,B26,1,1,1.0
E01022136,B26,1,1,1.0
E01022137,B26,1,1,1.0
E01022158,B26,1,1,1.0
E01022160,B26,1,1,1.0
E01023023,B26,1,1,1.0
E01023135,B26,1,1,1.0
E01023224,B26,2,1,2.0
E01023313,B26,1,1,1.0
E01023613,B26,1,1,1.0
E01023727,B26,1,1,1.0
E01024162,B26,1,1,1.0
E01024533,B26,1,1,1.0
E01024567,B26,1,1,1.0
E01024793,B26,1,1,1.0
E01024936,B26,1,1,1.0
E01025031,B26,1,1,1.0
E01025231,B26,1,1,1.0
E01025263,B26,1,1,1.0
E01025593,B26,1,1,1.0
E01026328,B26,1,1,1.0
E01026452,B26,1,1,1.0
E01026479,B26,2,1,2.0
E01026598,B26,1,1,1.0
E01026622,B26,1,1,1.0
E01026625,B26,4,1,4.0
E01026626,B26,2,1,2.0
E01026713,B26,2,1,2.0
E01026769,B26,1,1,1.0
E01026863,B26,1,1,1.0
E01027252,B26,1,1,1.0
E01027995,B26,1,1,1.0
E01028180,B26,1,1,1.0
E01028189,B26,1,1,1.0
E01028638,B26,1,1,1.0
E01029861,B26,1,1,1.0
E01030452,B26,1,1,1.0
E01030612,B26,1,1,1.0
E01030979,B26,1,1,1.0
E01031027,B26,1,1,1.0
E01031049,B26,1,1,1.0
E01031243,B26,1,1,1.0
E01031687,B26,2,2,1.0
E01032130,B26,1,1,1.0
E01032173,B26,1,1,1.0
E01032178,B26,1,1,1.0
E01032471,B26,2,1,2.0
E01032482,B26,1,1,1.0
E01032716,B26,1,1,1.0
E01032726,B26,1,1,1.0
E01032785,B26,2,2,1.0
E01032925,B26,1,1,1.0
E01033005,B26,1,1,1.0
E01033127,B26,2,1,2.0
E01033690,B26,1,1,1.0
E01033694,B26,1,1,1.0
E01033702,B26,1,1,1.0
E01033704,B26,1,1,1.0
S01006663,B26,1,1,1.0
S01007097,B26,1,1,1.0
S01008068,B26,1,1,1.0
S01008143,B26,1,1,1.0
S01008456,B26,2,1,2.0
S01008599,B26,1,1,1.0
S01008662,B26,1,1,1.0
S01008755,B26,1,1,1.0
S01008812,B26,1,1,1.0
S01008813,B26,1,1,1.0
S01008828,B26,1,1,1.0
S01009084,B26,1,1,1.0
S01009116,B26,1,1,1.0
S01009130,B26,1,1,1.0
S01009257,B26,1,1,1.0
S01009527,B26,1,1,1.0
S01009870,B26,1,1,1.0
S01009909,B26,1,1,1.0
S01010005,B26,1,1,1.0
S01010015,B26,1,1,1.0
S01010044,B26,1,1,1.0
S01010113,B26,1,1,1.0
S01010137,B26,1,1,1.0
S01010162,B26,1,1,1.0
S01010459,B26,1,1,1.0
S01010500,B26,1,1,1.0
S01010884,B26,1,1,1.0
S01010912,B26,1,1,1.0
S01011180,B26,1,1,1.0
S01011471,B26,1,1,1.0
S01011541,B26,1,1,1.0
S01011600,B26,1,1,1.0
S01011633,B26,1,1,1.0
S01011695,B26,1,1,1.0
S01011849,B26,1,1,1.0
S01011857,B26,1,1,1.0
S01012052,B26,1,1,1.0
S01012110,B26,1,1,1.0
S01012207,B26,1,1,1.0
S01012231,B26,1,1,1.0
S01012764,B26,1,1,1.0
S01012775,B26,1,1,1.0
S01012926,B26,1,1,1.0
S01013221,B26,1,1,1.0
S01013332,B26,1,1,1.0
W01000618,B26,1,1,1.0
W01000772,B26,1,1,1.0
W01001559,B26,2,1,2.0
E01007817,B27,1,1,1.0
E01008001,B27,1,1,1.0
E01013810,B27,1,1,1.0
E01013811,B27,1,1,1.0
E01015778,B27,1,1,1.0
E01016427,B27,1,1,1.0
E01016889,B27,1,1,1.0
E01017367,B27,1,1,1.0
E01019697,B27,1,1,1.0
E01024445,B27,1,1,1.0
E01026742,B27,1,1,1.0
E01033279,B27,1,1,1.0
S01007997,B27,1,1,1.0
S01009396,B27,1,1,1.0
S01011063,B27,1,1,1.0
S01013312,B27,1,1,1.0
W01001559,B27,1,1,1.0
W01001586,B27,1,1,1.0
E01000003,B28,1,1,1.0
E01000575,B28,1,1,1.0
E01001521,B28,1,1,1.0
E01002566,B28,1,1,1.0
E01002687,B28,1,1,1.0
E01002704,B28,2,1,2.0
E01002708,B28,1,1,1.0
E01002798,B28,1,1,1.0
E01003622,B28,1,1,1.0
E01003669,B28,1,1,1.0
E01003746,B28,1,1,1.0
E01003844,B28,1,1,1.0
E01003865,B28,1,1,1.0
E01004033,B28,1,1,1.0
E01004103,B28,1,1,1.0
E01004462,B28,1,1,1.0
E01004727,B28,1,1,1.0
E01004823,B28,1,1,1.0
E01004934,B28,1,1,1.0
E01005412,B28,1,1,1.0
E01005897,B28,1,1,1.0
E01005984,B28,1,1,1.0
E01006454,B28,1,1,1.0
E01007209,B28,1,1,1.0
E01007522,B28,1,1,1.0
E01007693,B28,1,1,1.0
E01007705,B28,1,1,1.0
E01007732,B28,1,1,1.0
E01007755,B28,1,1,1.0
E01007816,B28,1,1,1.0
E01007819,B28,3,1,3.0
E01007820,B28,1,1,1.0
E01007821,B28,1,1,1.0
E01007894,B28,1,1,1.0
E01007904,B28,1,1,1.0
E01008004,B28,1,1,1.0
E01008105,B28,1,1,1.0
E01008553,B28,1,1,1.0
E01008849,B28,1,1,1.0
E01009296,B28,1,1,1.0
E01009590,B28,1,1,1.0
E01009808,B28,1,1,1.0
E01010171,B28,1,1,1.0
E01010577,B28,1,1,1.0
E01010670,B28,1,1,1.0
E01011507,B28,1,1,1.0
E01011667,B28,1,1,1.0
E01012560,B28,1,1,1.0
E01013034,B28,1,1,1.0
E01013336,B28,1,1,1.0
E01013810,B28,2,1,2.0
E01013844,B28,1,1,1.0
E01013930,B28,4,1,4.0
E01014444,B28,1,1,1.0
E01014560,B28,1,1,1.0
E01014577,B28,1,1,1.0
E01014654,B28,1,1,1.0
E01015622,B28,1,1,1.0
E01015632,B28,1,1,1.0
E01015691,B28,1,1,1.0
E01016213,B28,1,1,1.0
E01016358,B28,1,1,1.0
E01016682,B28,1,1,1.0
E01016703,B28,1,1,1.0
E01016735,B28,1,1,1.0
E01016823,B28,1,1,1.0
E01017671,B28,1,1,1.0
E01017871,B28,2,1,2.0
E01017898,B28,1,1,1.0
E01017922,B28,1,1,1.0
E01017954,B28,1,1,1.0
E01017965,B28,1,1,1.0
E01018154,B28,1,1,1.0
E01018197,B28,1,1,1.0
E01018198,B28,1,1,1.0
E01018209,B28,1,1,1.0
E01018236,B28,1,1,1.0
E01018272,B28,1,1,1.0
E01018281,B28,1,1,1.0
E01018407,B28,1,1,1.0
E01018614,B28,1,1,1.0
E01018624,B28,1,1,1.0
E01018633,B28,1,1,1.0
E01018804,B28,1,1,1.0
E01019109,B28,1,1,1.0
E01019190,B28,1,1,1.0
E01019429,B28,1,1,1.0
E01020067,B28,1,1,1.0
E01020189,B28,1,1,1.0
E01020345,B28,1,1,1.0
E01021140,B28,1,1,1.0
E01021750,B28,4,1,4.0
E01021771,B28,2,1,2.0
E01021781,B28,1,1,1.0
E01021791,B28,1,1,1.0
E01022101,B28,1,1,1.0
E01022105,B28,1,1,1.0
E01022107,B28,2,2,1.0
E01022142,B28,1,1,1.0
E01022160,B28,1,1,1.0
E01022168,B28,1,1,1.0
E01022409,B28,1,1,1.0
E01022410,B28,1,1,1.0
E01022867,B28,1,1,1.0
E01023022,B28,1,1,1.0
E01023660,B28,1,1,1.0
E01023790,B28,1,1,1.0
E01023820,B28,1,1,1.0
E01023833,B28,1,1,1.0
E01023850,B28,1,1,1.0
E01023944,B28,2,1,2.0
E01023952,B28,1,1,1.0
E01024020,B28,1,1,1.0
E01024361,B28,1,1,1.0
E01024433,B28,1,1,1.0
E01024547,B28,1,1,1.0
E01024667,B28,1,1,1.0
E01024768,B28,1,1,1.0
E01024777,B28,1,1,1.0
E01024801,B28,1,1,1.0
E01024825,B28,1,1,1.0
E01024852,B28,1,1,1.0
E01024954,B28,1,1,1.0
E01025615,B28,1,1,1.0
E01026169,B28,1,1,1.0
E01026176,B28,1,1,1.0
E01026478,B28,1,1,1.0
E01026575,B28,1,1,1.0
E01026663,B28,1,1,1.0
E01026772,B28,1,1,1.0
E01026954,B28,1,1,1.0
E01026980,B28,1,1,1.0
E01027073,B28,1,1,1.0
E01027211,B28,1,1,1.0
E01027344,B28,1,1,1.0
E01027657,B28,1,1,1.0
E01027975,B28,1,1,1.0
E01028405,B28,1,1,1.0
E01028648,B28,1,1,1.0
E01028840,B28,3,1,3.0
E01029035,B28,1,1,1.0
E01030376,B28,1,1,1.0
E01030537,B28,1,1,1.0
E01030579,B28,1,1,1.0
E01030581,B28,1,1,1.0
E01030962,B28,2,1,2.0
E01031394,B28,1,1,1.0
E01031729,B28,1,1,1.0
E01031785,B28,1,1,1.0
E01032256,B28,1,1,1.0
E01032711,B28,1,1,1.0
E01032802,B28,1,1,1.0
E01032852,B28,1,1,1.0
E01032900,B28,1,1,1.0
E01032973,B28,1,1,1.0
E01033082,B28,1,1,1.0
E01033083,B28,1,1,1.0
E01033700,B28,1,1,1.0
S01006518,B28,1,1,1.0
S01006593,B28,1,1,1.0
S01006685,B28,1,1,1.0
S01006696,B28,1,1,1.0
S01007171,B28,1,1,1.0
S01007465,B28,1,1,1.0
S01007648,B28,1,1,1.0
S01007899,B28,2,2,1.0
S01007910,B28,1,1,1.0
S01007911,B28,1,1,1.0
S01007988,B28,1,1,1.0
S01008007,B28,1,1,1.0
S01008191,B28,1,1,1.0
S01008236,B28,1,1,1.0
S01008279,B28,1,1,1.0
S01008280,B28,1,1,1.0
S01008388,B28,1,1,1.0
S01008427,B28,1,1,1.0
S01008573,B28,1,1,1.0
S01008599,B28,1,1,1.0
S01008624,B28,1,1,1.0
S01008678,B28,1,1,1.0
S01008704,B28,1,1,1.0
S01008764,B28,1,1,1.0
S01009059,B28,1,1,1.0
S01009061,B28,1,1,1.0
S01009091,B28,1,1,1.0
S01009098,B28,1,1,1.0
S01009104,B28,1,1,1.0
S01009125,B28,1,1,1.0
S01009136,B28,1,1,1.0
S01009137,B28,2,2,1.0
S01009144,B28,1,1,1.0
S01009146,B28,1,1,1.0
S01009166,B28,1,1,1.0
S01009170,B28,1,1,1.0
S01009181,B28,3,2,1.5
S01009191,B28,1,1,1.0
S01009195,B28,1,1,1.0
S01009203,B28,1,1,1.0
S01009204,B28,1,1,1.0
S01009206,B28,1,1,1.0
S01009210,B28,1,1,1.0
S01009217,B28,1,1,1.0
S01009257,B28,1,1,1.0
S01009263,B28,1,1,1.0
S01009327,B28,1,1,1.0
S01009591,B28,1,1,1.0
S01009667,B28,1,1,1.0
S01009722,B28,1,1,1.0
S01009765,B28,1,1,1.0
S01009871,B28,1,1,1.0
S01010051,B28,1,1,1.0
S01010754,B28,1,1,1.0
S01011220,B28,1,1,1.0
S01011792,B28,1,1,1.0
S01012045,B28,1,1,1.0
S01012093,B28,1,1,1.0
S01012111,B28,2,1,2.0
S01012122,B28,1,1,1.0
S01012199,B28,1,1,1.0
S01012230,B28,1,1,1.0
S01012771,B28,1,1,1.0
S01012881,B28,1,1,1.0
S01013052,B28,1,1,1.0
S01013333,B28,1,1,1.0
W01000618,B28,1,1,1.0
W01000874,B28,1,1,1.0
W01001431,B28,1,1,1.0
W01001485,B28,1,1,1.0
W01001559,B28,1,1,1.0
W01001586,B28,1,1,1.0
W01001587,B28,1,1,1.0
W01001697,B28,1,1,1.0
W01001772,B28,2,1,2.0
W01001853,B28,1,1,1.0
E01002712,B4,1,1,1.0
E01002928,B4,1,1,1.0
E01017993,B4,2,1,2.0
E01020702,B4,1,1,1.0
E01025264,B4,1,1,1.0
E01030875,B4,1,1,1.0
E01032156,B4,1,1,1.0
S01007997,B4,1,1,1.0
S01008132,B4,1,1,1.0
S01008245,B4,1,1,1.0
S01008342,B4,1,1,1.0
S01008486,B4,1,1,1.0
S01008598,B4,1,1,1.0
S01009075,B4,1,1,1.0
S01010051,B4,1,1,1.0
W01001584,B4,2,1,2.0
E01000732,B6,1,1,1.0
E01001307,B6,1,1,1.0
E01001788,B6,1,1,1.0
E01001879,B6,1,1,1.0
E01002018,B6,1,1,1.0
E01002181,B6,1,1,1.0
E01002217,B6,1,1,1.0
E01002273,B6,1,1,1.0
E01002286,B6,1,1,1.0
E01003226,B6,1,1,1.0
E01003310,B6,1,1,1.0
E01003874,B6,1,1,1.0
E01004466,B6,1,1,1.0
E01004766,B6,1,1,1.0
E01005158,B6,2,2,1.0
E01005197,B6,1,1,1.0
E01005503,B6,1,1,1.0
E01005642,B6,1,1,1.0
E01005691,B6,1,1,1.0
E01005799,B6,1,1,1.0
E01005871,B6,1,1,1.0
E01005971,B6,1,1,1.0
E01006341,B6,1,1,1.0
E01006632,B6,1,1,1.0
E01007003,B6,1,1,1.0
E01007040,B6,1,1,1.0
E01007522,B6,1,1,1.0
E01007909,B6,2,2,1.0
E01007910,B6,1,1,1.0
E01008142,B6,1,1,1.0
E01008149,B6,1,1,1.0
E01008150,B6,1,1,1.0
E01008532,B6,1,1,1.0
E01008874,B6,1,1,1.0
E01010181,B6,1,1,1.0
E01010261,B6,1,1,1.0
E01010663,B6,1,1,1.0
E01011042,B6,1,1,1.0
E01011447,B6,1,1,1.0
E01011639,B6,1,1,1.0
E01011735,B6,1,1,1.0
E01013047,B6,1,1,1.0
E01013120,B6,1,1,1.0
E01013191,B6,1,1,1.0
E01013410,B6,1,1,1.0
E01013414,B6,1,1,1.0
E01013677,B6,1,1,1.0
E01013930,B6,1,1,1.0
E01015203,B6,1,1,1.0
E01015526,B6,1,1,1.0
E01015579,B6,1,1,1.0
E01015717,B6,1,1,1.0
E01015980,B6,1,1,1.0
E01016277,B6,1,1,1.0
E01016442,B6,1,1,1.0
E01017384,B6,1,1,1.0
E01017586,B6,12,1,12.0
E01017655,B6,1,1,1.0
E01017796,B6,1,1,1.0
E01017908,B6,1,1,1.0
E01018123,B6,1,1,1.0
E01018320,B6,1,1,1.0
E01018339,B6,1,1,1.0
E01018432,B6,1,1,1.0
E01019311,B6,1,1,1.0
E01019653,B6,1,1,1.0
E01019656,B6,1,1,1.0
E01019697,B6,2,1,2.0
E01019701,B6,1,1,1.0
E01019816,B6,1,1,1.0
E01019894,B6,2,1,2.0
E01019895,B6,1,1,1.0
E01019897,B6,6,1,6.0
E01020340,B6,1,1,1.0
E01020424,B6,1,1,1.0
E01020740,B6,2,1,2.0
E01020802,B6,1,1,1.0
E01020899,B6,1,1,1.0
E01023031,B6,1,1,1.0
E01024149,B6,1,1,1.0
E01024692,B6,1,1,1.0
E01024813,B6,1,1,1.0
E01024988,B6,1,1,1.0
E01025000,B6,1,1,1.0
E01025627,B6,1,1,1.0
E01025693,B6,1,1,1.0
E01025761,B6,1,1,1.0
E01026623,B6,1,1,1.0
E01026750,B6,1,1,1.0
E01026946,B6,1,1,1.0
E01027388,B6,1,1,1.0
E01027483,B6,1,1,1.0
E01027758,B6,1,1,1.0
E01028207,B6,1,1,1.0
E01028498,B6,1,1,1.0
E01028618,B6,1,1,1.0
E01028648,B6,1,1,1.0
E01028779,B6,1,1,1.0
E01029808,B6,1,1,1.0
E01030000,B6,1,1,1.0
E01030007,B6,1,1,1.0
E01030159,B6,1,1,1.0
E01030574,B6,1,1,1.0
E01031049,B6,1,1,1.0
E01031283,B6,1,1,1.0
E01031459,B6,1,1,1.0
E01031687,B6,1,1,1.0
E01031833,B6,1,1,1.0
E01031988,B6,1,1,1.0
E01032250,B6,1,1,1.0
E01032299,B6,1,1,1.0
E01032440,B6,1,1,1.0
E01032531,B6,1,1,1.0
E01032805,B6,1,1,1.0
E01032813,B6,1,1,1.0
E01032993,B6,1,1,1.0
E01033520,B6,1,1,1.0
E01033606,B6,1,1,1.0
S01006616,B6,1,1,1.0
S01007945,B6,1,1,1.0
S01007949,B6,1,1,1.0
S01008111,B6,1,1,1.0
S01008728,B6,1,1,1.0
S01008774,B6,1,1,1.0
S01008775,B6,1,1,1.0
S01008788,B6,1,1,1.0
S01008820,B6,1,1,1.0
S01008860,B6,1,1,1.0
S01008901,B6,1,1,1.0
S01008977,B6,1,1,1.0
S01009489,B6,1,1,1.0
S01009647,B6,1,1,1.0
S01009737,B6,1,1,1.0
S01009790,B6,1,1,1.0
S01009794,B6,1,1,1.0
S01009863,B6,1,1,1.0
S01009899,B6,1,1,1.0
S01010021,B6,1,1,1.0
S01010058,B6,1,1,1.0
S01010074,B6,1,1,1.0
S01010147,B6,1,1,1.0
S01010236,B6,1,1,1.0
S01010248,B6,1,1,1.0
S01010429,B6,1,1,1.0
S01010485,B6,1,1,1.0
S01010718,B6,1,1,1.0
S01010782,B6,1,1,1.0
S01010787,B6,2,2,1.0
S01010965,B6,1,1,1.0
S01011062,B6,1,1,1.0
S01011180,B6,1,1,1.0
S01011250,B6,1,1,1.0
S01011486,B6,1,1,1.0
S01011865,B6,1,1,1.0
S01012002,B6,1,1,1.0
S01012165,B6,1,1,1.0
S01012443,B6,1,1,1.0
S01012616,B6,1,1,1.0
S01012864,B6,1,1,1.0
S01012878,B6,1,1,1.0
S01013368,B6,1,1,1.0
W01000478,B6,1,1,1.0
W01001174,B6,1,1,1.0
W01001351,B6,1,1,1.0
W01001574,B6,1,1,1.0
