period,LAD,SHEF_C_CODE,report_count,user_count,average
2007,E06000001,C3,1,1,1.0
2007,E06000001,C5,3,3,1.0
2007,E06000002,C2,1,1,1.0
2007,E06000002,C5,4,4,1.0
2007,E06000002,C7,3,3,1.0
2007,E06000003,C2,1,1,1.0
2007,E06000003,C3,3,3,1.0
2007,E06000003,C5,5,5,1.0
2007,E06000003,C7,10,6,1.6666666666666667
2007,E06000003,C8,1,1,1.0
2007,E06000004,C2,1,1,1.0
2007,E06000004,C3,7,7,1.0
2007,E06000004,C5,5,4,1.25
2007,E06000004,C6,1,1,1.0
2007,E06000004,C7,5,4,1.25
2007,E06000004,C8,3,3,1.0
2007,E06000005,C5,4,4,1.0
2007,E06000005,C7,2,1,2.0
2007,E06000006,C3,6,5,1.2
2007,E06000006,C5,4,4,1.0
2007,E06000006,C7,5,4,1.25
2007,E06000006,C8,1,1,1.0
2007,E06000007,C5,6,6,1.0
2007,E06000007,C7,3,3,1.0
2007,E06000007,C8,2,2,1.0
2007,E06000008,C3,8,7,1.1428571428571428
2007,E06000008,C5,2,2,1.0
2007,E06000008,C7,4,4,1.0
2007,E06000008,C8,1,1,1.0
2007,E06000009,C3,3,3,1.0
2007,E06000009,C5,4,4,1.0
2007,E06000009,C7,7,7,1.0
2007,E06000009,C8,1,1,1.0
2007,E06000010,C3,4,3,1.3333333333333333
2007,E06000010,C4,1,1,1.0
2007,E06000010,C5,11,7,1.5714285714285714
2007,E06000010,C7,8,7,1.1428571428571428
2007,E06000011,C3,1,1,1.0
2007,E06000011,C5,5,5,1.0
2007,E06000011,C7,4,4,1.0
2007,E06000012,C3,2,2,1.0
2007,E06000012,C5,4,4,1.0
2007,E06000012,C7,6,3,2.0
2007,E06000012,C8,1,1,1.0
2007,E06000013,C3,2,1,2.0
2007,E06000013,C4,1,1,1.0
2007,E06000013,C5,1,1,1.0
2007,E06000013,C7,9,1,9.0
2007,E06000013,C8,1,1,1.0
2007,E06000014,C1,2,2,1.0
2007,E06000014,C3,3,3,1.0
2007,E06000014,C4,3,3,1.0
2007,E06000014,C5,4,3,1.3333333333333333
2007,E06000014,C6,1,1,1.0
2007,E06000014,C7,9,5,1.8
2007,E06000014,C8,2,2,1.0
2007,E06000015,C2,1,1,1.0
2007,E06000015,C3,7,7,1.0
2007,E06000015,C4,5,4,1.25
2007,E06000015,C5,3,3,1.0
2007,E06000015,C7,7,4,1.75
2007,E06000015,C8,3,3,1.0
2007,E06000016,C3,5,5,1.0
2007,E06000016,C4,7,6,1.1666666666666667
2007,E06000016,C5,15,7,2.142857142857143
2007,E06000016,C7,6,5,1.2
2007,E06000016,C8,6,5,1.2
2007,E06000018,C2,4,4,1.0
2007,E06000018,C3,26,14,1.8571428571428572
2007,E06000018,C4,9,4,2.25
2007,E06000018,C5,17,4,4.25
2007,E06000018,C6,1,1,1.0
2007,E06000018,C7,21,10,2.1
2007,E06000018,C8,6,6,1.0
2007,E06000019,C2,2,2,1.0
2007,E06000019,C3,19,10,1.9
2007,E06000019,C4,14,6,2.3333333333333335
2007,E06000019,C5,9,9,1.0
2007,E06000019,C6,1,1,1.0
2007,E06000019,C7,20,12,1.6666666666666667
2007,E06000019,C8,8,4,2.0
2007,E06000020,C2,1,1,1.0
2007,E06000020,C3,1,1,1.0
2007,E06000020,C4,1,1,1.0
2007,E06000020,C5,14,8,1.75
2007,E06000020,C7,19,5,3.8
2007,E06000020,C8,2,2,1.0
2007,E06000021,C2,3,3,1.0
2007,E06000021,C3,21,6,3.5
2007,E06000021,C4,1,1,1.0
2007,E06000021,C5,9,8,1.125
2007,E06000021,C7,7,4,1.75
2007,E06000021,C8,4,2,2.0
2007,E06000022,C2,2,2,1.0
2007,E06000022,C3,10,7,1.4285714285714286
2007,E06000022,C4,1,1,1.0
2007,E06000022,C5,25,11,2.272727272727273
2007,E06000022,C6,1,1,1.0
2007,E06000022,C7,7,6,1.1666666666666667
2007,E06000022,C8,4,4,1.0
2007,E06000023,C1,1,1,1.0
2007,E06000023,C2,3,2,1.5
2007,E06000023,C3,38,33,1.1515151515151516
2007,E06000023,C4,4,4,1.0
2007,E06000023,C5,16,14,1.1428571428571428
2007,E06000023,C6,1,1,1.0
2007,E06000023,C7,30,28,1.0714285714285714
2007,E06000023,C8,7,7,1.0
2007,E06000024,C3,5,3,1.6666666666666667
2007,E06000024,C4,2,2,1.0
2007,E06000024,C5,9,7,1.2857142857142858
2007,E06000024,C6,1,1,1.0
2007,E06000024,C7,11,11,1.0
2007,E06000024,C8,1,1,1.0
2007,E06000025,C3,4,4,1.0
2007,E06000025,C5,7,7,1.0
2007,E06000025,C6,1,1,1.0
2007,E06000025,C7,4,4,1.0
2007,E06000025,C8,3,3,1.0
2007,E06000026,C3,22,14,1.5714285714285714
2007,E06000026,C4,3,2,1.5
2007,E06000026,C5,27,21,1.2857142857142858
2007,E06000026,C7,14,11,1.2727272727272727
2007,E06000026,C8,5,4,1.25
2007,E06000027,C2,2,2,1.0
2007,E06000027,C3,2,2,1.0
2007,E06000027,C4,1,1,1.0
2007,E06000027,C5,2,2,1.0
2007,E06000027,C7,4,4,1.0
2007,E06000027,C8,5,5,1.0
2007,E06000030,C2,1,1,1.0
2007,E06000030,C3,9,9,1.0
2007,E06000030,C4,2,2,1.0
2007,E06000030,C5,5,4,1.25
2007,E06000030,C6,2,2,1.0
2007,E06000030,C7,7,7,1.0
2007,E06000030,C8,9,9,1.0
2007,E06000031,C2,6,6,1.0
2007,E06000031,C3,25,14,1.7857142857142858
2007,E06000031,C4,14,4,3.5
2007,E06000031,C5,14,11,1.2727272727272727
2007,E06000031,C6,8,5,1.6
2007,E06000031,C7,54,30,1.8
2007,E06000031,C8,8,5,1.6
2007,E06000032,C3,1,1,1.0
2007,E06000032,C5,2,2,1.0
2007,E06000032,C7,3,2,1.5
2007,E06000032,C8,2,2,1.0
2007,E06000033,C5,6,5,1.2
2007,E06000034,C3,2,2,1.0
2007,E06000034,C4,1,1,1.0
2007,E06000034,C5,2,2,1.0
2007,E06000034,C7,1,1,1.0
2007,E06000034,C8,5,5,1.0
2007,E06000035,C2,1,1,1.0
2007,E06000035,C3,6,3,2.0
2007,E06000035,C4,2,2,1.0
2007,E06000035,C5,8,5,1.6
2007,E06000035,C7,4,4,1.0
2007,E06000035,C8,8,8,1.0
2007,E06000036,C2,1,1,1.0
2007,E06000036,C3,4,3,1.3333333333333333
2007,E06000036,C5,9,7,1.2857142857142858
2007,E06000036,C7,8,4,2.0
2007,E06000036,C8,1,1,1.0
2007,E06000037,C2,1,1,1.0
2007,E06000037,C3,2,2,1.0
2007,E06000037,C4,1,1,1.0
2007,E06000037,C5,7,5,1.4
2007,E06000037,C7,10,6,1.6666666666666667
2007,E06000037,C8,1,1,1.0
2007,E06000038,C2,2,2,1.0
2007,E06000038,C3,4,4,1.0
2007,E06000038,C4,16,9,1.7777777777777777
2007,E06000038,C5,13,11,1.1818181818181819
2007,E06000038,C7,13,10,1.3
2007,E06000038,C8,3,3,1.0
2007,E06000039,C2,1,1,1.0
2007,E06000039,C3,6,4,1.5
2007,E06000039,C5,1,1,1.0
2007,E06000039,C7,9,6,1.5
2007,E06000039,C8,5,5,1.0
2007,E06000040,C2,1,1,1.0
2007,E06000040,C3,4,4,1.0
2007,E06000040,C4,1,1,1.0
2007,E06000040,C5,7,4,1.75
2007,E06000040,C6,1,1,1.0
2007,E06000040,C7,12,10,1.2
2007,E06000040,C8,2,2,1.0
2007,E06000041,C2,8,7,1.1428571428571428
2007,E06000041,C3,7,6,1.1666666666666667
2007,E06000041,C4,2,2,1.0
2007,E06000041,C5,12,10,1.2
2007,E06000041,C6,3,2,1.5
2007,E06000041,C7,24,19,1.263157894736842
2007,E06000041,C8,6,6,1.0
2007,E06000042,C2,5,5,1.0
2007,E06000042,C3,22,11,2.0
2007,E06000042,C4,1,1,1.0
2007,E06000042,C5,8,6,1.3333333333333333
2007,E06000042,C6,5,5,1.0
2007,E06000042,C7,14,7,2.0
2007,E06000042,C8,8,8,1.0
2007,E06000043,C2,1,1,1.0
2007,E06000043,C3,18,15,1.2
2007,E06000043,C4,11,6,1.8333333333333333
2007,E06000043,C5,40,32,1.25
2007,E06000043,C7,18,12,1.5
2007,E06000043,C8,16,15,1.0666666666666667
2007,E06000044,C2,2,2,1.0
2007,E06000044,C3,4,4,1.0
2007,E06000044,C4,1,1,1.0
2007,E06000044,C5,7,4,1.75
2007,E06000044,C7,3,3,1.0
2007,E06000044,C8,5,5,1.0
2007,E06000045,C2,5,4,1.25
2007,E06000045,C3,3,3,1.0
2007,E06000045,C4,2,1,2.0
2007,E06000045,C5,12,10,1.2
2007,E06000045,C7,15,12,1.25
2007,E06000045,C8,2,2,1.0
2007,E06000046,C3,1,1,1.0
2007,E06000046,C5,2,2,1.0
2007,E06000046,C7,5,5,1.0
2007,E06000046,C8,3,3,1.0
2007,E06000047,C3,13,11,1.1818181818181819
2007,E06000047,C4,5,2,2.5
2007,E06000047,C5,17,15,1.1333333333333333
2007,E06000047,C6,1,1,1.0
2007,E06000047,C7,11,10,1.1
2007,E06000047,C8,3,3,1.0
2007,E06000049,C2,2,2,1.0
2007,E06000049,C3,8,6,1.3333333333333333
2007,E06000049,C5,9,9,1.0
2007,E06000049,C6,4,2,2.0
2007,E06000049,C7,36,13,2.769230769230769
2007,E06000049,C8,3,3,1.0
2007,E06000050,C2,2,2,1.0
2007,E06000050,C3,5,5,1.0
2007,E06000050,C4,2,1,2.0
2007,E06000050,C5,5,5,1.0
2007,E06000050,C6,1,1,1.0
2007,E06000050,C7,8,7,1.1428571428571428
2007,E06000050,C8,1,1,1.0
2007,E06000051,C2,1,1,1.0
2007,E06000051,C3,15,8,1.875
2007,E06000051,C5,8,5,1.6
2007,E06000051,C6,1,1,1.0
2007,E06000051,C7,9,5,1.8
2007,E06000051,C8,1,1,1.0
2007,E06000052,C3,10,10,1.0
2007,E06000052,C4,3,3,1.0
2007,E06000052,C5,9,9,1.0
2007,E06000052,C6,1,1,1.0
2007,E06000052,C7,8,8,1.0
2007,E06000052,C8,8,8,1.0
2007,E06000054,C2,3,3,1.0
2007,E06000054,C3,21,15,1.4
2007,E06000054,C4,1,1,1.0
2007,E06000054,C5,15,14,1.0714285714285714
2007,E06000054,C6,2,1,2.0
2007,E06000054,C7,32,25,1.28
2007,E06000054,C8,7,7,1.0
2007,E06000055,C3,9,8,1.125
2007,E06000055,C4,2,2,1.0
2007,E06000055,C5,4,4,1.0
2007,E06000055,C6,1,1,1.0
2007,E06000055,C7,6,5,1.2
2007,E06000055,C8,3,3,1.0
2007,E06000056,C2,2,2,1.0
2007,E06000056,C3,5,5,1.0
2007,E06000056,C4,3,2,1.5
2007,E06000056,C5,8,7,1.1428571428571428
2007,E06000056,C6,2,2,1.0
2007,E06000056,C7,11,9,1.2222222222222223
2007,E06000056,C8,8,8,1.0
2007,E06000057,C2,2,2,1.0
2007,E06000057,C3,8,5,1.6
2007,E06000057,C4,1,1,1.0
2007,E06000057,C5,9,9,1.0
2007,E06000057,C6,4,4,1.0
2007,E06000057,C7,10,3,3.3333333333333335
2007,E06000057,C8,2,2,1.0
2007,E06000058,C2,2,2,1.0
2007,E06000058,C3,3,3,1.0
2007,E06000058,C5,11,7,1.5714285714285714
2007,E06000058,C6,3,1,3.0
2007,E06000058,C7,3,3,1.0
2007,E06000058,C8,5,5,1.0
2007,E06000059,C2,1,1,1.0
2007,E06000059,C3,6,5,1.2
2007,E06000059,C5,11,9,1.2222222222222223
2007,E06000059,C7,12,11,1.0909090909090908
2007,E06000059,C8,2,2,1.0
2007,E07000004,C2,2,2,1.0
2007,E07000004,C3,1,1,1.0
2007,E07000004,C4,1,1,1.0
2007,E07000004,C5,13,8,1.625
2007,E07000004,C7,21,12,1.75
2007,E07000004,C8,5,5,1.0
2007,E07000005,C5,2,2,1.0
2007,E07000005,C7,7,6,1.1666666666666667
2007,E07000005,C8,3,3,1.0
2007,E07000006,C3,6,3,2.0
2007,E07000006,C6,2,1,2.0
2007,E07000006,C7,10,7,1.4285714285714286
2007,E07000006,C8,1,1,1.0
2007,E07000007,C2,3,3,1.0
2007,E07000007,C3,2,2,1.0
2007,E07000007,C4,4,2,2.0
2007,E07000007,C5,13,7,1.8571428571428572
2007,E07000007,C7,11,11,1.0
2007,E07000007,C8,2,2,1.0
2007,E07000008,C2,3,3,1.0
2007,E07000008,C3,1,1,1.0
2007,E07000008,C4,8,2,4.0
2007,E07000008,C5,19,16,1.1875
2007,E07000008,C6,2,2,1.0
2007,E07000008,C7,65,41,1.5853658536585367
2007,E07000008,C8,3,3,1.0
2007,E07000009,C3,2,2,1.0
2007,E07000009,C5,1,1,1.0
2007,E07000010,C3,2,1,2.0
2007,E07000010,C7,6,6,1.0
2007,E07000010,C8,1,1,1.0
2007,E07000011,C2,1,1,1.0
2007,E07000011,C3,4,4,1.0
2007,E07000011,C5,2,2,1.0
2007,E07000011,C7,10,9,1.1111111111111112
2007,E07000011,C8,3,3,1.0
2007,E07000012,C2,8,8,1.0
2007,E07000012,C3,11,5,2.2
2007,E07000012,C4,4,3,1.3333333333333333
2007,E07000012,C5,17,15,1.1333333333333333
2007,E07000012,C6,1,1,1.0
2007,E07000012,C7,44,29,1.5172413793103448
2007,E07000012,C8,1,1,1.0
2007,E07000026,C3,14,5,2.8
2007,E07000026,C4,3,3,1.0
2007,E07000026,C5,2,1,2.0
2007,E07000026,C7,7,4,1.75
2007,E07000026,C8,1,1,1.0
2007,E07000028,C2,1,1,1.0
2007,E07000028,C3,4,4,1.0
2007,E07000028,C5,3,2,1.5
2007,E07000028,C7,2,2,1.0
2007,E07000029,C5,3,3,1.0
2007,E07000029,C6,1,1,1.0
2007,E07000030,C5,1,1,1.0
2007,E07000030,C7,2,2,1.0
2007,E07000031,C3,2,2,1.0
2007,E07000031,C5,1,1,1.0
2007,E07000031,C7,3,2,1.5
2007,E07000032,C3,2,2,1.0
2007,E07000032,C5,1,1,1.0
2007,E07000032,C7,4,3,1.3333333333333333
2007,E07000033,C4,1,1,1.0
2007,E07000033,C5,2,2,1.0
2007,E07000033,C6,2,1,2.0
2007,E07000033,C7,1,1,1.0
2007,E07000034,C5,1,1,1.0
2007,E07000034,C7,3,3,1.0
2007,E07000035,C1,1,1,1.0
2007,E07000035,C3,1,1,1.0
2007,E07000035,C5,3,3,1.0
2007,E07000035,C7,4,4,1.0
2007,E07000036,C2,1,1,1.0
2007,E07000036,C3,5,4,1.25
2007,E07000036,C4,4,4,1.0
2007,E07000036,C5,3,3,1.0
2007,E07000036,C7,2,2,1.0
2007,E07000037,C5,4,4,1.0
2007,E07000037,C7,1,1,1.0
2007,E07000038,C3,1,1,1.0
2007,E07000038,C5,1,1,1.0
2007,E07000038,C8,1,1,1.0
2007,E07000039,C3,3,3,1.0
2007,E07000039,C5,1,1,1.0
2007,E07000039,C7,2,2,1.0
2007,E07000040,C3,21,12,1.75
2007,E07000040,C5,3,3,1.0
2007,E07000040,C7,3,2,1.5
2007,E07000040,C8,4,3,1.3333333333333333
2007,E07000041,C3,2,2,1.0
2007,E07000041,C5,2,2,1.0
2007,E07000041,C7,10,7,1.4285714285714286
2007,E07000041,C8,2,2,1.0
2007,E07000042,C5,1,1,1.0
2007,E07000042,C7,4,4,1.0
2007,E07000043,C3,1,1,1.0
2007,E07000044,C3,3,3,1.0
2007,E07000044,C5,1,1,1.0
2007,E07000044,C7,8,8,1.0
2007,E07000044,C8,2,2,1.0
2007,E07000045,C3,2,2,1.0
2007,E07000045,C5,1,1,1.0
2007,E07000045,C7,7,6,1.1666666666666667
2007,E07000045,C8,1,1,1.0
2007,E07000046,C2,2,1,2.0
2007,E07000046,C3,4,4,1.0
2007,E07000046,C4,1,1,1.0
2007,E07000046,C5,1,1,1.0
2007,E07000046,C6,1,1,1.0
2007,E07000046,C7,2,2,1.0
2007,E07000046,C8,2,2,1.0
2007,E07000047,C2,1,1,1.0
2007,E07000047,C3,3,3,1.0
2007,E07000047,C4,1,1,1.0
2007,E07000047,C5,1,1,1.0
2007,E07000047,C6,1,1,1.0
2007,E07000061,C3,4,3,1.3333333333333333
2007,E07000061,C6,1,1,1.0
2007,E07000061,C7,1,1,1.0
2007,E07000061,C8,1,1,1.0
2007,E07000062,C3,10,9,1.1111111111111112
2007,E07000062,C7,1,1,1.0
2007,E07000062,C8,1,1,1.0
2007,E07000063,C3,2,2,1.0
2007,E07000063,C5,1,1,1.0
2007,E07000063,C7,3,3,1.0
2007,E07000063,C8,3,3,1.0
2007,E07000064,C3,3,2,1.5
2007,E07000064,C4,1,1,1.0
2007,E07000064,C6,1,1,1.0
2007,E07000064,C7,5,5,1.0
2007,E07000065,C3,2,2,1.0
2007,E07000065,C5,2,2,1.0
2007,E07000065,C7,5,5,1.0
2007,E07000065,C8,5,5,1.0
2007,E07000066,C2,1,1,1.0
2007,E07000066,C3,5,4,1.25
2007,E07000066,C4,7,7,1.0
2007,E07000066,C5,6,6,1.0
2007,E07000066,C6,1,1,1.0
2007,E07000066,C7,13,11,1.1818181818181819
2007,E07000066,C8,9,8,1.125
2007,E07000067,C3,1,1,1.0
2007,E07000067,C5,6,6,1.0
2007,E07000067,C6,1,1,1.0
2007,E07000067,C7,4,4,1.0
2007,E07000067,C8,1,1,1.0
2007,E07000068,C3,1,1,1.0
2007,E07000068,C5,1,1,1.0
2007,E07000068,C7,2,2,1.0
2007,E07000069,C4,2,1,2.0
2007,E07000069,C8,1,1,1.0
2007,E07000070,C2,2,2,1.0
2007,E07000070,C3,1,1,1.0
2007,E07000070,C5,6,6,1.0
2007,E07000070,C7,9,8,1.125
2007,E07000070,C8,3,3,1.0
2007,E07000071,C3,2,2,1.0
2007,E07000071,C4,3,3,1.0
2007,E07000071,C5,6,6,1.0
2007,E07000071,C7,3,3,1.0
2007,E07000071,C8,5,5,1.0
2007,E07000072,C2,2,1,2.0
2007,E07000072,C3,4,4,1.0
2007,E07000072,C5,2,2,1.0
2007,E07000072,C7,44,5,8.8
2007,E07000072,C8,1,1,1.0
2007,E07000073,C5,5,3,1.6666666666666667
2007,E07000073,C7,2,2,1.0
2007,E07000073,C8,1,1,1.0
2007,E07000074,C3,2,2,1.0
2007,E07000074,C5,2,1,2.0
2007,E07000074,C8,1,1,1.0
2007,E07000075,C3,1,1,1.0
2007,E07000075,C8,1,1,1.0
2007,E07000076,C3,1,1,1.0
2007,E07000076,C5,3,3,1.0
2007,E07000076,C7,1,1,1.0
2007,E07000077,C3,1,1,1.0
2007,E07000077,C5,1,1,1.0
2007,E07000077,C8,1,1,1.0
2007,E07000078,C2,7,6,1.1666666666666667
2007,E07000078,C3,25,22,1.1363636363636365
2007,E07000078,C4,11,10,1.1
2007,E07000078,C5,32,29,1.103448275862069
2007,E07000078,C6,12,8,1.5
2007,E07000078,C7,97,69,1.4057971014492754
2007,E07000078,C8,5,5,1.0
2007,E07000079,C3,1,1,1.0
2007,E07000079,C5,1,1,1.0
2007,E07000079,C7,1,1,1.0
2007,E07000079,C8,1,1,1.0
2007,E07000080,C3,2,2,1.0
2007,E07000080,C5,2,1,2.0
2007,E07000080,C7,4,3,1.3333333333333333
2007,E07000081,C2,1,1,1.0
2007,E07000081,C5,6,4,1.5
2007,E07000081,C6,1,1,1.0
2007,E07000081,C7,2,1,2.0
2007,E07000081,C8,1,1,1.0
2007,E07000082,C2,3,3,1.0
2007,E07000082,C3,1,1,1.0
2007,E07000082,C5,7,6,1.1666666666666667
2007,E07000082,C7,14,11,1.2727272727272727
2007,E07000082,C8,1,1,1.0
2007,E07000083,C3,3,3,1.0
2007,E07000083,C4,1,1,1.0
2007,E07000083,C5,7,5,1.4
2007,E07000083,C7,10,8,1.25
2007,E07000084,C2,1,1,1.0
2007,E07000084,C3,13,9,1.4444444444444444
2007,E07000084,C4,1,1,1.0
2007,E07000084,C5,11,7,1.5714285714285714
2007,E07000084,C6,1,1,1.0
2007,E07000084,C7,12,6,2.0
2007,E07000084,C8,7,6,1.1666666666666667
2007,E07000085,C3,3,3,1.0
2007,E07000085,C4,2,2,1.0
2007,E07000085,C5,3,3,1.0
2007,E07000085,C6,1,1,1.0
2007,E07000085,C7,5,5,1.0
2007,E07000085,C8,4,3,1.3333333333333333
2007,E07000086,C3,1,1,1.0
2007,E07000086,C4,2,2,1.0
2007,E07000086,C5,1,1,1.0
2007,E07000086,C7,3,3,1.0
2007,E07000086,C8,2,2,1.0
2007,E07000087,C2,1,1,1.0
2007,E07000087,C4,1,1,1.0
2007,E07000087,C5,2,2,1.0
2007,E07000088,C3,1,1,1.0
2007,E07000088,C5,2,2,1.0
2007,E07000088,C6,1,1,1.0
2007,E07000088,C7,2,2,1.0
2007,E07000088,C8,3,3,1.0
2007,E07000089,C3,2,2,1.0
2007,E07000089,C4,1,1,1.0
2007,E07000089,C5,6,5,1.2
2007,E07000089,C6,1,1,1.0
2007,E07000089,C7,7,6,1.1666666666666667
2007,E07000090,C3,3,3,1.0
2007,E07000090,C5,4,4,1.0
2007,E07000090,C7,2,2,1.0
2007,E07000091,C2,1,1,1.0
2007,E07000091,C3,1,1,1.0
2007,E07000091,C5,1,1,1.0
2007,E07000091,C7,6,5,1.2
2007,E07000091,C8,3,2,1.5
2007,E07000092,C5,2,2,1.0
2007,E07000092,C6,1,1,1.0
2007,E07000092,C7,3,3,1.0
2007,E07000092,C8,2,2,1.0
2007,E07000093,C3,1,1,1.0
2007,E07000093,C4,1,1,1.0
2007,E07000093,C5,6,5,1.2
2007,E07000093,C7,9,5,1.8
2007,E07000093,C8,4,3,1.3333333333333333
2007,E07000094,C2,3,2,1.5
2007,E07000094,C5,9,9,1.0
2007,E07000094,C7,6,6,1.0
2007,E07000094,C8,1,1,1.0
2007,E07000095,C3,3,1,3.0
2007,E07000095,C4,1,1,1.0
2007,E07000095,C5,1,1,1.0
2007,E07000095,C7,4,4,1.0
2007,E07000096,C3,7,7,1.0
2007,E07000096,C4,6,3,2.0
2007,E07000096,C5,4,4,1.0
2007,E07000096,C6,1,1,1.0
2007,E07000096,C7,10,8,1.25
2007,E07000096,C8,2,2,1.0
2007,E07000098,C3,2,2,1.0
2007,E07000098,C4,1,1,1.0
2007,E07000098,C5,5,5,1.0
2007,E07000098,C7,9,8,1.125
2007,E07000098,C8,3,3,1.0
2007,E07000099,C3,7,6,1.1666666666666667
2007,E07000099,C4,1,1,1.0
2007,E07000099,C5,8,7,1.1428571428571428
2007,E07000099,C6,2,2,1.0
2007,E07000099,C7,10,5,2.0
2007,E07000099,C8,8,5,1.6
2007,E07000102,C5,1,1,1.0
2007,E07000102,C7,5,3,1.6666666666666667
2007,E07000103,C2,1,1,1.0
2007,E07000103,C3,5,5,1.0
2007,E07000103,C5,4,4,1.0
2007,E07000103,C7,3,3,1.0
2007,E07000103,C8,2,2,1.0
2007,E07000105,C2,1,1,1.0
2007,E07000105,C3,8,8,1.0
2007,E07000105,C4,2,1,2.0
2007,E07000105,C5,4,4,1.0
2007,E07000105,C7,2,2,1.0
2007,E07000105,C8,2,2,1.0
2007,E07000106,C2,1,1,1.0
2007,E07000106,C3,6,3,2.0
2007,E07000106,C4,5,2,2.5
2007,E07000106,C5,5,5,1.0
2007,E07000106,C7,18,12,1.5
2007,E07000106,C8,1,1,1.0
2007,E07000107,C2,1,1,1.0
2007,E07000107,C3,2,2,1.0
2007,E07000107,C5,5,3,1.6666666666666667
2007,E07000107,C7,14,13,1.0769230769230769
2007,E07000107,C8,5,4,1.25
2007,E07000108,C2,1,1,1.0
2007,E07000108,C5,1,1,1.0
2007,E07000108,C7,5,4,1.25
2007,E07000108,C8,2,2,1.0
2007,E07000109,C3,2,2,1.0
2007,E07000109,C7,3,3,1.0
2007,E07000109,C8,5,3,1.6666666666666667
2007,E07000110,C2,2,2,1.0
2007,E07000110,C3,7,6,1.1666666666666667
2007,E07000110,C5,5,5,1.0
2007,E07000110,C7,10,9,1.1111111111111112
2007,E07000110,C8,2,1,2.0
2007,E07000111,C2,1,1,1.0
2007,E07000111,C3,2,2,1.0
2007,E07000111,C4,1,1,1.0
2007,E07000111,C5,1,1,1.0
2007,E07000111,C7,4,4,1.0
2007,E07000111,C8,1,1,1.0
2007,E07000112,C2,1,1,1.0
2007,E07000112,C3,3,3,1.0
2007,E07000112,C4,2,2,1.0
2007,E07000112,C5,7,4,1.75
2007,E07000112,C7,5,5,1.0
2007,E07000112,C8,2,1,2.0
2007,E07000113,C3,3,3,1.0
2007,E07000113,C4,1,1,1.0
2007,E07000113,C5,4,4,1.0
2007,E07000113,C7,2,2,1.0
2007,E07000114,C2,4,2,2.0
2007,E07000114,C3,17,13,1.3076923076923077
2007,E07000114,C4,1,1,1.0
2007,E07000114,C5,29,11,2.6363636363636362
2007,E07000114,C6,2,2,1.0
2007,E07000114,C7,22,10,2.2
2007,E07000114,C8,3,3,1.0
2007,E07000115,C3,3,1,3.0
2007,E07000115,C7,4,3,1.3333333333333333
2007,E07000115,C8,1,1,1.0
2007,E07000116,C3,2,2,1.0
2007,E07000116,C5,4,4,1.0
2007,E07000116,C7,6,5,1.2
2007,E07000116,C8,1,1,1.0
2007,E07000117,C3,6,5,1.2
2007,E07000117,C4,1,1,1.0
2007,E07000117,C5,3,3,1.0
2007,E07000117,C6,1,1,1.0
2007,E07000117,C7,3,3,1.0
2007,E07000117,C8,1,1,1.0
2007,E07000118,C3,6,6,1.0
2007,E07000118,C4,1,1,1.0
2007,E07000118,C5,2,2,1.0
2007,E07000118,C7,3,3,1.0
2007,E07000119,C2,1,1,1.0
2007,E07000119,C3,3,3,1.0
2007,E07000119,C5,1,1,1.0
2007,E07000119,C7,4,4,1.0
2007,E07000119,C8,2,2,1.0
2007,E07000120,C2,1,1,1.0
2007,E07000120,C3,10,9,1.1111111111111112
2007,E07000120,C5,7,7,1.0
2007,E07000120,C6,1,1,1.0
2007,E07000120,C7,9,7,1.2857142857142858
2007,E07000120,C8,2,2,1.0
2007,E07000121,C2,1,1,1.0
2007,E07000121,C3,1,1,1.0
2007,E07000121,C4,2,2,1.0
2007,E07000121,C5,2,2,1.0
2007,E07000121,C7,3,3,1.0
2007,E07000122,C3,2,2,1.0
2007,E07000122,C5,2,2,1.0
2007,E07000122,C7,3,3,1.0
2007,E07000122,C8,5,5,1.0
2007,E07000123,C3,3,3,1.0
2007,E07000123,C5,2,2,1.0
2007,E07000123,C7,3,3,1.0
2007,E07000123,C8,1,1,1.0
2007,E07000124,C3,2,2,1.0
2007,E07000124,C8,2,2,1.0
2007,E07000125,C7,2,2,1.0
2007,E07000126,C5,3,3,1.0
2007,E07000126,C7,2,2,1.0
2007,E07000127,C3,1,1,1.0
2007,E07000127,C7,1,1,1.0
2007,E07000128,C1,1,1,1.0
2007,E07000128,C2,1,1,1.0
2007,E07000128,C3,1,1,1.0
2007,E07000128,C4,1,1,1.0
2007,E07000128,C5,3,3,1.0
2007,E07000128,C6,1,1,1.0
2007,E07000128,C7,6,3,2.0
2007,E07000129,C3,1,1,1.0
2007,E07000129,C5,1,1,1.0
2007,E07000129,C7,3,2,1.5
2007,E07000130,C3,1,1,1.0
2007,E07000130,C4,1,1,1.0
2007,E07000130,C5,2,2,1.0
2007,E07000130,C7,3,3,1.0
2007,E07000130,C8,3,3,1.0
2007,E07000131,C4,2,1,2.0
2007,E07000131,C7,1,1,1.0
2007,E07000132,C3,2,1,2.0
2007,E07000132,C5,6,4,1.5
2007,E07000132,C7,4,2,2.0
2007,E07000133,C7,1,1,1.0
2007,E07000133,C8,1,1,1.0
2007,E07000134,C3,2,1,2.0
2007,E07000134,C4,1,1,1.0
2007,E07000134,C5,1,1,1.0
2007,E07000134,C8,1,1,1.0
2007,E07000135,C3,1,1,1.0
2007,E07000135,C7,2,2,1.0
2007,E07000136,C5,2,2,1.0
2007,E07000136,C7,6,4,1.5
2007,E07000137,C1,1,1,1.0
2007,E07000137,C2,2,2,1.0
2007,E07000137,C3,2,2,1.0
2007,E07000137,C5,2,1,2.0
2007,E07000137,C7,8,6,1.3333333333333333
2007,E07000138,C3,7,6,1.1666666666666667
2007,E07000138,C5,6,6,1.0
2007,E07000138,C6,1,1,1.0
2007,E07000138,C7,5,5,1.0
2007,E07000138,C8,1,1,1.0
2007,E07000139,C5,3,3,1.0
2007,E07000139,C6,3,3,1.0
2007,E07000139,C7,5,4,1.25
2007,E07000139,C8,2,2,1.0
2007,E07000140,C2,1,1,1.0
2007,E07000140,C3,1,1,1.0
2007,E07000140,C6,1,1,1.0
2007,E07000140,C7,4,3,1.3333333333333333
2007,E07000141,C2,1,1,1.0
2007,E07000141,C3,7,6,1.1666666666666667
2007,E07000141,C4,1,1,1.0
2007,E07000141,C5,3,2,1.5
2007,E07000141,C7,7,5,1.4
2007,E07000141,C8,2,1,2.0
2007,E07000142,C3,1,1,1.0
2007,E07000142,C7,1,1,1.0
2007,E07000142,C8,1,1,1.0
2007,E07000143,C2,1,1,1.0
2007,E07000143,C3,5,4,1.25
2007,E07000143,C5,4,4,1.0
2007,E07000143,C6,1,1,1.0
2007,E07000143,C7,6,6,1.0
2007,E07000144,C2,4,4,1.0
2007,E07000144,C3,3,3,1.0
2007,E07000144,C4,1,1,1.0
2007,E07000144,C6,1,1,1.0
2007,E07000144,C7,15,11,1.3636363636363635
2007,E07000144,C8,1,1,1.0
2007,E07000145,C2,1,1,1.0
2007,E07000145,C3,56,17,3.2941176470588234
2007,E07000145,C5,8,7,1.1428571428571428
2007,E07000145,C7,35,26,1.3461538461538463
2007,E07000145,C8,1,1,1.0
2007,E07000146,C3,4,3,1.3333333333333333
2007,E07000146,C4,2,1,2.0
2007,E07000146,C5,4,4,1.0
2007,E07000146,C6,1,1,1.0
2007,E07000146,C7,3,2,1.5
2007,E07000146,C8,4,3,1.3333333333333333
2007,E07000147,C2,7,5,1.4
2007,E07000147,C3,15,9,1.6666666666666667
2007,E07000147,C4,2,1,2.0
2007,E07000147,C5,10,9,1.1111111111111112
2007,E07000147,C6,3,2,1.5
2007,E07000147,C7,35,14,2.5
2007,E07000147,C8,2,2,1.0
2007,E07000148,C2,1,1,1.0
2007,E07000148,C3,6,6,1.0
2007,E07000148,C4,8,5,1.6
2007,E07000148,C5,7,6,1.1666666666666667
2007,E07000148,C6,2,2,1.0
2007,E07000148,C7,15,8,1.875
2007,E07000148,C8,2,2,1.0
2007,E07000149,C2,1,1,1.0
2007,E07000149,C3,3,3,1.0
2007,E07000149,C5,2,2,1.0
2007,E07000149,C6,2,2,1.0
2007,E07000149,C7,12,9,1.3333333333333333
2007,E07000149,C8,2,2,1.0
2007,E07000150,C3,2,2,1.0
2007,E07000150,C5,1,1,1.0
2007,E07000150,C7,2,2,1.0
2007,E07000150,C8,4,4,1.0
2007,E07000151,C2,1,1,1.0
2007,E07000151,C3,1,1,1.0
2007,E07000151,C5,1,1,1.0
2007,E07000151,C7,7,4,1.75
2007,E07000151,C8,1,1,1.0
2007,E07000152,C2,1,1,1.0
2007,E07000152,C3,2,2,1.0
2007,E07000152,C5,2,2,1.0
2007,E07000152,C7,7,4,1.75
2007,E07000152,C8,1,1,1.0
2007,E07000153,C3,2,2,1.0
2007,E07000153,C6,3,1,3.0
2007,E07000153,C7,3,3,1.0
2007,E07000154,C2,1,1,1.0
2007,E07000154,C3,12,8,1.5
2007,E07000154,C4,2,2,1.0
2007,E07000154,C5,3,3,1.0
2007,E07000154,C7,10,9,1.1111111111111112
2007,E07000154,C8,5,4,1.25
2007,E07000155,C4,1,1,1.0
2007,E07000155,C7,2,2,1.0
2007,E07000155,C8,2,2,1.0
2007,E07000156,C2,2,1,2.0
2007,E07000156,C3,2,2,1.0
2007,E07000156,C7,3,2,1.5
2007,E07000156,C8,2,1,2.0
2007,E07000163,C4,1,1,1.0
2007,E07000163,C5,2,1,2.0
2007,E07000163,C7,3,2,1.5
2007,E07000164,C5,1,1,1.0
2007,E07000164,C7,2,2,1.0
2007,E07000165,C2,1,1,1.0
2007,E07000165,C3,5,4,1.25
2007,E07000165,C4,3,3,1.0
2007,E07000165,C5,6,6,1.0
2007,E07000165,C6,4,2,2.0
2007,E07000165,C7,6,4,1.5
2007,E07000165,C8,4,2,2.0
2007,E07000166,C3,7,4,1.75
2007,E07000166,C7,2,2,1.0
2007,E07000168,C3,3,3,1.0
2007,E07000168,C7,2,2,1.0
2007,E07000168,C8,1,1,1.0
2007,E07000169,C3,1,1,1.0
2007,E07000169,C5,2,2,1.0
2007,E07000169,C6,1,1,1.0
2007,E07000169,C7,3,2,1.5
2007,E07000170,C2,1,1,1.0
2007,E07000170,C3,8,3,2.6666666666666665
2007,E07000170,C4,2,2,1.0
2007,E07000170,C5,5,5,1.0
2007,E07000170,C6,1,1,1.0
2007,E07000170,C7,3,2,1.5
2007,E07000170,C8,1,1,1.0
2007,E07000171,C2,1,1,1.0
2007,E07000171,C3,3,3,1.0
2007,E07000171,C4,2,1,2.0
2007,E07000171,C7,1,1,1.0
2007,E07000171,C8,1,1,1.0
2007,E07000172,C3,2,2,1.0
2007,E07000172,C4,9,1,9.0
2007,E07000172,C5,2,2,1.0
2007,E07000172,C7,4,4,1.0
2007,E07000173,C2,1,1,1.0
2007,E07000173,C3,4,4,1.0
2007,E07000173,C5,3,3,1.0
2007,E07000173,C7,2,2,1.0
2007,E07000173,C8,1,1,1.0
2007,E07000174,C2,2,2,1.0
2007,E07000174,C3,3,3,1.0
2007,E07000174,C4,5,1,5.0
2007,E07000174,C5,12,6,2.0
2007,E07000174,C6,2,1,2.0
2007,E07000174,C7,2,2,1.0
2007,E07000174,C8,2,2,1.0
2007,E07000175,C3,1,1,1.0
2007,E07000175,C4,1,1,1.0
2007,E07000175,C5,5,4,1.25
2007,E07000175,C7,2,2,1.0
2007,E07000176,C4,1,1,1.0
2007,E07000176,C5,4,4,1.0
2007,E07000176,C6,1,1,1.0
2007,E07000177,C3,3,3,1.0
2007,E07000177,C4,1,1,1.0
2007,E07000177,C5,4,4,1.0
2007,E07000177,C7,3,3,1.0
2007,E07000177,C8,1,1,1.0
2007,E07000178,C2,1,1,1.0
2007,E07000178,C3,15,6,2.5
2007,E07000178,C4,8,4,2.0
2007,E07000178,C5,15,8,1.875
2007,E07000178,C6,3,2,1.5
2007,E07000178,C7,33,19,1.736842105263158
2007,E07000178,C8,7,7,1.0
2007,E07000179,C2,2,2,1.0
2007,E07000179,C3,2,2,1.0
2007,E07000179,C4,3,3,1.0
2007,E07000179,C5,11,9,1.2222222222222223
2007,E07000179,C7,16,13,1.2307692307692308
2007,E07000179,C8,2,2,1.0
2007,E07000180,C2,1,1,1.0
2007,E07000180,C3,1,1,1.0
2007,E07000180,C5,5,3,1.6666666666666667
2007,E07000180,C7,14,12,1.1666666666666667
2007,E07000180,C8,2,2,1.0
2007,E07000181,C3,2,2,1.0
2007,E07000181,C5,2,2,1.0
2007,E07000181,C7,6,6,1.0
2007,E07000187,C3,5,5,1.0
2007,E07000187,C5,2,2,1.0
2007,E07000187,C7,12,5,2.4
2007,E07000187,C8,1,1,1.0
2007,E07000188,C3,3,3,1.0
2007,E07000188,C7,3,3,1.0
2007,E07000188,C8,1,1,1.0
2007,E07000189,C2,1,1,1.0
2007,E07000189,C3,7,7,1.0
2007,E07000189,C7,4,4,1.0
2007,E07000189,C8,3,3,1.0
2007,E07000192,C2,2,2,1.0
2007,E07000192,C3,2,2,1.0
2007,E07000193,C3,1,1,1.0
2007,E07000193,C5,2,2,1.0
2007,E07000193,C7,1,1,1.0
2007,E07000194,C5,3,3,1.0
2007,E07000194,C6,1,1,1.0
2007,E07000194,C7,2,2,1.0
2007,E07000194,C8,1,1,1.0
2007,E07000195,C2,1,1,1.0
2007,E07000195,C3,2,2,1.0
2007,E07000195,C5,1,1,1.0
2007,E07000195,C6,3,1,3.0
2007,E07000195,C7,10,9,1.1111111111111112
2007,E07000195,C8,3,2,1.5
2007,E07000196,C3,1,1,1.0
2007,E07000196,C5,1,1,1.0
2007,E07000196,C7,1,1,1.0
2007,E07000197,C2,1,1,1.0
2007,E07000197,C3,1,1,1.0
2007,E07000197,C4,1,1,1.0
2007,E07000197,C5,5,5,1.0
2007,E07000197,C7,1,1,1.0
2007,E07000197,C8,2,2,1.0
2007,E07000198,C3,1,1,1.0
2007,E07000198,C5,1,1,1.0
2007,E07000198,C7,1,1,1.0
2007,E07000199,C2,1,1,1.0
2007,E07000199,C4,2,1,2.0
2007,E07000199,C5,1,1,1.0
2007,E07000199,C7,9,5,1.8
2007,E07000199,C8,3,3,1.0
2007,E07000200,C3,1,1,1.0
2007,E07000200,C5,1,1,1.0
2007,E07000200,C7,5,3,1.6666666666666667
2007,E07000200,C8,1,1,1.0
2007,E07000202,C3,8,5,1.6
2007,E07000202,C4,2,2,1.0
2007,E07000202,C5,1,1,1.0
2007,E07000202,C7,13,6,2.1666666666666665
2007,E07000202,C8,2,1,2.0
2007,E07000203,C5,2,2,1.0
2007,E07000203,C7,3,2,1.5
2007,E07000207,C2,1,1,1.0
2007,E07000207,C3,10,7,1.4285714285714286
2007,E07000207,C4,5,5,1.0
2007,E07000207,C5,19,12,1.5833333333333333
2007,E07000207,C7,16,13,1.2307692307692308
2007,E07000207,C8,7,6,1.1666666666666667
2007,E07000208,C2,1,1,1.0
2007,E07000208,C3,3,3,1.0
2007,E07000208,C4,4,4,1.0
2007,E07000208,C5,1,1,1.0
2007,E07000208,C7,5,5,1.0
2007,E07000208,C8,2,2,1.0
2007,E07000209,C2,2,2,1.0
2007,E07000209,C3,3,3,1.0
2007,E07000209,C5,11,7,1.5714285714285714
2007,E07000209,C7,14,12,1.1666666666666667
2007,E07000210,C2,1,1,1.0
2007,E07000210,C5,2,2,1.0
2007,E07000210,C7,9,7,1.2857142857142858
2007,E07000210,C8,1,1,1.0
2007,E07000211,C3,9,7,1.2857142857142858
2007,E07000211,C5,15,12,1.25
2007,E07000211,C7,25,17,1.4705882352941178
2007,E07000211,C8,2,2,1.0
2007,E07000212,C2,1,1,1.0
2007,E07000212,C3,2,2,1.0
2007,E07000212,C5,1,1,1.0
2007,E07000212,C7,3,3,1.0
2007,E07000212,C8,6,6,1.0
2007,E07000213,C3,2,1,2.0
2007,E07000213,C4,1,1,1.0
2007,E07000213,C5,5,3,1.6666666666666667
2007,E07000213,C6,4,1,4.0
2007,E07000213,C7,4,2,2.0
2007,E07000213,C8,2,2,1.0
2007,E07000214,C2,1,1,1.0
2007,E07000214,C3,2,2,1.0
2007,E07000214,C4,4,2,2.0
2007,E07000214,C7,3,3,1.0
2007,E07000214,C8,5,3,1.6666666666666667
2007,E07000215,C2,1,1,1.0
2007,E07000215,C3,5,2,2.5
2007,E07000215,C5,1,1,1.0
2007,E07000215,C7,20,11,1.8181818181818181
2007,E07000215,C8,2,2,1.0
2007,E07000216,C2,2,2,1.0
2007,E07000216,C3,4,4,1.0
2007,E07000216,C4,3,2,1.5
2007,E07000216,C5,11,8,1.375
2007,E07000216,C7,15,12,1.25
2007,E07000216,C8,3,3,1.0
2007,E07000217,C2,1,1,1.0
2007,E07000217,C3,4,4,1.0
2007,E07000217,C5,5,5,1.0
2007,E07000217,C7,5,4,1.25
2007,E07000217,C8,2,2,1.0
2007,E07000218,C3,2,2,1.0
2007,E07000219,C3,2,2,1.0
2007,E07000219,C4,3,2,1.5
2007,E07000219,C5,4,4,1.0
2007,E07000219,C7,2,2,1.0
2007,E07000219,C8,3,3,1.0
2007,E07000220,C5,4,4,1.0
2007,E07000220,C6,1,1,1.0
2007,E07000220,C7,6,4,1.5
2007,E07000220,C8,3,3,1.0
2007,E07000221,C3,1,1,1.0
2007,E07000221,C4,2,2,1.0
2007,E07000221,C7,7,6,1.1666666666666667
2007,E07000221,C8,2,2,1.0
2007,E07000222,C2,1,1,1.0
2007,E07000222,C3,2,2,1.0
2007,E07000222,C4,3,3,1.0
2007,E07000222,C5,5,3,1.6666666666666667
2007,E07000222,C7,20,10,2.0
2007,E07000222,C8,6,6,1.0
2007,E07000223,C3,3,2,1.5
2007,E07000223,C5,4,2,2.0
2007,E07000224,C3,5,5,1.0
2007,E07000224,C5,7,7,1.0
2007,E07000224,C7,2,2,1.0
2007,E07000224,C8,7,6,1.1666666666666667
2007,E07000225,C3,6,3,2.0
2007,E07000225,C5,4,4,1.0
2007,E07000225,C7,6,6,1.0
2007,E07000225,C8,2,2,1.0
2007,E07000226,C2,2,2,1.0
2007,E07000226,C3,8,6,1.3333333333333333
2007,E07000226,C5,8,8,1.0
2007,E07000226,C7,7,4,1.75
2007,E07000226,C8,8,8,1.0
2007,E07000227,C2,3,1,3.0
2007,E07000227,C3,5,4,1.25
2007,E07000227,C5,2,2,1.0
2007,E07000227,C7,4,4,1.0
2007,E07000227,C8,1,1,1.0
2007,E07000228,C2,1,1,1.0
2007,E07000228,C3,3,3,1.0
2007,E07000228,C5,9,7,1.2857142857142858
2007,E07000228,C7,8,6,1.3333333333333333
2007,E07000228,C8,2,2,1.0
2007,E07000229,C1,1,1,1.0
2007,E07000229,C3,2,2,1.0
2007,E07000229,C7,5,4,1.25
2007,E07000229,C8,4,4,1.0
2007,E07000234,C2,1,1,1.0
2007,E07000234,C3,1,1,1.0
2007,E07000234,C5,3,3,1.0
2007,E07000234,C6,1,1,1.0
2007,E07000234,C7,1,1,1.0
2007,E07000234,C8,2,2,1.0
2007,E07000235,C5,4,4,1.0
2007,E07000235,C7,3,2,1.5
2007,E07000236,C2,1,1,1.0
2007,E07000236,C3,3,2,1.5
2007,E07000236,C4,1,1,1.0
2007,E07000236,C5,4,4,1.0
2007,E07000236,C7,4,3,1.3333333333333333
2007,E07000236,C8,3,3,1.0
2007,E07000237,C2,3,3,1.0
2007,E07000237,C3,1,1,1.0
2007,E07000237,C5,1,1,1.0
2007,E07000237,C6,1,1,1.0
2007,E07000237,C7,2,1,2.0
2007,E07000237,C8,1,1,1.0
2007,E07000238,C3,1,1,1.0
2007,E07000238,C5,10,6,1.6666666666666667
2007,E07000238,C7,3,3,1.0
2007,E07000239,C3,1,1,1.0
2007,E07000240,C3,3,3,1.0
2007,E07000240,C5,7,7,1.0
2007,E07000240,C6,1,1,1.0
2007,E07000240,C7,7,7,1.0
2007,E07000240,C8,1,1,1.0
2007,E07000241,C2,3,3,1.0
2007,E07000241,C3,5,5,1.0
2007,E07000241,C5,8,6,1.3333333333333333
2007,E07000241,C6,1,1,1.0
2007,E07000241,C7,12,4,3.0
2007,E07000241,C8,5,3,1.6666666666666667
2007,E07000242,C2,4,4,1.0
2007,E07000242,C3,1,1,1.0
2007,E07000242,C5,6,6,1.0
2007,E07000242,C6,2,2,1.0
2007,E07000242,C7,14,11,1.2727272727272727
2007,E07000242,C8,2,2,1.0
2007,E07000243,C3,6,2,3.0
2007,E07000243,C4,4,3,1.3333333333333333
2007,E07000243,C5,2,2,1.0
2007,E07000243,C7,2,2,1.0
2007,E07000243,C8,8,6,1.3333333333333333
2007,E07000244,C3,6,6,1.0
2007,E07000244,C5,4,4,1.0
2007,E07000244,C7,4,3,1.3333333333333333
2007,E07000244,C8,1,1,1.0
2007,E07000245,C2,1,1,1.0
2007,E07000245,C3,1,1,1.0
2007,E07000245,C5,2,2,1.0
2007,E07000245,C7,5,5,1.0
2007,E07000245,C8,2,2,1.0
2007,E07000246,C3,2,2,1.0
2007,E07000246,C5,3,2,1.5
2007,E07000246,C6,1,1,1.0
2007,E07000246,C7,1,1,1.0
2007,E08000001,C3,17,13,1.3076923076923077
2007,E08000001,C5,28,21,1.3333333333333333
2007,E08000001,C6,1,1,1.0
2007,E08000001,C7,17,15,1.1333333333333333
2007,E08000001,C8,4,3,1.3333333333333333
2007,E08000002,C3,4,4,1.0
2007,E08000002,C5,6,6,1.0
2007,E08000002,C6,1,1,1.0
2007,E08000002,C7,7,7,1.0
2007,E08000002,C8,2,2,1.0
2007,E08000003,C2,2,2,1.0
2007,E08000003,C3,27,20,1.35
2007,E08000003,C4,8,6,1.3333333333333333
2007,E08000003,C5,21,16,1.3125
2007,E08000003,C6,1,1,1.0
2007,E08000003,C7,18,14,1.2857142857142858
2007,E08000003,C8,3,3,1.0
2007,E08000004,C3,3,3,1.0
2007,E08000004,C4,1,1,1.0
2007,E08000004,C5,3,3,1.0
2007,E08000004,C7,4,4,1.0
2007,E08000004,C8,2,2,1.0
2007,E08000005,C2,2,2,1.0
2007,E08000005,C3,8,8,1.0
2007,E08000005,C5,1,1,1.0
2007,E08000005,C7,4,4,1.0
2007,E08000005,C8,5,3,1.6666666666666667
2007,E08000006,C2,2,2,1.0
2007,E08000006,C3,12,9,1.3333333333333333
2007,E08000006,C4,1,1,1.0
2007,E08000006,C5,10,10,1.0
2007,E08000006,C6,1,1,1.0
2007,E08000006,C7,22,11,2.0
2007,E08000006,C8,2,2,1.0
2007,E08000007,C2,3,3,1.0
2007,E08000007,C3,4,4,1.0
2007,E08000007,C5,7,7,1.0
2007,E08000007,C7,21,15,1.4
2007,E08000007,C8,8,7,1.1428571428571428
2007,E08000008,C2,1,1,1.0
2007,E08000008,C3,10,7,1.4285714285714286
2007,E08000008,C4,2,2,1.0
2007,E08000008,C5,2,2,1.0
2007,E08000008,C7,7,6,1.1666666666666667
2007,E08000008,C8,4,3,1.3333333333333333
2007,E08000009,C2,1,1,1.0
2007,E08000009,C3,5,4,1.25
2007,E08000009,C5,7,7,1.0
2007,E08000009,C7,4,4,1.0
2007,E08000009,C8,1,1,1.0
2007,E08000010,C2,1,1,1.0
2007,E08000010,C3,17,15,1.1333333333333333
2007,E08000010,C5,10,8,1.25
2007,E08000010,C6,4,2,2.0
2007,E08000010,C7,13,12,1.0833333333333333
2007,E08000010,C8,5,5,1.0
2007,E08000011,C3,3,3,1.0
2007,E08000011,C5,2,2,1.0
2007,E08000011,C7,4,3,1.3333333333333333
2007,E08000011,C8,2,2,1.0
2007,E08000012,C2,2,2,1.0
2007,E08000012,C3,14,14,1.0
2007,E08000012,C4,1,1,1.0
2007,E08000012,C5,4,4,1.0
2007,E08000012,C7,10,7,1.4285714285714286
2007,E08000013,C3,1,1,1.0
2007,E08000013,C5,3,2,1.5
2007,E08000013,C7,3,1,3.0
2007,E08000014,C2,1,1,1.0
2007,E08000014,C3,2,2,1.0
2007,E08000014,C4,2,2,1.0
2007,E08000014,C5,3,2,1.5
2007,E08000014,C7,8,3,2.6666666666666665
2007,E08000014,C8,2,2,1.0
2007,E08000015,C3,11,10,1.1
2007,E08000015,C4,4,4,1.0
2007,E08000015,C5,4,4,1.0
2007,E08000015,C7,6,5,1.2
2007,E08000015,C8,2,2,1.0
2007,E08000016,C2,8,7,1.1428571428571428
2007,E08000016,C3,16,11,1.4545454545454546
2007,E08000016,C4,5,5,1.0
2007,E08000016,C5,17,14,1.2142857142857142
2007,E08000016,C7,18,15,1.2
2007,E08000016,C8,2,2,1.0
2007,E08000017,C3,10,10,1.0
2007,E08000017,C5,7,6,1.1666666666666667
2007,E08000017,C6,1,1,1.0
2007,E08000017,C7,18,18,1.0
2007,E08000017,C8,2,2,1.0
2007,E08000018,C2,21,6,3.5
2007,E08000018,C3,32,11,2.909090909090909
2007,E08000018,C4,10,3,3.3333333333333335
2007,E08000018,C5,7,5,1.4
2007,E08000018,C6,8,2,4.0
2007,E08000018,C7,48,11,4.363636363636363
2007,E08000018,C8,1,1,1.0
2007,E08000019,C2,8,8,1.0
2007,E08000019,C3,26,23,1.1304347826086956
2007,E08000019,C4,14,9,1.5555555555555556
2007,E08000019,C5,24,20,1.2
2007,E08000019,C6,1,1,1.0
2007,E08000019,C7,34,30,1.1333333333333333
2007,E08000019,C8,12,10,1.2
2007,E08000021,C2,4,3,1.3333333333333333
2007,E08000021,C3,11,9,1.2222222222222223
2007,E08000021,C4,2,2,1.0
2007,E08000021,C5,15,6,2.5
2007,E08000021,C6,1,1,1.0
2007,E08000021,C7,7,7,1.0
2007,E08000021,C8,2,2,1.0
2007,E08000022,C5,6,6,1.0
2007,E08000022,C7,1,1,1.0
2007,E08000023,C3,4,3,1.3333333333333333
2007,E08000023,C5,2,2,1.0
2007,E08000023,C8,1,1,1.0
2007,E08000024,C2,4,3,1.3333333333333333
2007,E08000024,C3,2,2,1.0
2007,E08000024,C4,3,3,1.0
2007,E08000024,C5,5,5,1.0
2007,E08000024,C6,1,1,1.0
2007,E08000024,C7,1,1,1.0
2007,E08000025,C2,7,4,1.75
2007,E08000025,C3,28,24,1.1666666666666667
2007,E08000025,C4,10,9,1.1111111111111112
2007,E08000025,C5,21,20,1.05
2007,E08000025,C6,1,1,1.0
2007,E08000025,C7,45,19,2.3684210526315788
2007,E08000025,C8,11,10,1.1
2007,E08000026,C2,3,3,1.0
2007,E08000026,C3,8,7,1.1428571428571428
2007,E08000026,C4,1,1,1.0
2007,E08000026,C5,8,7,1.1428571428571428
2007,E08000026,C7,9,8,1.125
2007,E08000026,C8,1,1,1.0
2007,E08000027,C3,6,4,1.5
2007,E08000027,C4,1,1,1.0
2007,E08000027,C5,7,6,1.1666666666666667
2007,E08000027,C7,4,4,1.0
2007,E08000027,C8,5,5,1.0
2007,E08000028,C3,7,5,1.4
2007,E08000028,C4,1,1,1.0
2007,E08000028,C5,6,6,1.0
2007,E08000028,C6,1,1,1.0
2007,E08000028,C7,6,6,1.0
2007,E08000028,C8,2,2,1.0
2007,E08000029,C2,3,3,1.0
2007,E08000029,C3,3,3,1.0
2007,E08000029,C4,3,3,1.0
2007,E08000029,C5,3,3,1.0
2007,E08000029,C6,1,1,1.0
2007,E08000029,C7,5,5,1.0
2007,E08000030,C2,2,2,1.0
2007,E08000030,C3,9,2,4.5
2007,E08000030,C5,6,6,1.0
2007,E08000030,C7,6,4,1.5
2007,E08000030,C8,1,1,1.0
2007,E08000031,C3,3,3,1.0
2007,E08000031,C4,1,1,1.0
2007,E08000031,C5,2,2,1.0
2007,E08000031,C7,2,2,1.0
2007,E08000032,C2,3,3,1.0
2007,E08000032,C3,21,19,1.105263157894737
2007,E08000032,C5,23,21,1.0952380952380953
2007,E08000032,C6,1,1,1.0
2007,E08000032,C7,26,25,1.04
2007,E08000032,C8,6,6,1.0
2007,E08000033,C2,4,2,2.0
2007,E08000033,C3,11,9,1.2222222222222223
2007,E08000033,C4,3,1,3.0
2007,E08000033,C5,8,8,1.0
2007,E08000033,C7,17,8,2.125
2007,E08000033,C8,2,2,1.0
2007,E08000034,C3,9,9,1.0
2007,E08000034,C4,1,1,1.0
2007,E08000034,C5,11,11,1.0
2007,E08000034,C7,7,7,1.0
2007,E08000034,C8,1,1,1.0
2007,E08000035,C2,2,2,1.0
2007,E08000035,C3,32,28,1.1428571428571428
2007,E08000035,C4,6,5,1.2
2007,E08000035,C5,31,29,1.0689655172413792
2007,E08000035,C6,2,1,2.0
2007,E08000035,C7,42,36,1.1666666666666667
2007,E08000035,C8,14,13,1.0769230769230769
2007,E08000036,C3,1,1,1.0
2007,E08000036,C4,2,1,2.0
2007,E08000036,C5,6,6,1.0
2007,E08000036,C7,2,2,1.0
2007,E08000036,C8,1,1,1.0
2007,E08000037,C3,4,4,1.0
2007,E08000037,C4,1,1,1.0
2007,E08000037,C5,8,8,1.0
2007,E08000037,C7,5,5,1.0
2007,E08000037,C8,4,4,1.0
2007,E09000001,C3,8,2,4.0
2007,E09000001,C4,9,1,9.0
2007,E09000001,C5,8,6,1.3333333333333333
2007,E09000001,C7,21,6,3.5
2007,E09000001,C8,2,2,1.0
2007,E09000002,C3,7,4,1.75
2007,E09000002,C4,1,1,1.0
2007,E09000002,C5,5,3,1.6666666666666667
2007,E09000002,C7,11,4,2.75
2007,E09000002,C8,1,1,1.0
2007,E09000003,C2,8,6,1.3333333333333333
2007,E09000003,C3,10,10,1.0
2007,E09000003,C4,10,8,1.25
2007,E09000003,C5,25,13,1.9230769230769231
2007,E09000003,C6,1,1,1.0
2007,E09000003,C7,20,14,1.4285714285714286
2007,E09000003,C8,11,10,1.1
2007,E09000004,C2,1,1,1.0
2007,E09000004,C3,6,5,1.2
2007,E09000004,C4,2,2,1.0
2007,E09000004,C5,5,5,1.0
2007,E09000004,C7,1,1,1.0
2007,E09000004,C8,1,1,1.0
2007,E09000005,C2,1,1,1.0
2007,E09000005,C3,9,7,1.2857142857142858
2007,E09000005,C4,3,2,1.5
2007,E09000005,C5,13,10,1.3
2007,E09000005,C7,10,10,1.0
2007,E09000005,C8,5,5,1.0
2007,E09000006,C2,1,1,1.0
2007,E09000006,C3,6,6,1.0
2007,E09000006,C4,1,1,1.0
2007,E09000006,C5,11,8,1.375
2007,E09000006,C7,6,5,1.2
2007,E09000006,C8,12,12,1.0
2007,E09000007,C2,1,1,1.0
2007,E09000007,C3,3,3,1.0
2007,E09000007,C4,6,3,2.0
2007,E09000007,C5,26,14,1.8571428571428572
2007,E09000007,C6,2,2,1.0
2007,E09000007,C7,19,16,1.1875
2007,E09000007,C8,2,2,1.0
2007,E09000008,C2,2,2,1.0
2007,E09000008,C3,5,5,1.0
2007,E09000008,C4,2,2,1.0
2007,E09000008,C5,8,7,1.1428571428571428
2007,E09000008,C7,9,7,1.2857142857142858
2007,E09000008,C8,4,3,1.3333333333333333
2007,E09000009,C2,6,4,1.5
2007,E09000009,C3,39,23,1.6956521739130435
2007,E09000009,C4,21,8,2.625
2007,E09000009,C5,33,24,1.375
2007,E09000009,C6,3,3,1.0
2007,E09000009,C7,41,23,1.7826086956521738
2007,E09000009,C8,7,7,1.0
2007,E09000010,C2,1,1,1.0
2007,E09000010,C3,10,7,1.4285714285714286
2007,E09000010,C4,3,3,1.0
2007,E09000010,C5,3,2,1.5
2007,E09000010,C7,9,7,1.2857142857142858
2007,E09000010,C8,5,5,1.0
2007,E09000011,C2,1,1,1.0
2007,E09000011,C3,9,8,1.125
2007,E09000011,C4,4,4,1.0
2007,E09000011,C5,5,5,1.0
2007,E09000011,C6,3,3,1.0
2007,E09000011,C7,7,7,1.0
2007,E09000011,C8,7,7,1.0
2007,E09000012,C2,2,2,1.0
2007,E09000012,C3,16,12,1.3333333333333333
2007,E09000012,C4,10,6,1.6666666666666667
2007,E09000012,C5,26,20,1.3
2007,E09000012,C7,14,12,1.1666666666666667
2007,E09000012,C8,2,2,1.0
2007,E09000013,C1,1,1,1.0
2007,E09000013,C3,14,14,1.0
2007,E09000013,C4,3,2,1.5
2007,E09000013,C5,13,13,1.0
2007,E09000013,C6,1,1,1.0
2007,E09000013,C7,4,4,1.0
2007,E09000013,C8,5,5,1.0
2007,E09000014,C2,2,1,2.0
2007,E09000014,C3,22,18,1.2222222222222223
2007,E09000014,C4,4,3,1.3333333333333333
2007,E09000014,C5,32,24,1.3333333333333333
2007,E09000014,C6,1,1,1.0
2007,E09000014,C7,24,18,1.3333333333333333
2007,E09000014,C8,10,10,1.0
2007,E09000015,C2,3,3,1.0
2007,E09000015,C3,3,3,1.0
2007,E09000015,C4,3,3,1.0
2007,E09000015,C5,5,5,1.0
2007,E09000015,C6,1,1,1.0
2007,E09000015,C7,6,4,1.5
2007,E09000015,C8,8,7,1.1428571428571428
2007,E09000016,C2,1,1,1.0
2007,E09000016,C3,9,9,1.0
2007,E09000016,C4,3,3,1.0
2007,E09000016,C5,6,5,1.2
2007,E09000016,C7,1,1,1.0
2007,E09000016,C8,1,1,1.0
2007,E09000017,C2,1,1,1.0
2007,E09000017,C3,7,7,1.0
2007,E09000017,C4,11,4,2.75
2007,E09000017,C5,1,1,1.0
2007,E09000017,C7,5,4,1.25
2007,E09000017,C8,3,3,1.0
2007,E09000018,C2,5,3,1.6666666666666667
2007,E09000018,C3,10,9,1.1111111111111112
2007,E09000018,C4,10,3,3.3333333333333335
2007,E09000018,C5,32,23,1.391304347826087
2007,E09000018,C6,2,2,1.0
2007,E09000018,C7,30,20,1.5
2007,E09000018,C8,10,10,1.0
2007,E09000019,C2,5,4,1.25
2007,E09000019,C3,91,18,5.055555555555555
2007,E09000019,C4,63,4,15.75
2007,E09000019,C5,36,20,1.8
2007,E09000019,C6,11,4,2.75
2007,E09000019,C7,82,21,3.9047619047619047
2007,E09000019,C8,3,2,1.5
2007,E09000020,C3,4,3,1.3333333333333333
2007,E09000020,C4,1,1,1.0
2007,E09000020,C5,1,1,1.0
2007,E09000020,C7,20,3,6.666666666666667
2007,E09000021,C3,7,7,1.0
2007,E09000021,C4,4,4,1.0
2007,E09000021,C5,11,8,1.375
2007,E09000021,C6,1,1,1.0
2007,E09000021,C7,10,10,1.0
2007,E09000021,C8,10,9,1.1111111111111112
2007,E09000022,C1,1,1,1.0
2007,E09000022,C2,6,6,1.0
2007,E09000022,C3,50,33,1.5151515151515151
2007,E09000022,C4,3,3,1.0
2007,E09000022,C5,61,43,1.4186046511627908
2007,E09000022,C6,2,2,1.0
2007,E09000022,C7,61,40,1.525
2007,E09000022,C8,10,9,1.1111111111111112
2007,E09000023,C2,2,2,1.0
2007,E09000023,C3,21,12,1.75
2007,E09000023,C4,1,1,1.0
2007,E09000023,C5,22,13,1.6923076923076923
2007,E09000023,C6,1,1,1.0
2007,E09000023,C7,7,7,1.0
2007,E09000023,C8,15,13,1.1538461538461537
2007,E09000024,C3,18,10,1.8
2007,E09000024,C4,2,2,1.0
2007,E09000024,C5,10,8,1.25
2007,E09000024,C7,10,9,1.1111111111111112
2007,E09000024,C8,7,7,1.0
2007,E09000025,C3,16,12,1.3333333333333333
2007,E09000025,C5,12,8,1.5
2007,E09000025,C7,7,5,1.4
2007,E09000025,C8,4,4,1.0
2007,E09000026,C2,2,2,1.0
2007,E09000026,C3,23,22,1.0454545454545454
2007,E09000026,C4,6,5,1.2
2007,E09000026,C5,12,11,1.0909090909090908
2007,E09000026,C6,1,1,1.0
2007,E09000026,C7,11,7,1.5714285714285714
2007,E09000026,C8,17,16,1.0625
2007,E09000027,C2,2,2,1.0
2007,E09000027,C3,5,5,1.0
2007,E09000027,C4,1,1,1.0
2007,E09000027,C5,20,14,1.4285714285714286
2007,E09000027,C7,15,12,1.25
2007,E09000027,C8,5,5,1.0
2007,E09000028,C2,1,1,1.0
2007,E09000028,C3,23,12,1.9166666666666667
2007,E09000028,C4,3,3,1.0
2007,E09000028,C5,26,21,1.2380952380952381
2007,E09000028,C6,1,1,1.0
2007,E09000028,C7,39,16,2.4375
2007,E09000028,C8,6,6,1.0
2007,E09000029,C2,2,2,1.0
2007,E09000029,C3,5,5,1.0
2007,E09000029,C4,1,1,1.0
2007,E09000029,C5,11,11,1.0
2007,E09000029,C6,1,1,1.0
2007,E09000029,C7,3,3,1.0
2007,E09000029,C8,4,4,1.0
2007,E09000030,C2,1,1,1.0
2007,E09000030,C3,7,6,1.1666666666666667
2007,E09000030,C4,4,3,1.3333333333333333
2007,E09000030,C5,10,10,1.0
2007,E09000030,C6,1,1,1.0
2007,E09000030,C7,8,6,1.3333333333333333
2007,E09000031,C2,1,1,1.0
2007,E09000031,C3,18,17,1.0588235294117647
2007,E09000031,C4,6,5,1.2
2007,E09000031,C5,6,6,1.0
2007,E09000031,C7,8,6,1.3333333333333333
2007,E09000031,C8,2,2,1.0
2007,E09000032,C2,9,5,1.8
2007,E09000032,C3,52,29,1.793103448275862
2007,E09000032,C4,17,7,2.4285714285714284
2007,E09000032,C5,32,22,1.4545454545454546
2007,E09000032,C6,1,1,1.0
2007,E09000032,C7,31,21,1.4761904761904763
2007,E09000032,C8,10,10,1.0
2007,E09000033,C2,2,2,1.0
2007,E09000033,C3,4,4,1.0
2007,E09000033,C5,15,13,1.1538461538461537
2007,E09000033,C7,17,9,1.8888888888888888
2007,S12000005,C3,3,2,1.5
2007,S12000005,C5,1,1,1.0
2007,S12000005,C7,2,1,2.0
2007,S12000005,C8,1,1,1.0
2007,S12000006,C7,1,1,1.0
2007,S12000006,C8,1,1,1.0
2007,S12000008,C2,1,1,1.0
2007,S12000008,C3,2,2,1.0
2007,S12000008,C7,2,2,1.0
2007,S12000010,C3,3,3,1.0
2007,S12000010,C5,2,2,1.0
2007,S12000010,C6,1,1,1.0
2007,S12000010,C7,3,3,1.0
2007,S12000011,C4,3,2,1.5
2007,S12000011,C7,8,7,1.1428571428571428
2007,S12000013,C7,1,1,1.0
2007,S12000014,C2,7,6,1.1666666666666667
2007,S12000014,C3,16,15,1.0666666666666667
2007,S12000014,C4,5,5,1.0
2007,S12000014,C5,15,14,1.0714285714285714
2007,S12000014,C6,2,2,1.0
2007,S12000014,C7,110,89,1.2359550561797752
2007,S12000014,C8,6,6,1.0
2007,S12000017,C3,8,6,1.3333333333333333
2007,S12000017,C5,5,5,1.0
2007,S12000017,C7,1,1,1.0
2007,S12000017,C8,4,4,1.0
2007,S12000018,C3,3,3,1.0
2007,S12000018,C4,1,1,1.0
2007,S12000018,C7,3,3,1.0
2007,S12000019,C3,2,2,1.0
2007,S12000019,C5,1,1,1.0
2007,S12000019,C7,1,1,1.0
2007,S12000019,C8,1,1,1.0
2007,S12000020,C3,4,3,1.3333333333333333
2007,S12000020,C4,1,1,1.0
2007,S12000020,C5,4,4,1.0
2007,S12000020,C7,2,1,2.0
2007,S12000021,C3,5,5,1.0
2007,S12000021,C5,4,4,1.0
2007,S12000021,C7,3,2,1.5
2007,S12000021,C8,1,1,1.0
2007,S12000028,C3,7,4,1.75
2007,S12000028,C4,1,1,1.0
2007,S12000028,C5,3,3,1.0
2007,S12000028,C7,4,4,1.0
2007,S12000028,C8,1,1,1.0
2007,S12000029,C3,5,5,1.0
2007,S12000029,C5,6,6,1.0
2007,S12000029,C7,9,8,1.125
2007,S12000029,C8,1,1,1.0
2007,S12000030,C2,2,2,1.0
2007,S12000030,C3,3,1,3.0
2007,S12000030,C5,3,3,1.0
2007,S12000030,C7,16,12,1.3333333333333333
2007,S12000030,C8,1,1,1.0
2007,S12000033,C3,2,2,1.0
2007,S12000033,C4,1,1,1.0
2007,S12000033,C5,5,5,1.0
2007,S12000033,C6,1,1,1.0
2007,S12000033,C7,6,5,1.2
2007,S12000033,C8,2,2,1.0
2007,S12000034,C3,2,2,1.0
2007,S12000034,C4,1,1,1.0
2007,S12000034,C7,4,3,1.3333333333333333
2007,S12000035,C3,1,1,1.0
2007,S12000035,C5,1,1,1.0
2007,S12000035,C7,8,8,1.0
2007,S12000036,C1,1,1,1.0
2007,S12000036,C2,4,3,1.3333333333333333
2007,S12000036,C3,36,29,1.2413793103448276
2007,S12000036,C4,25,10,2.5
2007,S12000036,C5,25,20,1.25
2007,S12000036,C6,4,3,1.3333333333333333
2007,S12000036,C7,57,31,1.8387096774193548
2007,S12000036,C8,10,10,1.0
2007,S12000038,C2,4,4,1.0
2007,S12000038,C3,5,5,1.0
2007,S12000038,C4,2,2,1.0
2007,S12000038,C5,16,10,1.6
2007,S12000038,C7,24,15,1.6
2007,S12000038,C8,1,1,1.0
2007,S12000039,C3,2,2,1.0
2007,S12000039,C5,3,3,1.0
2007,S12000039,C7,4,4,1.0
2007,S12000039,C8,1,1,1.0
2007,S12000040,C2,1,1,1.0
2007,S12000040,C3,1,1,1.0
2007,S12000040,C4,1,1,1.0
2007,S12000040,C7,4,3,1.3333333333333333
2007,S12000040,C8,3,1,3.0
2007,S12000041,C3,3,3,1.0
2007,S12000042,C3,2,2,1.0
2007,S12000042,C4,2,2,1.0
2007,S12000042,C5,3,3,1.0
2007,S12000045,C2,1,1,1.0
2007,S12000045,C3,2,2,1.0
2007,S12000045,C5,4,3,1.3333333333333333
2007,S12000045,C6,4,2,2.0
2007,S12000045,C7,14,4,3.5
2007,S12000045,C8,1,1,1.0
2007,S12000047,C3,12,12,1.0
2007,S12000047,C5,6,6,1.0
2007,S12000047,C7,9,6,1.5
2007,S12000047,C8,4,4,1.0
2007,S12000048,C3,3,3,1.0
2007,S12000048,C7,8,8,1.0
2007,S12000048,C8,3,3,1.0
2007,S12000049,C2,2,2,1.0
2007,S12000049,C3,29,24,1.2083333333333333
2007,S12000049,C4,5,5,1.0
2007,S12000049,C5,31,25,1.24
2007,S12000049,C6,1,1,1.0
2007,S12000049,C7,24,19,1.263157894736842
2007,S12000049,C8,2,2,1.0
2007,S12000050,C2,1,1,1.0
2007,S12000050,C3,5,5,1.0
2007,S12000050,C4,1,1,1.0
2007,S12000050,C5,8,7,1.1428571428571428
2007,S12000050,C7,8,7,1.1428571428571428
2007,S12000050,C8,1,1,1.0
2007,W06000001,C3,2,2,1.0
2007,W06000001,C5,1,1,1.0
2007,W06000001,C7,2,2,1.0
2007,W06000002,C3,5,5,1.0
2007,W06000002,C4,1,1,1.0
2007,W06000002,C5,1,1,1.0
2007,W06000003,C3,1,1,1.0
2007,W06000003,C7,1,1,1.0
2007,W06000003,C8,2,2,1.0
2007,W06000004,C2,2,2,1.0
2007,W06000004,C3,3,3,1.0
2007,W06000004,C5,6,4,1.5
2007,W06000005,C5,1,1,1.0
2007,W06000005,C7,1,1,1.0
2007,W06000006,C3,4,3,1.3333333333333333
2007,W06000006,C5,3,3,1.0
2007,W06000006,C7,2,2,1.0
2007,W06000006,C8,1,1,1.0
2007,W06000008,C7,3,3,1.0
2007,W06000009,C3,5,3,1.6666666666666667
2007,W06000009,C7,11,5,2.2
2007,W06000009,C8,1,1,1.0
2007,W06000010,C3,2,2,1.0
2007,W06000010,C5,2,2,1.0
2007,W06000010,C6,3,2,1.5
2007,W06000010,C7,9,5,1.8
2007,W06000010,C8,3,3,1.0
2007,W06000011,C3,6,4,1.5
2007,W06000011,C5,3,3,1.0
2007,W06000011,C7,4,4,1.0
2007,W06000011,C8,5,4,1.25
2007,W06000012,C5,1,1,1.0
2007,W06000012,C7,1,1,1.0
2007,W06000013,C2,1,1,1.0
2007,W06000013,C3,3,3,1.0
2007,W06000013,C4,2,1,2.0
2007,W06000013,C5,10,6,1.6666666666666667
2007,W06000013,C7,3,3,1.0
2007,W06000014,C3,4,4,1.0
2007,W06000014,C5,4,4,1.0
2007,W06000014,C7,6,5,1.2
2007,W06000014,C8,3,3,1.0
2007,W06000015,C3,6,6,1.0
2007,W06000015,C4,5,5,1.0
2007,W06000015,C5,8,8,1.0
2007,W06000015,C7,9,7,1.2857142857142858
2007,W06000015,C8,4,3,1.3333333333333333
2007,W06000016,C2,1,1,1.0
2007,W06000016,C3,4,4,1.0
2007,W06000016,C4,2,2,1.0
2007,W06000016,C5,12,8,1.5
2007,W06000016,C7,3,3,1.0
2007,W06000016,C8,1,1,1.0
2007,W06000018,C3,3,3,1.0
2007,W06000018,C4,11,3,3.6666666666666665
2007,W06000018,C5,1,1,1.0
2007,W06000018,C6,1,1,1.0
2007,W06000018,C7,4,3,1.3333333333333333
2007,W06000019,C3,1,1,1.0
2007,W06000019,C4,1,1,1.0
2007,W06000019,C6,1,1,1.0
2007,W06000020,C3,1,1,1.0
2007,W06000020,C5,2,2,1.0
2007,W06000020,C7,1,1,1.0
2007,W06000021,C3,1,1,1.0
2007,W06000021,C7,2,2,1.0
2007,W06000022,C5,4,4,1.0
2007,W06000022,C7,8,6,1.3333333333333333
2007,W06000022,C8,1,1,1.0
2007,W06000023,C3,3,2,1.5
2007,W06000024,C4,1,1,1.0
2007,W06000024,C5,1,1,1.0
2007,W06000024,C7,4,3,1.3333333333333333
2007,W06000024,C8,1,1,1.0
