lad,SHEF_B_CODE,reports,unique_users,average_per_user
E06000003,B1,1,1,1.0
E06000004,B1,2,2,1.0
E06000005,B1,1,1,1.0
E06000013,B1,1,1,1.0
E06000022,B1,21,19,1.105263157894737
E06000024,B1,1,1,1.0
E06000025,B1,2,2,1.0
E06000027,B1,2,2,1.0
E06000030,B1,3,2,1.5
E06000031,B1,28,27,1.037037037037037
E06000032,B1,16,14,1.1428571428571428
E06000035,B1,3,2,1.5
E06000038,B1,3,3,1.0
E06000039,B1,1,1,1.0
E06000043,B1,1,1,1.0
E06000044,B1,1,1,1.0
E06000046,B1,37,18,2.0555555555555554
E06000052,B1,2,2,1.0
E06000054,B1,1,1,1.0
E06000055,B1,7,5,1.4
E06000056,B1,5,5,1.0
E06000060,B1,31,29,1.0689655172413792
E07000008,B1,1,1,1.0
E07000009,B1,3,3,1.0
E07000010,B1,2,2,1.0
E07000011,B1,4,4,1.0
E07000012,B1,1,1,1.0
E07000034,B1,1,1,1.0
E07000036,B1,1,1,1.0
E07000062,B1,1,1,1.0
E07000063,B1,1,1,1.0
E07000067,B1,1,1,1.0
E07000068,B1,2,2,1.0
E07000072,B1,2,2,1.0
E07000084,B1,1,1,1.0
E07000088,B1,1,1,1.0
E07000089,B1,16,15,1.0666666666666667
E07000090,B1,1,1,1.0
E07000091,B1,2,2,1.0
E07000094,B1,2,2,1.0
E07000096,B1,1,1,1.0
E07000102,B1,1,1,1.0
E07000105,B1,2,1,2.0
E07000109,B1,2,2,1.0
E07000111,B1,4,1,4.0
E07000112,B1,3,3,1.0
E07000113,B1,4,3,1.3333333333333333
E07000115,B1,1,1,1.0
E07000116,B1,1,1,1.0
E07000120,B1,1,1,1.0
E07000125,B1,2,1,2.0
E07000136,B1,1,1,1.0
E07000139,B1,2,2,1.0
E07000144,B1,1,1,1.0
E07000147,B1,1,1,1.0
E07000150,B1,1,1,1.0
E07000153,B1,1,1,1.0
E07000174,B1,2,2,1.0
E07000175,B1,1,1,1.0
E07000177,B1,3,3,1.0
E07000178,B1,3,3,1.0
E07000179,B1,5,5,1.0
E07000180,B1,1,1,1.0
E07000181,B1,3,3,1.0
E07000187,B1,1,1,1.0
E07000192,B1,2,2,1.0
E07000194,B1,1,1,1.0
E07000195,B1,1,1,1.0
E07000202,B1,1,1,1.0
E07000207,B1,1,1,1.0
E07000209,B1,2,2,1.0
E07000210,B1,1,1,1.0
E07000211,B1,1,1,1.0
E07000213,B1,1,1,1.0
E07000214,B1,1,1,1.0
E07000215,B1,2,2,1.0
E07000217,B1,3,2,1.5
E07000218,B1,1,1,1.0
E07000220,B1,1,1,1.0
E07000222,B1,3,3,1.0
E07000229,B1,1,1,1.0
E07000236,B1,1,1,1.0
E07000240,B1,1,1,1.0
E07000243,B1,21,20,1.05
E07000244,B1,2,2,1.0
E07000245,B1,2,1,2.0
E08000001,B1,2,1,2.0
E08000002,B1,2,2,1.0
E08000003,B1,8,2,4.0
E08000004,B1,2,2,1.0
E08000005,B1,1,1,1.0
E08000008,B1,1,1,1.0
E08000011,B1,1,1,1.0
E08000014,B1,1,1,1.0
E08000016,B1,2,2,1.0
E08000019,B1,3,3,1.0
E08000025,B1,8,8,1.0
E08000026,B1,1,1,1.0
E08000027,B1,1,1,1.0
E08000029,B1,2,2,1.0
E08000030,B1,1,1,1.0
E08000031,B1,3,3,1.0
E08000032,B1,1,1,1.0
E09000003,B1,7,7,1.0
E09000004,B1,56,53,1.0566037735849056
E09000006,B1,79,78,1.0128205128205128
E09000008,B1,2,2,1.0
E09000010,B1,6,6,1.0
E09000011,B1,59,48,1.2291666666666667
E09000012,B1,4,2,2.0
E09000013,B1,1,1,1.0
E09000015,B1,2,2,1.0
E09000017,B1,3,3,1.0
E09000018,B1,23,14,1.6428571428571428
E09000019,B1,2,2,1.0
E09000021,B1,3,3,1.0
E09000022,B1,2,2,1.0
E09000023,B1,24,21,1.1428571428571428
E09000024,B1,1,1,1.0
E09000028,B1,2,2,1.0
E09000031,B1,2,2,1.0
E09000032,B1,2,2,1.0
E09000033,B1,39,7,5.571428571428571
S12000005,B1,1,1,1.0
S12000033,B1,1,1,1.0
S12000036,B1,2,2,1.0
S12000038,B1,1,1,1.0
S12000040,B1,1,1,1.0
S12000048,B1,1,1,1.0
S12000049,B1,6,5,1.2
S12000050,B1,1,1,1.0
W06000001,B1,1,1,1.0
W06000002,B1,1,1,1.0
W06000005,B1,1,1,1.0
W06000009,B1,1,1,1.0
W06000014,B1,1,1,1.0
W06000018,B1,1,1,1.0
W06000023,B1,1,1,1.0
E06000023,B11,1,1,1.0
E07000156,B11,1,1,1.0
E06000021,B12,5,5,1.0
E06000031,B12,10,9,1.1111111111111112
E06000046,B12,17,7,2.4285714285714284
E06000049,B12,8,1,8.0
E07000085,B12,1,1,1.0
E07000137,B12,2,2,1.0
E07000139,B12,2,1,2.0
E07000141,B12,1,1,1.0
E07000142,B12,1,1,1.0
E07000154,B12,1,1,1.0
E07000179,B12,4,1,4.0
E07000180,B12,1,1,1.0
E07000181,B12,1,1,1.0
E07000220,B12,2,2,1.0
E07000221,B12,1,1,1.0
E09000017,B12,1,1,1.0
E09000018,B12,3,3,1.0
E09000029,B12,1,1,1.0
E09000033,B12,12,6,2.0
E06000001,B13,1,1,1.0
E06000004,B13,2,2,1.0
E06000006,B13,1,1,1.0
E06000007,B13,2,2,1.0
E06000008,B13,1,1,1.0
E06000010,B13,1,1,1.0
E06000014,B13,1,1,1.0
E06000015,B13,1,1,1.0
E06000019,B13,1,1,1.0
E06000023,B13,9,9,1.0
E06000024,B13,1,1,1.0
E06000025,B13,5,5,1.0
E06000026,B13,1,1,1.0
E06000030,B13,2,2,1.0
E06000032,B13,6,5,1.2
E06000034,B13,2,2,1.0
E06000035,B13,3,3,1.0
E06000036,B13,3,3,1.0
E06000038,B13,5,5,1.0
E06000040,B13,5,5,1.0
E06000041,B13,9,7,1.2857142857142858
E06000042,B13,1,1,1.0
E06000047,B13,1,1,1.0
E06000051,B13,10,6,1.6666666666666667
E06000052,B13,3,3,1.0
E06000057,B13,2,2,1.0
E06000059,B13,2,2,1.0
E07000027,B13,1,1,1.0
E07000028,B13,2,2,1.0
E07000032,B13,2,2,1.0
E07000033,B13,1,1,1.0
E07000035,B13,2,2,1.0
E07000036,B13,2,1,2.0
E07000037,B13,1,1,1.0
E07000038,B13,2,2,1.0
E07000063,B13,1,1,1.0
E07000064,B13,4,4,1.0
E07000067,B13,1,1,1.0
E07000073,B13,1,1,1.0
E07000075,B13,1,1,1.0
E07000078,B13,2,2,1.0
E07000080,B13,2,2,1.0
E07000081,B13,3,3,1.0
E07000082,B13,6,2,3.0
E07000083,B13,2,2,1.0
E07000084,B13,5,4,1.25
E07000085,B13,2,2,1.0
E07000088,B13,1,1,1.0
E07000089,B13,4,3,1.3333333333333333
E07000090,B13,1,1,1.0
E07000091,B13,2,2,1.0
E07000092,B13,2,2,1.0
E07000093,B13,1,1,1.0
E07000094,B13,2,2,1.0
E07000095,B13,1,1,1.0
E07000096,B13,1,1,1.0
E07000098,B13,1,1,1.0
E07000099,B13,2,2,1.0
E07000102,B13,2,2,1.0
E07000105,B13,1,1,1.0
E07000106,B13,2,2,1.0
E07000107,B13,1,1,1.0
E07000109,B13,1,1,1.0
E07000110,B13,1,1,1.0
E07000111,B13,15,2,7.5
E07000113,B13,10,3,3.3333333333333335
E07000115,B13,1,1,1.0
E07000116,B13,1,1,1.0
E07000117,B13,1,1,1.0
E07000118,B13,1,1,1.0
E07000121,B13,3,3,1.0
E07000122,B13,1,1,1.0
E07000126,B13,1,1,1.0
E07000128,B13,1,1,1.0
E07000129,B13,2,1,2.0
E07000130,B13,2,2,1.0
E07000131,B13,1,1,1.0
E07000134,B13,6,1,6.0
E07000144,B13,3,3,1.0
E07000146,B13,1,1,1.0
E07000147,B13,1,1,1.0
E07000163,B13,1,1,1.0
E07000164,B13,1,1,1.0
E07000165,B13,2,2,1.0
E07000167,B13,3,2,1.5
E07000168,B13,1,1,1.0
E07000169,B13,1,1,1.0
E07000171,B13,1,1,1.0
E07000173,B13,2,2,1.0
E07000175,B13,1,1,1.0
E07000176,B13,4,3,1.3333333333333333
E07000177,B13,25,17,1.4705882352941178
E07000178,B13,13,9,1.4444444444444444
E07000179,B13,31,26,1.1923076923076923
E07000180,B13,11,11,1.0
E07000181,B13,11,11,1.0
E07000187,B13,7,4,1.75
E07000188,B13,2,2,1.0
E07000189,B13,7,7,1.0
E07000192,B13,1,1,1.0
E07000202,B13,1,1,1.0
E07000208,B13,1,1,1.0
E07000209,B13,2,2,1.0
E07000210,B13,1,1,1.0
E07000211,B13,2,2,1.0
E07000212,B13,3,3,1.0
E07000214,B13,1,1,1.0
E07000215,B13,2,2,1.0
E07000216,B13,10,5,2.0
E07000217,B13,1,1,1.0
E07000224,B13,1,1,1.0
E07000225,B13,5,3,1.6666666666666667
E07000227,B13,1,1,1.0
E07000228,B13,1,1,1.0
E07000235,B13,1,1,1.0
E07000240,B13,3,3,1.0
E07000241,B13,1,1,1.0
E07000242,B13,5,4,1.25
E07000243,B13,3,3,1.0
E07000244,B13,2,2,1.0
E07000245,B13,1,1,1.0
E07000246,B13,4,4,1.0
E08000001,B13,2,2,1.0
E08000002,B13,1,1,1.0
E08000003,B13,10,8,1.25
E08000005,B13,1,1,1.0
E08000008,B13,4,4,1.0
E08000010,B13,1,1,1.0
E08000012,B13,3,3,1.0
E08000013,B13,1,1,1.0
E08000014,B13,1,1,1.0
E08000018,B13,6,3,2.0
E08000019,B13,16,11,1.4545454545454546
E08000022,B13,1,1,1.0
E08000023,B13,1,1,1.0
E08000024,B13,1,1,1.0
E08000025,B13,26,19,1.368421052631579
E08000026,B13,2,2,1.0
E08000027,B13,5,5,1.0
E08000029,B13,4,4,1.0
E08000031,B13,2,2,1.0
E08000032,B13,4,4,1.0
E08000036,B13,1,1,1.0
E08000037,B13,1,1,1.0
E09000002,B13,1,1,1.0
E09000003,B13,3,3,1.0
E09000004,B13,11,9,1.2222222222222223
E09000005,B13,1,1,1.0
E09000006,B13,3,3,1.0
E09000007,B13,1,1,1.0
E09000008,B13,4,4,1.0
E09000010,B13,2,2,1.0
E09000011,B13,5,5,1.0
E09000012,B13,2,2,1.0
E09000013,B13,1,1,1.0
E09000014,B13,1,1,1.0
E09000016,B13,1,1,1.0
E09000017,B13,1,1,1.0
E09000018,B13,17,16,1.0625
E09000019,B13,3,2,1.5
E09000020,B13,1,1,1.0
E09000022,B13,2,2,1.0
E09000023,B13,25,22,1.1363636363636365
E09000024,B13,2,2,1.0
E09000025,B13,1,1,1.0
E09000027,B13,2,2,1.0
E09000028,B13,2,2,1.0
E09000029,B13,5,5,1.0
E09000030,B13,1,1,1.0
E09000031,B13,1,1,1.0
E09000032,B13,2,2,1.0
N09000005,B13,1,1,1.0
N09000006,B13,1,1,1.0
S12000005,B13,1,1,1.0
S12000008,B13,1,1,1.0
S12000010,B13,2,1,2.0
S12000011,B13,1,1,1.0
S12000026,B13,1,1,1.0
S12000036,B13,3,2,1.5
S12000038,B13,1,1,1.0
S12000045,B13,2,2,1.0
S12000047,B13,1,1,1.0
S12000049,B13,4,4,1.0
S12000050,B13,3,3,1.0
W06000003,B13,2,2,1.0
W06000008,B13,1,1,1.0
W06000009,B13,1,1,1.0
W06000010,B13,1,1,1.0
W06000013,B13,8,8,1.0
W06000014,B13,2,2,1.0
W06000016,B13,1,1,1.0
W06000021,B13,3,3,1.0
W06000022,B13,1,1,1.0
W06000023,B13,2,2,1.0
W06000024,B13,4,2,2.0
E06000004,B14,3,2,1.5
E06000008,B14,1,1,1.0
E06000013,B14,1,1,1.0
E06000017,B14,1,1,1.0
E06000022,B14,9,7,1.2857142857142858
E06000025,B14,1,1,1.0
E06000031,B14,3,3,1.0
E06000032,B14,2,2,1.0
E06000035,B14,3,3,1.0
E06000041,B14,2,2,1.0
E06000043,B14,2,1,2.0
E06000045,B14,1,1,1.0
E06000046,B14,2,1,2.0
E06000051,B14,2,2,1.0
E06000052,B14,1,1,1.0
E06000057,B14,1,1,1.0
E06000060,B14,7,5,1.4
E07000032,B14,1,1,1.0
E07000034,B14,1,1,1.0
E07000036,B14,1,1,1.0
E07000041,B14,1,1,1.0
E07000073,B14,3,2,1.5
E07000078,B14,2,1,2.0
E07000079,B14,1,1,1.0
E07000084,B14,1,1,1.0
E07000086,B14,1,1,1.0
E07000089,B14,1,1,1.0
E07000094,B14,1,1,1.0
E07000096,B14,2,1,2.0
E07000102,B14,2,2,1.0
E07000111,B14,14,2,7.0
E07000113,B14,3,1,3.0
E07000119,B14,1,1,1.0
E07000126,B14,1,1,1.0
E07000130,B14,2,1,2.0
E07000143,B14,1,1,1.0
E07000153,B14,2,1,2.0
E07000155,B14,1,1,1.0
E07000170,B14,1,1,1.0
E07000172,B14,1,1,1.0
E07000177,B14,1,1,1.0
E07000178,B14,3,3,1.0
E07000179,B14,3,1,3.0
E07000180,B14,1,1,1.0
E07000181,B14,1,1,1.0
E07000209,B14,1,1,1.0
E07000213,B14,1,1,1.0
E07000222,B14,1,1,1.0
E07000234,B14,1,1,1.0
E07000240,B14,2,1,2.0
E07000243,B14,4,3,1.3333333333333333
E07000244,B14,1,1,1.0
E07000245,B14,1,1,1.0
E08000002,B14,1,1,1.0
E08000003,B14,1,1,1.0
E08000005,B14,1,1,1.0
E08000019,B14,5,5,1.0
E08000025,B14,12,9,1.3333333333333333
E08000026,B14,2,1,2.0
E08000029,B14,1,1,1.0
E08000031,B14,2,2,1.0
E09000003,B14,1,1,1.0
E09000004,B14,12,9,1.3333333333333333
E09000006,B14,50,35,1.4285714285714286
E09000007,B14,1,1,1.0
E09000008,B14,14,2,7.0
E09000010,B14,11,1,11.0
E09000011,B14,13,11,1.1818181818181819
E09000014,B14,6,3,2.0
E09000018,B14,74,16,4.625
E09000019,B14,3,1,3.0
E09000020,B14,1,1,1.0
E09000021,B14,2,1,2.0
E09000022,B14,1,1,1.0
E09000023,B14,57,29,1.9655172413793103
E09000027,B14,6,6,1.0
E09000028,B14,2,2,1.0
E09000029,B14,1,1,1.0
E09000031,B14,1,1,1.0
E09000033,B14,101,9,11.222222222222221
S12000033,B14,1,1,1.0
S12000036,B14,1,1,1.0
S12000049,B14,2,2,1.0
W06000013,B14,1,1,1.0
W06000014,B14,1,1,1.0
W06000015,B14,1,1,1.0
E06000007,B15,1,1,1.0
E06000008,B15,1,1,1.0
E06000019,B15,1,1,1.0
E06000022,B15,13,13,1.0
E06000023,B15,4,2,2.0
E06000024,B15,1,1,1.0
E06000025,B15,1,1,1.0
E06000030,B15,3,2,1.5
E06000031,B15,14,10,1.4
E06000032,B15,2,2,1.0
E06000034,B15,1,1,1.0
E06000038,B15,1,1,1.0
E06000039,B15,3,3,1.0
E06000040,B15,2,2,1.0
E06000041,B15,3,2,1.5
E06000042,B15,1,1,1.0
E06000052,B15,2,2,1.0
E06000059,B15,1,1,1.0
E06000060,B15,9,9,1.0
E07000011,B15,1,1,1.0
E07000064,B15,1,1,1.0
E07000069,B15,1,1,1.0
E07000072,B15,1,1,1.0
E07000078,B15,1,1,1.0
E07000095,B15,1,1,1.0
E07000096,B15,1,1,1.0
E07000103,B15,3,2,1.5
E07000106,B15,1,1,1.0
E07000111,B15,1,1,1.0
E07000112,B15,1,1,1.0
E07000113,B15,4,3,1.3333333333333333
E07000115,B15,1,1,1.0
E07000121,B15,1,1,1.0
E07000126,B15,1,1,1.0
E07000137,B15,1,1,1.0
E07000138,B15,1,1,1.0
E07000139,B15,1,1,1.0
E07000140,B15,1,1,1.0
E07000141,B15,1,1,1.0
E07000142,B15,1,1,1.0
E07000145,B15,1,1,1.0
E07000154,B15,3,2,1.5
E07000172,B15,1,1,1.0
E07000177,B15,3,3,1.0
E07000179,B15,1,1,1.0
E07000181,B15,1,1,1.0
E07000193,B15,1,1,1.0
E07000203,B15,2,1,2.0
E07000213,B15,5,3,1.6666666666666667
E07000216,B15,2,2,1.0
E07000218,B15,1,1,1.0
E07000219,B15,1,1,1.0
E07000220,B15,1,1,1.0
E07000222,B15,1,1,1.0
E07000240,B15,1,1,1.0
E07000244,B15,1,1,1.0
E08000002,B15,2,2,1.0
E08000003,B15,2,1,2.0
E08000004,B15,2,2,1.0
E08000012,B15,1,1,1.0
E08000013,B15,1,1,1.0
E08000018,B15,1,1,1.0
E08000019,B15,8,8,1.0
E08000024,B15,3,3,1.0
E08000025,B15,27,18,1.5
E08000026,B15,1,1,1.0
E08000027,B15,3,2,1.5
E08000029,B15,2,2,1.0
E09000002,B15,1,1,1.0
E09000004,B15,37,35,1.0571428571428572
E09000006,B15,157,135,1.162962962962963
E09000008,B15,3,3,1.0
E09000011,B15,14,12,1.1666666666666667
E09000012,B15,1,1,1.0
E09000014,B15,2,2,1.0
E09000017,B15,2,2,1.0
E09000021,B15,1,1,1.0
E09000023,B15,41,17,2.411764705882353
E09000028,B15,3,2,1.5
E09000033,B15,1,1,1.0
S12000019,B15,1,1,1.0
S12000036,B15,1,1,1.0
S12000039,B15,1,1,1.0
S12000045,B15,2,1,2.0
W06000009,B15,1,1,1.0
W06000010,B15,1,1,1.0
W06000013,B15,1,1,1.0
W06000014,B15,1,1,1.0
W06000015,B15,3,3,1.0
W06000018,B15,1,1,1.0
W06000024,B15,1,1,1.0
E06000001,B16,5,5,1.0
E06000003,B16,3,3,1.0
E06000004,B16,1,1,1.0
E06000005,B16,1,1,1.0
E06000006,B16,2,2,1.0
E06000007,B16,1,1,1.0
E06000008,B16,3,3,1.0
E06000010,B16,4,3,1.3333333333333333
E06000011,B16,1,1,1.0
E06000013,B16,1,1,1.0
E06000015,B16,1,1,1.0
E06000016,B16,1,1,1.0
E06000017,B16,1,1,1.0
E06000018,B16,2,2,1.0
E06000021,B16,6,6,1.0
E06000023,B16,16,13,1.2307692307692308
E06000024,B16,3,1,3.0
E06000025,B16,6,4,1.5
E06000027,B16,1,1,1.0
E06000031,B16,22,21,1.0476190476190477
E06000032,B16,9,4,2.25
E06000033,B16,11,10,1.1
E06000034,B16,1,1,1.0
E06000035,B16,5,5,1.0
E06000036,B16,2,2,1.0
E06000038,B16,3,3,1.0
E06000040,B16,2,2,1.0
E06000041,B16,2,2,1.0
E06000042,B16,1,1,1.0
E06000043,B16,4,4,1.0
E06000044,B16,1,1,1.0
E06000045,B16,1,1,1.0
E06000046,B16,36,9,4.0
E06000049,B16,13,2,6.5
E06000050,B16,1,1,1.0
E06000051,B16,5,3,1.6666666666666667
E06000052,B16,3,3,1.0
E06000054,B16,1,1,1.0
E06000055,B16,2,2,1.0
E06000057,B16,2,2,1.0
E06000059,B16,1,1,1.0
E06000060,B16,15,14,1.0714285714285714
E07000008,B16,1,1,1.0
E07000026,B16,1,1,1.0
E07000029,B16,2,2,1.0
E07000031,B16,1,1,1.0
E07000032,B16,2,1,2.0
E07000034,B16,1,1,1.0
E07000035,B16,1,1,1.0
E07000038,B16,2,2,1.0
E07000039,B16,1,1,1.0
E07000041,B16,2,2,1.0
E07000043,B16,1,1,1.0
E07000044,B16,1,1,1.0
E07000046,B16,1,1,1.0
E07000047,B16,1,1,1.0
E07000061,B16,1,1,1.0
E07000064,B16,4,4,1.0
E07000065,B16,1,1,1.0
E07000066,B16,1,1,1.0
E07000067,B16,1,1,1.0
E07000068,B16,2,2,1.0
E07000070,B16,3,3,1.0
E07000071,B16,2,2,1.0
E07000072,B16,3,1,3.0
E07000073,B16,2,2,1.0
E07000076,B16,1,1,1.0
E07000077,B16,1,1,1.0
E07000078,B16,1,1,1.0
E07000079,B16,1,1,1.0
E07000080,B16,1,1,1.0
E07000081,B16,1,1,1.0
E07000082,B16,2,2,1.0
E07000084,B16,2,2,1.0
E07000085,B16,1,1,1.0
E07000086,B16,1,1,1.0
E07000087,B16,1,1,1.0
E07000089,B16,16,16,1.0
E07000090,B16,4,3,1.3333333333333333
E07000091,B16,4,3,1.3333333333333333
E07000092,B16,2,1,2.0
E07000093,B16,1,1,1.0
E07000094,B16,1,1,1.0
E07000095,B16,1,1,1.0
E07000096,B16,3,3,1.0
E07000099,B16,2,2,1.0
E07000103,B16,2,2,1.0
E07000105,B16,2,2,1.0
E07000106,B16,13,3,4.333333333333333
E07000107,B16,1,1,1.0
E07000109,B16,1,1,1.0
E07000111,B16,5,5,1.0
E07000112,B16,3,2,1.5
E07000113,B16,4,4,1.0
E07000115,B16,1,1,1.0
E07000116,B16,4,4,1.0
E07000117,B16,2,2,1.0
E07000118,B16,1,1,1.0
E07000120,B16,1,1,1.0
E07000121,B16,4,4,1.0
E07000122,B16,2,1,2.0
E07000123,B16,1,1,1.0
E07000124,B16,1,1,1.0
E07000126,B16,2,2,1.0
E07000128,B16,1,1,1.0
E07000130,B16,1,1,1.0
E07000132,B16,1,1,1.0
E07000133,B16,1,1,1.0
E07000136,B16,4,4,1.0
E07000137,B16,8,7,1.1428571428571428
E07000138,B16,1,1,1.0
E07000139,B16,9,6,1.5
E07000140,B16,6,6,1.0
E07000141,B16,3,3,1.0
E07000142,B16,4,4,1.0
E07000147,B16,2,2,1.0
E07000149,B16,3,3,1.0
E07000151,B16,3,2,1.5
E07000152,B16,2,2,1.0
E07000153,B16,7,2,3.5
E07000154,B16,17,5,3.4
E07000155,B16,5,4,1.25
E07000156,B16,5,4,1.25
E07000167,B16,1,1,1.0
E07000170,B16,1,1,1.0
E07000171,B16,1,1,1.0
E07000172,B16,1,1,1.0
E07000173,B16,1,1,1.0
E07000177,B16,21,19,1.105263157894737
E07000178,B16,16,16,1.0
E07000179,B16,26,26,1.0
E07000180,B16,15,15,1.0
E07000181,B16,19,18,1.0555555555555556
E07000187,B16,4,4,1.0
E07000188,B16,1,1,1.0
E07000189,B16,3,3,1.0
E07000192,B16,1,1,1.0
E07000202,B16,1,1,1.0
E07000208,B16,1,1,1.0
E07000209,B16,3,3,1.0
E07000210,B16,1,1,1.0
E07000211,B16,1,1,1.0
E07000212,B16,3,3,1.0
E07000214,B16,1,1,1.0
E07000215,B16,1,1,1.0
E07000216,B16,2,2,1.0
E07000217,B16,4,3,1.3333333333333333
E07000218,B16,1,1,1.0
E07000219,B16,9,9,1.0
E07000220,B16,7,7,1.0
E07000221,B16,15,12,1.25
E07000222,B16,21,16,1.3125
E07000223,B16,1,1,1.0
E07000224,B16,1,1,1.0
E07000225,B16,1,1,1.0
E07000226,B16,1,1,1.0
E07000227,B16,1,1,1.0
E07000228,B16,2,2,1.0
E07000229,B16,2,2,1.0
E07000242,B16,5,5,1.0
E07000243,B16,25,21,1.1904761904761905
E07000244,B16,1,1,1.0
E07000246,B16,1,1,1.0
E08000001,B16,2,2,1.0
E08000002,B16,1,1,1.0
E08000003,B16,10,7,1.4285714285714286
E08000006,B16,3,3,1.0
E08000007,B16,1,1,1.0
E08000008,B16,6,6,1.0
E08000012,B16,5,5,1.0
E08000013,B16,2,2,1.0
E08000014,B16,1,1,1.0
E08000016,B16,6,2,3.0
E08000017,B16,2,1,2.0
E08000018,B16,4,3,1.3333333333333333
E08000019,B16,16,15,1.0666666666666667
E08000022,B16,1,1,1.0
E08000023,B16,1,1,1.0
E08000024,B16,3,3,1.0
E08000025,B16,37,30,1.2333333333333334
E08000026,B16,2,2,1.0
E08000027,B16,2,2,1.0
E08000029,B16,6,6,1.0
E08000030,B16,3,3,1.0
E08000031,B16,3,3,1.0
E08000032,B16,3,3,1.0
E08000035,B16,2,2,1.0
E08000036,B16,3,3,1.0
E09000003,B16,10,10,1.0
E09000004,B16,49,46,1.065217391304348
E09000005,B16,2,2,1.0
E09000006,B16,1,1,1.0
E09000008,B16,10,9,1.1111111111111112
E09000009,B16,1,1,1.0
E09000010,B16,10,5,2.0
E09000011,B16,21,20,1.05
E09000013,B16,1,1,1.0
E09000014,B16,1,1,1.0
E09000015,B16,1,1,1.0
E09000017,B16,9,8,1.125
E09000018,B16,90,70,1.2857142857142858
E09000022,B16,2,2,1.0
E09000023,B16,13,11,1.1818181818181819
E09000024,B16,3,3,1.0
E09000027,B16,1,1,1.0
E09000028,B16,2,2,1.0
E09000029,B16,6,6,1.0
E09000031,B16,2,2,1.0
E09000032,B16,1,1,1.0
E09000033,B16,21,9,2.3333333333333335
N09000003,B16,1,1,1.0
S12000014,B16,1,1,1.0
S12000017,B16,1,1,1.0
S12000033,B16,3,3,1.0
S12000034,B16,1,1,1.0
S12000035,B16,1,1,1.0
S12000036,B16,9,6,1.5
S12000038,B16,1,1,1.0
S12000040,B16,1,1,1.0
S12000041,B16,1,1,1.0
S12000042,B16,2,2,1.0
S12000045,B16,1,1,1.0
S12000048,B16,1,1,1.0
S12000049,B16,8,8,1.0
S12000050,B16,4,4,1.0
W06000006,B16,1,1,1.0
W06000009,B16,4,4,1.0
W06000010,B16,1,1,1.0
W06000013,B16,11,10,1.1
W06000015,B16,9,9,1.0
W06000016,B16,2,2,1.0
W06000018,B16,1,1,1.0
W06000022,B16,2,2,1.0
W06000024,B16,2,1,2.0
E06000007,B17,2,2,1.0
E06000008,B17,1,1,1.0
E06000010,B17,1,1,1.0
E06000015,B17,1,1,1.0
E06000017,B17,1,1,1.0
E06000018,B17,1,1,1.0
E06000019,B17,1,1,1.0
E06000021,B17,1,1,1.0
E06000022,B17,55,47,1.1702127659574468
E06000023,B17,3,3,1.0
E06000031,B17,33,30,1.1
E06000032,B17,1,1,1.0
E06000036,B17,1,1,1.0
E06000037,B17,2,2,1.0
E06000038,B17,1,1,1.0
E06000040,B17,3,2,1.5
E06000041,B17,1,1,1.0
E06000043,B17,5,3,1.6666666666666667
E06000046,B17,105,12,8.75
E06000049,B17,88,2,44.0
E06000051,B17,1,1,1.0
E06000055,B17,1,1,1.0
E06000060,B17,69,63,1.0952380952380953
E07000011,B17,1,1,1.0
E07000035,B17,1,1,1.0
E07000036,B17,1,1,1.0
E07000062,B17,1,1,1.0
E07000063,B17,2,1,2.0
E07000064,B17,3,3,1.0
E07000070,B17,1,1,1.0
E07000084,B17,2,2,1.0
E07000087,B17,1,1,1.0
E07000093,B17,1,1,1.0
E07000094,B17,1,1,1.0
E07000096,B17,1,1,1.0
E07000098,B17,1,1,1.0
E07000099,B17,1,1,1.0
E07000111,B17,1,1,1.0
E07000116,B17,1,1,1.0
E07000117,B17,1,1,1.0
E07000128,B17,1,1,1.0
E07000136,B17,6,2,3.0
E07000137,B17,9,4,2.25
E07000138,B17,5,2,2.5
E07000139,B17,8,6,1.3333333333333333
E07000140,B17,2,2,1.0
E07000141,B17,15,9,1.6666666666666667
E07000142,B17,11,4,2.75
E07000149,B17,1,1,1.0
E07000150,B17,2,2,1.0
E07000151,B17,24,19,1.263157894736842
E07000152,B17,14,10,1.4
E07000153,B17,10,9,1.1111111111111112
E07000154,B17,29,23,1.2608695652173914
E07000155,B17,27,23,1.173913043478261
E07000156,B17,14,13,1.0769230769230769
E07000163,B17,1,1,1.0
E07000170,B17,2,2,1.0
E07000172,B17,1,1,1.0
E07000177,B17,33,30,1.1
E07000178,B17,5,4,1.25
E07000179,B17,32,30,1.0666666666666667
E07000180,B17,21,20,1.05
E07000181,B17,16,14,1.1428571428571428
E07000187,B17,1,1,1.0
E07000189,B17,2,2,1.0
E07000199,B17,1,1,1.0
E07000211,B17,1,1,1.0
E07000212,B17,1,1,1.0
E07000213,B17,1,1,1.0
E07000216,B17,1,1,1.0
E07000217,B17,1,1,1.0
E07000218,B17,2,2,1.0
E07000219,B17,4,4,1.0
E07000220,B17,1,1,1.0
E07000221,B17,3,3,1.0
E07000222,B17,8,8,1.0
E07000225,B17,1,1,1.0
E07000226,B17,2,2,1.0
E07000239,B17,1,1,1.0
E07000240,B17,1,1,1.0
E07000242,B17,1,1,1.0
E07000243,B17,31,12,2.5833333333333335
E08000003,B17,3,3,1.0
E08000012,B17,1,1,1.0
E08000015,B17,1,1,1.0
E08000019,B17,3,3,1.0
E08000025,B17,7,6,1.1666666666666667
E08000026,B17,2,1,2.0
E08000029,B17,3,3,1.0
E08000031,B17,2,2,1.0
E08000032,B17,1,1,1.0
E09000003,B17,3,3,1.0
E09000004,B17,8,8,1.0
E09000006,B17,120,109,1.1009174311926606
E09000007,B17,1,1,1.0
E09000008,B17,5,3,1.6666666666666667
E09000011,B17,9,8,1.125
E09000015,B17,2,2,1.0
E09000017,B17,1,1,1.0
E09000018,B17,70,59,1.1864406779661016
E09000019,B17,1,1,1.0
E09000021,B17,1,1,1.0
E09000022,B17,2,2,1.0
E09000023,B17,6,6,1.0
E09000031,B17,1,1,1.0
E09000033,B17,18,4,4.5
S12000005,B17,1,1,1.0
S12000026,B17,1,1,1.0
S12000045,B17,1,1,1.0
W06000004,B17,1,1,1.0
W06000010,B17,6,2,3.0
W06000011,B17,1,1,1.0
W06000013,B17,7,7,1.0
W06000015,B17,2,2,1.0
W06000022,B17,1,1,1.0
E06000003,B18,2,2,1.0
E06000004,B18,1,1,1.0
E06000008,B18,1,1,1.0
E06000009,B18,2,2,1.0
E06000010,B18,2,2,1.0
E06000016,B18,1,1,1.0
E06000020,B18,2,2,1.0
E06000023,B18,5,5,1.0
E06000024,B18,1,1,1.0
E06000025,B18,1,1,1.0
E06000027,B18,1,1,1.0
E06000030,B18,3,3,1.0
E06000031,B18,10,9,1.1111111111111112
E06000033,B18,1,1,1.0
E06000034,B18,2,2,1.0
E06000035,B18,1,1,1.0
E06000036,B18,1,1,1.0
E06000038,B18,1,1,1.0
E06000039,B18,2,2,1.0
E06000042,B18,2,2,1.0
E06000043,B18,1,1,1.0
E06000044,B18,7,6,1.1666666666666667
E06000046,B18,4,1,4.0
E06000047,B18,1,1,1.0
E06000049,B18,9,1,9.0
E06000051,B18,1,1,1.0
E06000052,B18,1,1,1.0
E06000060,B18,6,6,1.0
E07000028,B18,1,1,1.0
E07000038,B18,2,2,1.0
E07000047,B18,1,1,1.0
E07000061,B18,2,2,1.0
E07000066,B18,2,2,1.0
E07000067,B18,1,1,1.0
E07000068,B18,1,1,1.0
E07000081,B18,2,2,1.0
E07000082,B18,1,1,1.0
E07000086,B18,5,1,5.0
E07000087,B18,2,2,1.0
E07000088,B18,1,1,1.0
E07000089,B18,4,4,1.0
E07000090,B18,1,1,1.0
E07000093,B18,1,1,1.0
E07000094,B18,1,1,1.0
E07000096,B18,1,1,1.0
E07000099,B18,1,1,1.0
E07000102,B18,2,2,1.0
E07000103,B18,1,1,1.0
E07000105,B18,1,1,1.0
E07000106,B18,1,1,1.0
E07000109,B18,2,2,1.0
E07000111,B18,1,1,1.0
E07000115,B18,1,1,1.0
E07000117,B18,1,1,1.0
E07000118,B18,1,1,1.0
E07000120,B18,1,1,1.0
E07000125,B18,2,2,1.0
E07000130,B18,1,1,1.0
E07000131,B18,1,1,1.0
E07000132,B18,1,1,1.0
E07000134,B18,1,1,1.0
E07000145,B18,1,1,1.0
E07000154,B18,1,1,1.0
E07000165,B18,1,1,1.0
E07000168,B18,1,1,1.0
E07000172,B18,2,2,1.0
E07000174,B18,1,1,1.0
E07000178,B18,1,1,1.0
E07000181,B18,4,4,1.0
E07000187,B18,1,1,1.0
E07000188,B18,1,1,1.0
E07000189,B18,1,1,1.0
E07000202,B18,2,2,1.0
E07000207,B18,3,3,1.0
E07000211,B18,1,1,1.0
E07000212,B18,1,1,1.0
E07000213,B18,2,2,1.0
E07000216,B18,1,1,1.0
E07000218,B18,1,1,1.0
E07000219,B18,2,2,1.0
E07000222,B18,4,4,1.0
E07000223,B18,1,1,1.0
E07000224,B18,2,1,2.0
E07000225,B18,1,1,1.0
E07000240,B18,1,1,1.0
E07000245,B18,1,1,1.0
E07000246,B18,1,1,1.0
E08000001,B18,1,1,1.0
E08000003,B18,1,1,1.0
E08000004,B18,1,1,1.0
E08000007,B18,2,2,1.0
E08000008,B18,1,1,1.0
E08000012,B18,2,2,1.0
E08000016,B18,2,2,1.0
E08000018,B18,1,1,1.0
E08000019,B18,11,6,1.8333333333333333
E08000024,B18,2,1,2.0
E08000025,B18,5,5,1.0
E08000026,B18,3,3,1.0
E08000029,B18,1,1,1.0
E08000030,B18,2,2,1.0
E08000031,B18,1,1,1.0
E08000032,B18,3,3,1.0
E08000033,B18,1,1,1.0
E08000035,B18,2,2,1.0
E08000036,B18,1,1,1.0
E09000006,B18,40,32,1.25
E09000008,B18,2,2,1.0
E09000009,B18,5,3,1.6666666666666667
E09000010,B18,2,2,1.0
E09000011,B18,9,9,1.0
E09000014,B18,2,2,1.0
E09000017,B18,2,1,2.0
E09000018,B18,9,9,1.0
E09000022,B18,1,1,1.0
E09000023,B18,9,9,1.0
E09000024,B18,2,2,1.0
E09000028,B18,2,2,1.0
E09000029,B18,1,1,1.0
E09000031,B18,2,2,1.0
E09000033,B18,4,2,2.0
S12000028,B18,1,1,1.0
S12000036,B18,3,2,1.5
S12000038,B18,1,1,1.0
S12000045,B18,2,2,1.0
S12000049,B18,3,3,1.0
W06000001,B18,1,1,1.0
W06000006,B18,1,1,1.0
W06000012,B18,1,1,1.0
W06000013,B18,2,2,1.0
W06000014,B18,1,1,1.0
W06000015,B18,1,1,1.0
W06000016,B18,1,1,1.0
E06000001,B19,3,2,1.5
E06000004,B19,1,1,1.0
E06000007,B19,3,3,1.0
E06000010,B19,2,2,1.0
E06000013,B19,1,1,1.0
E06000016,B19,1,1,1.0
E06000019,B19,1,1,1.0
E06000020,B19,1,1,1.0
E06000022,B19,1,1,1.0
E06000023,B19,23,20,1.15
E06000025,B19,12,6,2.0
E06000030,B19,1,1,1.0
E06000032,B19,3,3,1.0
E06000034,B19,3,2,1.5
E06000035,B19,2,2,1.0
E06000036,B19,1,1,1.0
E06000038,B19,3,3,1.0
E06000039,B19,1,1,1.0
E06000040,B19,2,2,1.0
E06000041,B19,4,4,1.0
E06000042,B19,1,1,1.0
E06000046,B19,1,1,1.0
E06000049,B19,27,3,9.0
E06000051,B19,4,4,1.0
E06000052,B19,2,2,1.0
E06000054,B19,1,1,1.0
E06000055,B19,2,2,1.0
E06000056,B19,2,2,1.0
E06000057,B19,1,1,1.0
E06000059,B19,2,2,1.0
E06000060,B19,1,1,1.0
E07000026,B19,1,1,1.0
E07000028,B19,1,1,1.0
E07000032,B19,7,2,3.5
E07000033,B19,1,1,1.0
E07000036,B19,1,1,1.0
E07000038,B19,5,2,2.5
E07000039,B19,3,3,1.0
E07000063,B19,1,1,1.0
E07000064,B19,1,1,1.0
E07000066,B19,5,4,1.25
E07000068,B19,2,2,1.0
E07000069,B19,1,1,1.0
E07000070,B19,2,2,1.0
E07000071,B19,1,1,1.0
E07000072,B19,1,1,1.0
E07000074,B19,1,1,1.0
E07000076,B19,1,1,1.0
E07000078,B19,3,2,1.5
E07000079,B19,1,1,1.0
E07000080,B19,1,1,1.0
E07000081,B19,2,1,2.0
E07000082,B19,2,2,1.0
E07000083,B19,2,2,1.0
E07000084,B19,2,2,1.0
E07000085,B19,2,2,1.0
E07000086,B19,3,2,1.5
E07000089,B19,12,9,1.3333333333333333
E07000090,B19,2,2,1.0
E07000091,B19,3,3,1.0
E07000093,B19,2,2,1.0
E07000094,B19,4,3,1.3333333333333333
E07000095,B19,2,2,1.0
E07000096,B19,2,2,1.0
E07000098,B19,1,1,1.0
E07000099,B19,2,1,2.0
E07000102,B19,3,3,1.0
E07000105,B19,2,2,1.0
E07000106,B19,3,2,1.5
E07000107,B19,1,1,1.0
E07000108,B19,1,1,1.0
E07000109,B19,1,1,1.0
E07000110,B19,2,2,1.0
E07000111,B19,9,5,1.8
E07000112,B19,1,1,1.0
E07000113,B19,2,2,1.0
E07000114,B19,1,1,1.0
E07000116,B19,1,1,1.0
E07000117,B19,1,1,1.0
E07000121,B19,3,3,1.0
E07000126,B19,2,2,1.0
E07000127,B19,1,1,1.0
E07000131,B19,1,1,1.0
E07000134,B19,1,1,1.0
E07000135,B19,1,1,1.0
E07000141,B19,3,1,3.0
E07000143,B19,3,2,1.5
E07000149,B19,2,2,1.0
E07000169,B19,5,2,2.5
E07000171,B19,1,1,1.0
E07000172,B19,3,2,1.5
E07000173,B19,1,1,1.0
E07000174,B19,1,1,1.0
E07000176,B19,1,1,1.0
E07000177,B19,17,14,1.2142857142857142
E07000178,B19,16,13,1.2307692307692308
E07000179,B19,21,18,1.1666666666666667
E07000180,B19,12,11,1.0909090909090908
E07000181,B19,11,10,1.1
E07000187,B19,8,8,1.0
E07000188,B19,1,1,1.0
E07000189,B19,5,4,1.25
E07000192,B19,6,1,6.0
E07000200,B19,1,1,1.0
E07000202,B19,1,1,1.0
E07000203,B19,1,1,1.0
E07000207,B19,1,1,1.0
E07000208,B19,1,1,1.0
E07000209,B19,3,3,1.0
E07000210,B19,1,1,1.0
E07000211,B19,2,1,2.0
E07000212,B19,1,1,1.0
E07000213,B19,1,1,1.0
E07000215,B19,2,2,1.0
E07000216,B19,3,3,1.0
E07000217,B19,3,2,1.5
E07000223,B19,3,2,1.5
E07000224,B19,2,2,1.0
E07000226,B19,1,1,1.0
E07000227,B19,1,1,1.0
E07000228,B19,3,2,1.5
E07000235,B19,1,1,1.0
E07000240,B19,3,3,1.0
E07000241,B19,2,2,1.0
E07000242,B19,4,3,1.3333333333333333
E07000243,B19,1,1,1.0
E07000244,B19,3,3,1.0
E08000002,B19,3,3,1.0
E08000003,B19,12,8,1.5
E08000005,B19,2,1,2.0
E08000007,B19,2,2,1.0
E08000008,B19,3,2,1.5
E08000011,B19,2,2,1.0
E08000012,B19,2,2,1.0
E08000013,B19,1,1,1.0
E08000014,B19,2,2,1.0
E08000016,B19,1,1,1.0
E08000018,B19,2,2,1.0
E08000019,B19,19,15,1.2666666666666666
E08000022,B19,1,1,1.0
E08000023,B19,1,1,1.0
E08000024,B19,3,2,1.5
E08000025,B19,53,29,1.8275862068965518
E08000026,B19,2,2,1.0
E08000027,B19,3,2,1.5
E08000029,B19,5,5,1.0
E08000031,B19,3,3,1.0
E08000032,B19,7,3,2.3333333333333335
E08000036,B19,2,2,1.0
E09000002,B19,1,1,1.0
E09000003,B19,8,7,1.1428571428571428
E09000005,B19,5,5,1.0
E09000008,B19,3,3,1.0
E09000010,B19,5,5,1.0
E09000011,B19,21,15,1.4
E09000013,B19,1,1,1.0
E09000014,B19,1,1,1.0
E09000017,B19,3,2,1.5
E09000018,B19,5,5,1.0
E09000021,B19,3,1,3.0
E09000022,B19,6,6,1.0
E09000023,B19,2,1,2.0
E09000024,B19,2,2,1.0
E09000027,B19,5,3,1.6666666666666667
E09000028,B19,3,3,1.0
E09000031,B19,2,2,1.0
E09000032,B19,1,1,1.0
E09000033,B19,17,11,1.5454545454545454
N09000011,B19,1,1,1.0
S12000006,B19,1,1,1.0
S12000008,B19,1,1,1.0
S12000019,B19,1,1,1.0
S12000026,B19,1,1,1.0
S12000028,B19,1,1,1.0
S12000033,B19,3,3,1.0
S12000034,B19,1,1,1.0
S12000036,B19,4,4,1.0
S12000045,B19,3,3,1.0
S12000049,B19,6,5,1.2
S12000050,B19,2,2,1.0
W06000004,B19,1,1,1.0
W06000008,B19,2,2,1.0
W06000010,B19,1,1,1.0
W06000013,B19,8,7,1.1428571428571428
W06000014,B19,1,1,1.0
W06000015,B19,2,2,1.0
W06000018,B19,1,1,1.0
W06000020,B19,1,1,1.0
W06000022,B19,1,1,1.0
E06000022,B2,4,4,1.0
E06000046,B2,42,10,4.2
E09000023,B2,4,4,1.0
E09000033,B2,14,7,2.0
E07000064,B20,1,1,1.0
E06000019,B21,1,1,1.0
E06000038,B21,1,1,1.0
E07000032,B21,11,1,11.0
E07000080,B21,1,1,1.0
E07000187,B21,1,1,1.0
E06000023,B22,4,4,1.0
E06000001,B23,1,1,1.0
E06000017,B23,14,10,1.4
E06000019,B23,2,1,2.0
E06000022,B23,6,5,1.2
E06000023,B23,46,36,1.2777777777777777
E06000031,B23,36,29,1.2413793103448276
E06000037,B23,11,9,1.2222222222222223
E06000046,B23,3,2,1.5
E06000051,B23,2,2,1.0
E06000060,B23,4,4,1.0
E07000062,B23,1,1,1.0
E07000063,B23,3,2,1.5
E07000064,B23,7,4,1.75
E07000065,B23,3,2,1.5
E07000072,B23,1,1,1.0
E07000079,B23,1,1,1.0
E07000080,B23,2,2,1.0
E07000083,B23,1,1,1.0
E07000084,B23,2,1,2.0
E07000085,B23,1,1,1.0
E07000089,B23,2,2,1.0
E07000094,B23,2,2,1.0
E07000096,B23,1,1,1.0
E07000098,B23,2,2,1.0
E07000099,B23,1,1,1.0
E07000136,B23,2,1,2.0
E07000137,B23,11,4,2.75
E07000138,B23,2,1,2.0
E07000139,B23,3,3,1.0
E07000140,B23,11,5,2.2
E07000141,B23,6,3,2.0
E07000142,B23,6,3,2.0
E07000143,B23,1,1,1.0
E07000144,B23,1,1,1.0
E07000149,B23,2,2,1.0
E07000150,B23,3,3,1.0
E07000151,B23,14,5,2.8
E07000152,B23,11,9,1.2222222222222223
E07000153,B23,13,6,2.1666666666666665
E07000154,B23,31,14,2.2142857142857144
E07000155,B23,27,23,1.173913043478261
E07000156,B23,6,5,1.2
E07000203,B23,1,1,1.0
E07000212,B23,1,1,1.0
E07000216,B23,1,1,1.0
E07000217,B23,1,1,1.0
E07000218,B23,8,7,1.1428571428571428
E07000219,B23,12,11,1.0909090909090908
E07000220,B23,4,4,1.0
E07000221,B23,20,10,2.0
E07000222,B23,16,15,1.0666666666666667
E07000240,B23,3,3,1.0
E07000243,B23,6,2,3.0
E07000245,B23,2,1,2.0
E09000004,B23,200,165,1.2121212121212122
E09000006,B23,2,2,1.0
E09000008,B23,1,1,1.0
E09000018,B23,64,47,1.3617021276595744
E09000023,B23,1,1,1.0
E06000003,B24,1,1,1.0
E06000007,B24,1,1,1.0
E06000010,B24,2,2,1.0
E06000013,B24,1,1,1.0
E06000015,B24,1,1,1.0
E06000017,B24,2,2,1.0
E06000018,B24,1,1,1.0
E06000022,B24,15,14,1.0714285714285714
E06000023,B24,19,17,1.1176470588235294
E06000024,B24,1,1,1.0
E06000025,B24,3,3,1.0
E06000031,B24,20,11,1.8181818181818181
E06000032,B24,2,2,1.0
E06000034,B24,1,1,1.0
E06000035,B24,2,2,1.0
E06000036,B24,2,2,1.0
E06000038,B24,6,5,1.2
E06000040,B24,1,1,1.0
E06000041,B24,5,5,1.0
E06000042,B24,1,1,1.0
E06000043,B24,3,3,1.0
E06000046,B24,43,12,3.5833333333333335
E06000050,B24,2,1,2.0
E06000051,B24,3,3,1.0
E06000059,B24,1,1,1.0
E06000060,B24,80,68,1.1764705882352942
E07000009,B24,1,1,1.0
E07000012,B24,1,1,1.0
E07000027,B24,1,1,1.0
E07000029,B24,2,1,2.0
E07000031,B24,1,1,1.0
E07000033,B24,1,1,1.0
E07000034,B24,1,1,1.0
E07000035,B24,1,1,1.0
E07000036,B24,1,1,1.0
E07000039,B24,1,1,1.0
E07000043,B24,1,1,1.0
E07000061,B24,1,1,1.0
E07000063,B24,1,1,1.0
E07000069,B24,1,1,1.0
E07000070,B24,1,1,1.0
E07000072,B24,1,1,1.0
E07000078,B24,1,1,1.0
E07000079,B24,1,1,1.0
E07000080,B24,2,2,1.0
E07000081,B24,2,2,1.0
E07000083,B24,2,2,1.0
E07000084,B24,1,1,1.0
E07000085,B24,1,1,1.0
E07000086,B24,1,1,1.0
E07000090,B24,2,1,2.0
E07000091,B24,1,1,1.0
E07000096,B24,2,2,1.0
E07000105,B24,2,2,1.0
E07000106,B24,8,2,4.0
E07000110,B24,1,1,1.0
E07000111,B24,3,3,1.0
E07000112,B24,2,1,2.0
E07000113,B24,8,3,2.6666666666666665
E07000114,B24,1,1,1.0
E07000116,B24,1,1,1.0
E07000123,B24,2,2,1.0
E07000127,B24,1,1,1.0
E07000130,B24,1,1,1.0
E07000131,B24,4,1,4.0
E07000134,B24,1,1,1.0
E07000135,B24,1,1,1.0
E07000136,B24,7,3,2.3333333333333335
E07000137,B24,17,15,1.1333333333333333
E07000138,B24,5,2,2.5
E07000139,B24,14,8,1.75
E07000140,B24,12,5,2.4
E07000141,B24,22,7,3.142857142857143
E07000142,B24,17,10,1.7
E07000143,B24,1,1,1.0
E07000144,B24,1,1,1.0
E07000145,B24,1,1,1.0
E07000146,B24,1,1,1.0
E07000149,B24,2,1,2.0
E07000150,B24,6,4,1.5
E07000151,B24,27,14,1.9285714285714286
E07000152,B24,18,9,2.0
E07000153,B24,35,12,2.9166666666666665
E07000154,B24,34,20,1.7
E07000155,B24,29,20,1.45
E07000156,B24,17,11,1.5454545454545454
E07000165,B24,2,1,2.0
E07000170,B24,1,1,1.0
E07000177,B24,25,17,1.4705882352941178
E07000178,B24,20,15,1.3333333333333333
E07000179,B24,16,15,1.0666666666666667
E07000180,B24,8,8,1.0
E07000181,B24,9,8,1.125
E07000187,B24,1,1,1.0
E07000189,B24,1,1,1.0
E07000203,B24,2,1,2.0
E07000207,B24,1,1,1.0
E07000209,B24,2,2,1.0
E07000210,B24,1,1,1.0
E07000212,B24,3,3,1.0
E07000214,B24,2,2,1.0
E07000217,B24,2,1,2.0
E07000218,B24,3,3,1.0
E07000219,B24,5,5,1.0
E07000220,B24,3,3,1.0
E07000221,B24,6,6,1.0
E07000222,B24,7,5,1.4
E07000226,B24,1,1,1.0
E07000227,B24,1,1,1.0
E07000240,B24,2,2,1.0
E07000244,B24,1,1,1.0
E07000245,B24,1,1,1.0
E07000246,B24,1,1,1.0
E08000002,B24,1,1,1.0
E08000003,B24,4,4,1.0
E08000012,B24,2,1,2.0
E08000013,B24,2,2,1.0
E08000014,B24,1,1,1.0
E08000018,B24,1,1,1.0
E08000019,B24,4,4,1.0
E08000025,B24,13,8,1.625
E08000027,B24,1,1,1.0
E08000029,B24,3,3,1.0
E08000031,B24,1,1,1.0
E08000033,B24,1,1,1.0
E08000034,B24,1,1,1.0
E08000035,B24,1,1,1.0
E08000036,B24,1,1,1.0
E08000037,B24,2,2,1.0
E09000003,B24,2,2,1.0
E09000004,B24,1,1,1.0
E09000005,B24,1,1,1.0
E09000006,B24,4,4,1.0
E09000008,B24,1,1,1.0
E09000011,B24,2,1,2.0
E09000018,B24,18,13,1.3846153846153846
E09000023,B24,6,5,1.2
E09000027,B24,1,1,1.0
E09000032,B24,1,1,1.0
E09000033,B24,76,26,2.923076923076923
N09000006,B24,1,1,1.0
S12000011,B24,2,2,1.0
S12000017,B24,1,1,1.0
S12000019,B24,1,1,1.0
S12000030,B24,1,1,1.0
S12000040,B24,1,1,1.0
S12000050,B24,1,1,1.0
W06000003,B24,1,1,1.0
W06000012,B24,1,1,1.0
W06000013,B24,2,2,1.0
W06000014,B24,1,1,1.0
W06000019,B24,1,1,1.0
W06000023,B24,1,1,1.0
E06000003,B25,1,1,1.0
E06000004,B25,2,2,1.0
E06000007,B25,1,1,1.0
E06000009,B25,1,1,1.0
E06000010,B25,4,4,1.0
E06000011,B25,1,1,1.0
E06000012,B25,1,1,1.0
E06000013,B25,2,2,1.0
E06000014,B25,11,7,1.5714285714285714
E06000015,B25,8,3,2.6666666666666665
E06000017,B25,12,12,1.0
E06000019,B25,9,4,2.25
E06000020,B25,1,1,1.0
E06000021,B25,24,15,1.6
E06000022,B25,77,57,1.3508771929824561
E06000023,B25,75,50,1.5
E06000024,B25,9,8,1.125
E06000025,B25,12,9,1.3333333333333333
E06000030,B25,4,4,1.0
E06000031,B25,11,9,1.2222222222222223
E06000032,B25,15,10,1.5
E06000034,B25,3,3,1.0
E06000035,B25,2,2,1.0
E06000036,B25,1,1,1.0
E06000037,B25,9,9,1.0
E06000038,B25,13,9,1.4444444444444444
E06000039,B25,3,3,1.0
E06000040,B25,2,2,1.0
E06000041,B25,1,1,1.0
E06000042,B25,2,1,2.0
E06000043,B25,4,4,1.0
E06000046,B25,92,35,2.6285714285714286
E06000049,B25,267,8,33.375
E06000050,B25,1,1,1.0
E06000051,B25,32,23,1.391304347826087
E06000052,B25,14,9,1.5555555555555556
E06000054,B25,6,6,1.0
E06000055,B25,5,4,1.25
E06000057,B25,6,4,1.5
E06000058,B25,1,1,1.0
E06000059,B25,3,3,1.0
E06000060,B25,365,291,1.254295532646048
E07000012,B25,1,1,1.0
E07000026,B25,1,1,1.0
E07000028,B25,2,2,1.0
E07000029,B25,3,2,1.5
E07000030,B25,2,1,2.0
E07000031,B25,7,7,1.0
E07000032,B25,2,2,1.0
E07000033,B25,1,1,1.0
E07000035,B25,13,1,13.0
E07000036,B25,5,5,1.0
E07000038,B25,2,2,1.0
E07000039,B25,14,2,7.0
E07000043,B25,2,2,1.0
E07000044,B25,1,1,1.0
E07000045,B25,1,1,1.0
E07000047,B25,1,1,1.0
E07000061,B25,4,4,1.0
E07000062,B25,6,6,1.0
E07000063,B25,7,5,1.4
E07000064,B25,9,9,1.0
E07000065,B25,13,13,1.0
E07000066,B25,6,5,1.2
E07000067,B25,2,2,1.0
E07000068,B25,4,4,1.0
E07000069,B25,5,1,5.0
E07000070,B25,3,2,1.5
E07000072,B25,13,4,3.25
E07000073,B25,8,3,2.6666666666666665
E07000076,B25,2,2,1.0
E07000077,B25,3,2,1.5
E07000078,B25,3,3,1.0
E07000079,B25,9,6,1.5
E07000080,B25,12,9,1.3333333333333333
E07000081,B25,6,3,2.0
E07000082,B25,6,6,1.0
E07000083,B25,4,4,1.0
E07000084,B25,14,10,1.4
E07000085,B25,25,11,2.272727272727273
E07000086,B25,2,2,1.0
E07000087,B25,1,1,1.0
E07000088,B25,2,1,2.0
E07000089,B25,9,8,1.125
E07000090,B25,2,2,1.0
E07000091,B25,6,6,1.0
E07000092,B25,1,1,1.0
E07000093,B25,6,5,1.2
E07000094,B25,1,1,1.0
E07000096,B25,6,5,1.2
E07000098,B25,3,3,1.0
E07000099,B25,2,2,1.0
E07000102,B25,6,6,1.0
E07000103,B25,1,1,1.0
E07000105,B25,3,3,1.0
E07000106,B25,2,1,2.0
E07000107,B25,2,2,1.0
E07000108,B25,1,1,1.0
E07000109,B25,1,1,1.0
E07000110,B25,2,2,1.0
E07000111,B25,37,6,6.166666666666667
E07000112,B25,7,4,1.75
E07000113,B25,12,5,2.4
E07000115,B25,4,3,1.3333333333333333
E07000116,B25,4,3,1.3333333333333333
E07000118,B25,4,2,2.0
E07000119,B25,2,2,1.0
E07000121,B25,4,2,2.0
E07000122,B25,1,1,1.0
E07000123,B25,1,1,1.0
E07000124,B25,3,2,1.5
E07000125,B25,1,1,1.0
E07000127,B25,1,1,1.0
E07000128,B25,3,3,1.0
E07000129,B25,2,1,2.0
E07000131,B25,1,1,1.0
E07000133,B25,1,1,1.0
E07000136,B25,24,16,1.5
E07000137,B25,93,50,1.86
E07000138,B25,18,11,1.6363636363636365
E07000139,B25,77,39,1.9743589743589745
E07000140,B25,38,19,2.0
E07000141,B25,96,41,2.341463414634146
E07000142,B25,41,25,1.64
E07000144,B25,1,1,1.0
E07000145,B25,1,1,1.0
E07000146,B25,4,4,1.0
E07000149,B25,1,1,1.0
E07000150,B25,85,15,5.666666666666667
E07000151,B25,133,38,3.5
E07000152,B25,130,34,3.823529411764706
E07000153,B25,88,34,2.588235294117647
E07000154,B25,271,39,6.948717948717949
E07000155,B25,91,45,2.022222222222222
E07000156,B25,126,33,3.8181818181818183
E07000163,B25,2,2,1.0
E07000164,B25,2,1,2.0
E07000165,B25,3,3,1.0
E07000169,B25,2,2,1.0
E07000170,B25,4,4,1.0
E07000172,B25,1,1,1.0
E07000173,B25,1,1,1.0
E07000175,B25,1,1,1.0
E07000176,B25,5,4,1.25
E07000177,B25,59,47,1.2553191489361701
E07000178,B25,33,27,1.2222222222222223
E07000179,B25,46,35,1.3142857142857143
E07000180,B25,66,42,1.5714285714285714
E07000181,B25,78,47,1.6595744680851063
E07000187,B25,6,4,1.5
E07000188,B25,1,1,1.0
E07000189,B25,3,3,1.0
E07000192,B25,4,2,2.0
E07000194,B25,2,2,1.0
E07000195,B25,2,2,1.0
E07000200,B25,2,2,1.0
E07000202,B25,1,1,1.0
E07000208,B25,3,3,1.0
E07000209,B25,2,2,1.0
E07000210,B25,2,2,1.0
E07000211,B25,2,2,1.0
E07000212,B25,8,4,2.0
E07000213,B25,7,7,1.0
E07000214,B25,3,2,1.5
E07000215,B25,6,6,1.0
E07000216,B25,11,7,1.5714285714285714
E07000217,B25,3,2,1.5
E07000218,B25,4,3,1.3333333333333333
E07000219,B25,20,7,2.857142857142857
E07000220,B25,5,4,1.25
E07000221,B25,19,15,1.2666666666666666
E07000222,B25,40,15,2.6666666666666665
E07000223,B25,2,1,2.0
E07000224,B25,6,6,1.0
E07000225,B25,7,7,1.0
E07000226,B25,1,1,1.0
E07000227,B25,5,4,1.25
E07000228,B25,3,3,1.0
E07000229,B25,2,2,1.0
E07000238,B25,1,1,1.0
E07000241,B25,4,3,1.3333333333333333
E07000242,B25,3,3,1.0
E07000243,B25,1,1,1.0
E07000244,B25,2,2,1.0
E07000245,B25,2,2,1.0
E07000246,B25,3,2,1.5
E08000001,B25,5,3,1.6666666666666667
E08000002,B25,4,4,1.0
E08000003,B25,34,10,3.4
E08000004,B25,3,3,1.0
E08000007,B25,2,2,1.0
E08000008,B25,3,3,1.0
E08000009,B25,1,1,1.0
E08000010,B25,1,1,1.0
E08000011,B25,1,1,1.0
E08000012,B25,4,4,1.0
E08000013,B25,2,2,1.0
E08000016,B25,8,7,1.1428571428571428
E08000018,B25,4,3,1.3333333333333333
E08000025,B25,28,16,1.75
E08000026,B25,11,8,1.375
E08000027,B25,2,2,1.0
E08000029,B25,9,7,1.2857142857142858
E08000030,B25,1,1,1.0
E08000031,B25,2,2,1.0
E08000032,B25,4,3,1.3333333333333333
E08000033,B25,2,2,1.0
E08000034,B25,3,3,1.0
E09000002,B25,3,3,1.0
E09000003,B25,11,9,1.2222222222222223
E09000004,B25,74,60,1.2333333333333334
E09000005,B25,2,2,1.0
E09000006,B25,311,214,1.4532710280373833
E09000008,B25,5,5,1.0
E09000009,B25,1,1,1.0
E09000010,B25,10,3,3.3333333333333335
E09000011,B25,4,4,1.0
E09000012,B25,6,4,1.5
E09000014,B25,1,1,1.0
E09000017,B25,7,4,1.75
E09000018,B25,57,42,1.3571428571428572
E09000019,B25,2,2,1.0
E09000020,B25,1,1,1.0
E09000021,B25,3,2,1.5
E09000022,B25,6,6,1.0
E09000023,B25,10,10,1.0
E09000024,B25,1,1,1.0
E09000025,B25,3,2,1.5
E09000029,B25,5,2,2.5
E09000031,B25,1,1,1.0
E09000032,B25,2,2,1.0
E09000033,B25,16,6,2.6666666666666665
N09000003,B25,1,1,1.0
N09000006,B25,1,1,1.0
N09000011,B25,1,1,1.0
S12000005,B25,1,1,1.0
S12000006,B25,4,4,1.0
S12000008,B25,2,1,2.0
S12000011,B25,5,1,5.0
S12000017,B25,5,5,1.0
S12000019,B25,1,1,1.0
S12000026,B25,8,6,1.3333333333333333
S12000028,B25,4,1,4.0
S12000030,B25,1,1,1.0
S12000033,B25,1,1,1.0
S12000034,B25,5,4,1.25
S12000036,B25,10,9,1.1111111111111112
S12000038,B25,9,5,1.8
S12000039,B25,1,1,1.0
S12000040,B25,5,4,1.25
S12000045,B25,6,4,1.5
S12000048,B25,2,2,1.0
S12000049,B25,20,18,1.1111111111111112
S12000050,B25,4,4,1.0
W06000001,B25,1,1,1.0
W06000002,B25,1,1,1.0
W06000003,B25,1,1,1.0
W06000004,B25,1,1,1.0
W06000006,B25,4,3,1.3333333333333333
W06000010,B25,1,1,1.0
W06000011,B25,1,1,1.0
W06000012,B25,1,1,1.0
W06000013,B25,13,12,1.0833333333333333
W06000014,B25,2,2,1.0
W06000015,B25,4,4,1.0
W06000016,B25,1,1,1.0
W06000018,B25,2,2,1.0
W06000019,B25,1,1,1.0
W06000020,B25,1,1,1.0
W06000021,B25,4,4,1.0
W06000022,B25,2,1,2.0
W06000023,B25,8,7,1.1428571428571428
W06000024,B25,4,2,2.0
E06000001,B26,14,11,1.2727272727272727
E06000002,B26,5,5,1.0
E06000003,B26,13,9,1.4444444444444444
E06000004,B26,22,13,1.6923076923076923
E06000005,B26,26,10,2.6
E06000006,B26,5,4,1.25
E06000007,B26,2,2,1.0
E06000008,B26,12,9,1.3333333333333333
E06000010,B26,16,12,1.3333333333333333
E06000012,B26,2,2,1.0
E06000013,B26,1,1,1.0
E06000014,B26,3,2,1.5
E06000015,B26,13,7,1.8571428571428572
E06000016,B26,7,7,1.0
E06000017,B26,12,7,1.7142857142857142
E06000018,B26,2,2,1.0
E06000019,B26,2,2,1.0
E06000020,B26,3,3,1.0
E06000021,B26,23,13,1.7692307692307692
E06000022,B26,372,200,1.86
E06000023,B26,7,6,1.1666666666666667
E06000024,B26,3,3,1.0
E06000025,B26,17,7,2.4285714285714284
E06000027,B26,1,1,1.0
E06000030,B26,4,4,1.0
E06000031,B26,78,42,1.8571428571428572
E06000032,B26,28,20,1.4
E06000033,B26,6,6,1.0
E06000034,B26,4,4,1.0
E06000035,B26,30,22,1.3636363636363635
E06000036,B26,6,6,1.0
E06000038,B26,13,11,1.1818181818181819
E06000039,B26,12,4,3.0
E06000040,B26,5,3,1.6666666666666667
E06000041,B26,28,23,1.2173913043478262
E06000042,B26,7,6,1.1666666666666667
E06000043,B26,4,4,1.0
E06000044,B26,3,3,1.0
E06000045,B26,2,2,1.0
E06000046,B26,98,21,4.666666666666667
E06000047,B26,2,2,1.0
E06000049,B26,3,1,3.0
E06000050,B26,2,2,1.0
E06000051,B26,17,13,1.3076923076923077
E06000052,B26,16,11,1.4545454545454546
E06000054,B26,3,2,1.5
E06000055,B26,16,11,1.4545454545454546
E06000057,B26,10,10,1.0
E06000058,B26,1,1,1.0
E06000059,B26,5,4,1.25
E06000060,B26,537,389,1.3804627249357326
E07000008,B26,1,1,1.0
E07000009,B26,2,2,1.0
E07000010,B26,1,1,1.0
E07000011,B26,2,2,1.0
E07000012,B26,2,1,2.0
E07000026,B26,3,3,1.0
E07000027,B26,1,1,1.0
E07000028,B26,3,3,1.0
E07000029,B26,2,2,1.0
E07000031,B26,3,2,1.5
E07000032,B26,6,5,1.2
E07000033,B26,4,4,1.0
E07000034,B26,3,3,1.0
E07000035,B26,6,5,1.2
E07000036,B26,9,5,1.8
E07000037,B26,6,5,1.2
E07000038,B26,4,4,1.0
E07000039,B26,5,2,2.5
E07000040,B26,1,1,1.0
E07000044,B26,2,2,1.0
E07000045,B26,1,1,1.0
E07000062,B26,7,4,1.75
E07000063,B26,8,5,1.6
E07000064,B26,12,10,1.2
E07000065,B26,4,4,1.0
E07000066,B26,3,3,1.0
E07000068,B26,11,4,2.75
E07000069,B26,4,3,1.3333333333333333
E07000070,B26,2,1,2.0
E07000071,B26,6,6,1.0
E07000072,B26,2,2,1.0
E07000073,B26,7,4,1.75
E07000076,B26,2,1,2.0
E07000079,B26,2,2,1.0
E07000081,B26,5,3,1.6666666666666667
E07000082,B26,3,2,1.5
E07000083,B26,6,4,1.5
E07000084,B26,7,6,1.1666666666666667
E07000085,B26,7,4,1.75
E07000086,B26,3,3,1.0
E07000087,B26,2,2,1.0
E07000088,B26,4,1,4.0
E07000089,B26,80,69,1.1594202898550725
E07000090,B26,7,4,1.75
E07000091,B26,3,2,1.5
E07000093,B26,6,5,1.2
E07000094,B26,25,14,1.7857142857142858
E07000095,B26,2,2,1.0
E07000096,B26,12,8,1.5
E07000098,B26,7,7,1.0
E07000099,B26,19,16,1.1875
E07000102,B26,12,9,1.3333333333333333
E07000103,B26,2,2,1.0
E07000105,B26,5,5,1.0
E07000106,B26,3,2,1.5
E07000107,B26,5,4,1.25
E07000109,B26,19,5,3.8
E07000111,B26,40,27,1.4814814814814814
E07000112,B26,8,4,2.0
E07000113,B26,27,10,2.7
E07000114,B26,2,1,2.0
E07000115,B26,9,6,1.5
E07000116,B26,13,10,1.3
E07000118,B26,4,3,1.3333333333333333
E07000119,B26,2,2,1.0
E07000120,B26,7,7,1.0
E07000121,B26,9,8,1.125
E07000122,B26,2,2,1.0
E07000123,B26,20,13,1.5384615384615385
E07000125,B26,2,2,1.0
E07000126,B26,4,2,2.0
E07000128,B26,1,1,1.0
E07000129,B26,5,5,1.0
E07000130,B26,6,5,1.2
E07000131,B26,9,5,1.8
E07000132,B26,9,5,1.8
E07000133,B26,4,3,1.3333333333333333
E07000134,B26,2,2,1.0
E07000136,B26,6,4,1.5
E07000137,B26,11,10,1.1
E07000138,B26,13,7,1.8571428571428572
E07000139,B26,26,18,1.4444444444444444
E07000140,B26,6,6,1.0
E07000141,B26,17,10,1.7
E07000142,B26,6,5,1.2
E07000143,B26,3,3,1.0
E07000144,B26,3,3,1.0
E07000146,B26,2,2,1.0
E07000148,B26,1,1,1.0
E07000149,B26,4,4,1.0
E07000150,B26,1,1,1.0
E07000151,B26,10,8,1.25
E07000152,B26,7,6,1.1666666666666667
E07000153,B26,13,8,1.625
E07000154,B26,38,25,1.52
E07000155,B26,9,6,1.5
E07000156,B26,4,3,1.3333333333333333
E07000163,B26,1,1,1.0
E07000164,B26,2,1,2.0
E07000165,B26,2,2,1.0
E07000167,B26,3,3,1.0
E07000168,B26,1,1,1.0
E07000169,B26,6,4,1.5
E07000170,B26,2,2,1.0
E07000171,B26,5,5,1.0
E07000172,B26,4,4,1.0
E07000173,B26,1,1,1.0
E07000174,B26,6,2,3.0
E07000175,B26,3,3,1.0
E07000176,B26,2,2,1.0
E07000177,B26,32,28,1.1428571428571428
E07000178,B26,27,21,1.2857142857142858
E07000179,B26,73,44,1.6590909090909092
E07000180,B26,27,18,1.5
E07000181,B26,21,16,1.3125
E07000187,B26,12,10,1.2
E07000188,B26,10,6,1.6666666666666667
E07000189,B26,19,14,1.3571428571428572
E07000192,B26,1,1,1.0
E07000194,B26,1,1,1.0
E07000196,B26,8,7,1.1428571428571428
E07000197,B26,4,4,1.0
E07000199,B26,3,3,1.0
E07000203,B26,7,4,1.75
E07000207,B26,3,3,1.0
E07000208,B26,5,5,1.0
E07000209,B26,3,3,1.0
E07000211,B26,7,6,1.1666666666666667
E07000212,B26,19,12,1.5833333333333333
E07000213,B26,7,6,1.1666666666666667
E07000214,B26,1,1,1.0
E07000215,B26,4,4,1.0
E07000216,B26,5,4,1.25
E07000217,B26,4,4,1.0
E07000218,B26,11,7,1.5714285714285714
E07000219,B26,4,4,1.0
E07000220,B26,15,7,2.142857142857143
E07000221,B26,14,13,1.0769230769230769
E07000222,B26,28,14,2.0
E07000223,B26,6,5,1.2
E07000224,B26,2,2,1.0
E07000225,B26,2,2,1.0
E07000226,B26,8,4,2.0
E07000227,B26,1,1,1.0
E07000228,B26,1,1,1.0
E07000234,B26,13,11,1.1818181818181819
E07000235,B26,1,1,1.0
E07000238,B26,3,2,1.5
E07000240,B26,27,16,1.6875
E07000241,B26,10,8,1.25
E07000242,B26,3,3,1.0
E07000243,B26,150,67,2.2388059701492535
E07000244,B26,3,3,1.0
E07000245,B26,2,2,1.0
E07000246,B26,7,6,1.1666666666666667
E08000001,B26,10,7,1.4285714285714286
E08000002,B26,13,8,1.625
E08000003,B26,166,53,3.1320754716981134
E08000004,B26,6,5,1.2
E08000005,B26,6,5,1.2
E08000007,B26,3,3,1.0
E08000008,B26,9,6,1.5
E08000009,B26,1,1,1.0
E08000010,B26,2,2,1.0
E08000011,B26,5,3,1.6666666666666667
E08000012,B26,19,16,1.1875
E08000013,B26,5,2,2.5
E08000014,B26,5,4,1.25
E08000015,B26,1,1,1.0
E08000016,B26,8,5,1.6
E08000017,B26,1,1,1.0
E08000018,B26,15,10,1.5
E08000019,B26,208,101,2.0594059405940595
E08000021,B26,1,1,1.0
E08000022,B26,9,6,1.5
E08000023,B26,2,2,1.0
E08000024,B26,24,16,1.5
E08000025,B26,286,144,1.9861111111111112
E08000026,B26,15,14,1.0714285714285714
E08000027,B26,13,7,1.8571428571428572
E08000028,B26,5,5,1.0
E08000029,B26,25,18,1.3888888888888888
E08000030,B26,19,12,1.5833333333333333
E08000031,B26,28,15,1.8666666666666667
E08000032,B26,23,16,1.4375
E08000033,B26,10,7,1.4285714285714286
E08000034,B26,1,1,1.0
E08000035,B26,3,3,1.0
E08000036,B26,5,4,1.25
E08000037,B26,11,8,1.375
E09000002,B26,2,2,1.0
E09000003,B26,37,27,1.3703703703703705
E09000004,B26,29,28,1.0357142857142858
E09000005,B26,7,7,1.0
E09000007,B26,4,4,1.0
E09000008,B26,45,31,1.4516129032258065
E09000009,B26,1,1,1.0
E09000010,B26,157,36,4.361111111111111
E09000011,B26,323,232,1.3922413793103448
E09000012,B26,3,2,1.5
E09000013,B26,8,4,2.0
E09000014,B26,23,14,1.6428571428571428
E09000015,B26,9,8,1.125
E09000016,B26,1,1,1.0
E09000017,B26,47,32,1.46875
E09000018,B26,1572,336,4.678571428571429
E09000019,B26,2,2,1.0
E09000020,B26,19,1,19.0
E09000021,B26,13,9,1.4444444444444444
E09000022,B26,33,18,1.8333333333333333
E09000023,B26,922,388,2.3762886597938144
E09000024,B26,8,7,1.1428571428571428
E09000026,B26,1,1,1.0
E09000027,B26,13,10,1.3
E09000028,B26,23,16,1.4375
E09000029,B26,15,12,1.25
E09000030,B26,1,1,1.0
E09000031,B26,6,6,1.0
E09000032,B26,5,5,1.0
E09000033,B26,427,66,6.46969696969697
N09000001,B26,3,2,1.5
N09000003,B26,4,3,1.3333333333333333
N09000005,B26,5,3,1.6666666666666667
N09000006,B26,1,1,1.0
S12000011,B26,1,1,1.0
S12000017,B26,5,3,1.6666666666666667
S12000019,B26,1,1,1.0
S12000026,B26,2,2,1.0
S12000028,B26,3,1,3.0
S12000030,B26,4,4,1.0
S12000033,B26,2,2,1.0
S12000034,B26,3,2,1.5
S12000036,B26,45,26,1.7307692307692308
S12000038,B26,9,6,1.5
S12000040,B26,6,6,1.0
S12000041,B26,1,1,1.0
S12000045,B26,7,6,1.1666666666666667
S12000048,B26,1,1,1.0
S12000049,B26,39,16,2.4375
S12000050,B26,45,15,3.0
W06000003,B26,7,7,1.0
W06000005,B26,4,2,2.0
W06000006,B26,2,2,1.0
W06000009,B26,10,7,1.4285714285714286
W06000010,B26,7,6,1.1666666666666667
W06000011,B26,15,10,1.5
W06000012,B26,1,1,1.0
W06000013,B26,26,23,1.1304347826086956
W06000014,B26,6,6,1.0
W06000015,B26,19,11,1.7272727272727273
W06000016,B26,5,5,1.0
W06000018,B26,4,3,1.3333333333333333
W06000020,B26,2,2,1.0
W06000021,B26,5,4,1.25
W06000022,B26,13,11,1.1818181818181819
W06000024,B26,6,4,1.5
E06000004,B27,1,1,1.0
E06000005,B27,1,1,1.0
E06000017,B27,1,1,1.0
E06000022,B27,1,1,1.0
E06000023,B27,5,4,1.25
E06000031,B27,15,13,1.1538461538461537
E06000032,B27,1,1,1.0
E06000033,B27,1,1,1.0
E06000041,B27,1,1,1.0
E06000042,B27,1,1,1.0
E06000043,B27,9,5,1.8
E06000046,B27,13,1,13.0
E06000049,B27,70,4,17.5
E06000055,B27,1,1,1.0
E06000060,B27,3,3,1.0
E07000035,B27,1,1,1.0
E07000075,B27,1,1,1.0
E07000089,B27,1,1,1.0
E07000098,B27,1,1,1.0
E07000113,B27,2,2,1.0
E07000125,B27,1,1,1.0
E07000126,B27,1,1,1.0
E07000130,B27,1,1,1.0
E07000134,B27,1,1,1.0
E07000137,B27,1,1,1.0
E07000138,B27,1,1,1.0
E07000139,B27,1,1,1.0
E07000141,B27,2,1,2.0
E07000143,B27,1,1,1.0
E07000154,B27,1,1,1.0
E07000177,B27,3,3,1.0
E07000180,B27,1,1,1.0
E07000181,B27,1,1,1.0
E07000193,B27,1,1,1.0
E07000209,B27,1,1,1.0
E07000227,B27,1,1,1.0
E07000243,B27,29,10,2.9
E07000245,B27,1,1,1.0
E08000007,B27,1,1,1.0
E09000004,B27,67,51,1.3137254901960784
E09000006,B27,554,356,1.5561797752808988
E09000017,B27,1,1,1.0
E09000018,B27,90,40,2.25
E09000021,B27,1,1,1.0
E09000023,B27,2,2,1.0
E09000028,B27,1,1,1.0
S12000045,B27,1,1,1.0
W06000022,B27,1,1,1.0
E06000002,B28,1,1,1.0
E06000003,B28,3,3,1.0
E06000004,B28,2,2,1.0
E06000008,B28,1,1,1.0
E06000009,B28,2,2,1.0
E06000010,B28,1,1,1.0
E06000013,B28,1,1,1.0
E06000014,B28,1,1,1.0
E06000015,B28,2,2,1.0
E06000016,B28,1,1,1.0
E06000017,B28,6,6,1.0
E06000019,B28,1,1,1.0
E06000020,B28,1,1,1.0
E06000022,B28,27,25,1.08
E06000023,B28,116,94,1.2340425531914894
E06000024,B28,4,3,1.3333333333333333
E06000025,B28,3,1,3.0
E06000030,B28,1,1,1.0
E06000031,B28,6,6,1.0
E06000032,B28,3,2,1.5
E06000035,B28,4,1,4.0
E06000036,B28,1,1,1.0
E06000037,B28,1,1,1.0
E06000038,B28,1,1,1.0
E06000039,B28,2,2,1.0
E06000040,B28,12,2,6.0
E06000041,B28,1,1,1.0
E06000042,B28,4,3,1.3333333333333333
E06000043,B28,3,3,1.0
E06000046,B28,19,7,2.7142857142857144
E06000049,B28,57,5,11.4
E06000051,B28,3,3,1.0
E06000052,B28,7,6,1.1666666666666667
E06000056,B28,3,2,1.5
E06000057,B28,1,1,1.0
E06000059,B28,1,1,1.0
E06000060,B28,158,105,1.5047619047619047
E07000027,B28,1,1,1.0
E07000029,B28,2,2,1.0
E07000032,B28,2,2,1.0
E07000035,B28,2,2,1.0
E07000036,B28,2,2,1.0
E07000038,B28,4,4,1.0
E07000039,B28,1,1,1.0
E07000063,B28,1,1,1.0
E07000064,B28,3,3,1.0
E07000065,B28,1,1,1.0
E07000066,B28,1,1,1.0
E07000068,B28,2,2,1.0
E07000069,B28,1,1,1.0
E07000070,B28,3,2,1.5
E07000071,B28,1,1,1.0
E07000072,B28,1,1,1.0
E07000073,B28,1,1,1.0
E07000075,B28,1,1,1.0
E07000076,B28,2,1,2.0
E07000078,B28,2,2,1.0
E07000079,B28,1,1,1.0
E07000082,B28,1,1,1.0
E07000083,B28,1,1,1.0
E07000084,B28,2,2,1.0
E07000086,B28,1,1,1.0
E07000089,B28,3,3,1.0
E07000091,B28,2,2,1.0
E07000096,B28,2,1,2.0
E07000098,B28,2,2,1.0
E07000102,B28,3,1,3.0
E07000105,B28,1,1,1.0
E07000107,B28,1,1,1.0
E07000108,B28,3,2,1.5
E07000111,B28,2,2,1.0
E07000113,B28,2,2,1.0
E07000115,B28,1,1,1.0
E07000120,B28,1,1,1.0
E07000121,B28,2,2,1.0
E07000127,B28,1,1,1.0
E07000128,B28,2,1,2.0
E07000134,B28,1,1,1.0
E07000136,B28,7,5,1.4
E07000137,B28,17,12,1.4166666666666667
E07000138,B28,28,18,1.5555555555555556
E07000139,B28,38,24,1.5833333333333333
E07000140,B28,16,13,1.2307692307692308
E07000141,B28,18,15,1.2
E07000142,B28,34,23,1.4782608695652173
E07000143,B28,2,2,1.0
E07000144,B28,1,1,1.0
E07000145,B28,2,2,1.0
E07000146,B28,1,1,1.0
E07000149,B28,2,2,1.0
E07000153,B28,1,1,1.0
E07000154,B28,3,3,1.0
E07000155,B28,1,1,1.0
E07000156,B28,4,3,1.3333333333333333
E07000164,B28,1,1,1.0
E07000165,B28,1,1,1.0
E07000171,B28,2,2,1.0
E07000173,B28,2,2,1.0
E07000174,B28,1,1,1.0
E07000175,B28,1,1,1.0
E07000177,B28,65,29,2.2413793103448274
E07000178,B28,47,27,1.7407407407407407
E07000179,B28,48,37,1.2972972972972974
E07000180,B28,73,55,1.3272727272727274
E07000181,B28,50,37,1.3513513513513513
E07000187,B28,10,6,1.6666666666666667
E07000189,B28,2,2,1.0
E07000202,B28,5,1,5.0
E07000209,B28,2,2,1.0
E07000212,B28,1,1,1.0
E07000216,B28,1,1,1.0
E07000217,B28,1,1,1.0
E07000218,B28,1,1,1.0
E07000219,B28,1,1,1.0
E07000221,B28,1,1,1.0
E07000222,B28,11,4,2.75
E07000224,B28,1,1,1.0
E07000227,B28,1,1,1.0
E07000240,B28,2,2,1.0
E07000242,B28,1,1,1.0
E07000243,B28,2,2,1.0
E07000244,B28,5,5,1.0
E07000245,B28,1,1,1.0
E08000002,B28,2,2,1.0
E08000007,B28,1,1,1.0
E08000012,B28,15,3,5.0
E08000016,B28,1,1,1.0
E08000018,B28,1,1,1.0
E08000019,B28,5,4,1.25
E08000025,B28,21,8,2.625
E08000026,B28,1,1,1.0
E08000027,B28,3,3,1.0
E08000029,B28,2,2,1.0
E08000031,B28,5,5,1.0
E08000032,B28,8,8,1.0
E08000033,B28,1,1,1.0
E08000035,B28,3,3,1.0
E09000001,B28,1,1,1.0
E09000002,B28,1,1,1.0
E09000003,B28,3,3,1.0
E09000004,B28,19,17,1.1176470588235294
E09000006,B28,179,103,1.7378640776699028
E09000008,B28,1,1,1.0
E09000011,B28,4,4,1.0
E09000012,B28,1,1,1.0
E09000018,B28,22,19,1.1578947368421053
E09000020,B28,3,3,1.0
E09000021,B28,3,3,1.0
E09000023,B28,8,4,2.0
E09000024,B28,3,2,1.5
E09000027,B28,1,1,1.0
E09000031,B28,1,1,1.0
E09000032,B28,1,1,1.0
E09000033,B28,57,15,3.8
N09000003,B28,4,4,1.0
N09000005,B28,1,1,1.0
N09000010,B28,1,1,1.0
N09000011,B28,1,1,1.0
S12000017,B28,1,1,1.0
S12000019,B28,1,1,1.0
S12000026,B28,1,1,1.0
S12000028,B28,2,2,1.0
S12000033,B28,1,1,1.0
S12000034,B28,1,1,1.0
S12000036,B28,5,5,1.0
S12000040,B28,2,2,1.0
S12000041,B28,1,1,1.0
S12000045,B28,2,1,2.0
S12000049,B28,15,14,1.0714285714285714
S12000050,B28,2,2,1.0
W06000006,B28,1,1,1.0
W06000009,B28,1,1,1.0
W06000011,B28,2,2,1.0
W06000013,B28,23,19,1.2105263157894737
W06000014,B28,1,1,1.0
W06000015,B28,4,4,1.0
W06000018,B28,2,2,1.0
W06000022,B28,2,2,1.0
W06000023,B28,1,1,1.0
E06000023,B29,8,7,1.1428571428571428
E06000037,B29,3,3,1.0
E06000046,B29,47,1,47.0
E07000065,B29,1,1,1.0
E09000004,B29,4,2,2.0
E09000018,B29,4,4,1.0
E06000014,B3,1,1,1.0
E06000023,B3,2,2,1.0
E06000049,B3,2,1,2.0
E06000060,B3,20,18,1.1111111111111112
E07000064,B3,1,1,1.0
E07000065,B3,1,1,1.0
E07000071,B3,1,1,1.0
E07000084,B3,1,1,1.0
E07000137,B3,3,3,1.0
E07000138,B3,1,1,1.0
E07000139,B3,6,3,2.0
E07000140,B3,1,1,1.0
E07000141,B3,2,2,1.0
E07000142,B3,5,3,1.6666666666666667
E07000150,B3,1,1,1.0
E07000152,B3,7,3,2.3333333333333335
E07000153,B3,2,1,2.0
E07000154,B3,2,1,2.0
E07000155,B3,3,3,1.0
E07000156,B3,2,2,1.0
E07000178,B3,1,1,1.0
E07000179,B3,2,2,1.0
E07000180,B3,4,4,1.0
E07000181,B3,1,1,1.0
E07000213,B3,1,1,1.0
E07000220,B3,2,2,1.0
E07000221,B3,1,1,1.0
E06000006,B4,1,1,1.0
E06000022,B4,4,4,1.0
E06000031,B4,1,1,1.0
E06000032,B4,1,1,1.0
E06000044,B4,1,1,1.0
E06000046,B4,1,1,1.0
E07000034,B4,1,1,1.0
E07000066,B4,1,1,1.0
E07000105,B4,1,1,1.0
E07000121,B4,1,1,1.0
E07000155,B4,1,1,1.0
E07000178,B4,1,1,1.0
E07000199,B4,1,1,1.0
E07000221,B4,1,1,1.0
E07000243,B4,1,1,1.0
E08000003,B4,1,1,1.0
E08000021,B4,1,1,1.0
E08000029,B4,1,1,1.0
E08000031,B4,1,1,1.0
E09000006,B4,2,1,2.0
E09000014,B4,1,1,1.0
E09000018,B4,1,1,1.0
E09000023,B4,4,3,1.3333333333333333
S12000049,B4,1,1,1.0
W06000009,B4,1,1,1.0
E06000049,B5,8,2,4.0
E06000003,B6,2,2,1.0
E06000009,B6,1,1,1.0
E06000010,B6,4,3,1.3333333333333333
E06000015,B6,1,1,1.0
E06000016,B6,2,2,1.0
E06000019,B6,1,1,1.0
E06000022,B6,3,3,1.0
E06000025,B6,1,1,1.0
E06000031,B6,1,1,1.0
E06000039,B6,1,1,1.0
E06000044,B6,1,1,1.0
E06000046,B6,7,1,7.0
E06000050,B6,1,1,1.0
E06000051,B6,1,1,1.0
E06000055,B6,1,1,1.0
E06000059,B6,1,1,1.0
E06000060,B6,5,5,1.0
E07000032,B6,1,1,1.0
E07000037,B6,1,1,1.0
E07000064,B6,3,2,1.5
E07000066,B6,1,1,1.0
E07000085,B6,1,1,1.0
E07000089,B6,2,2,1.0
E07000090,B6,1,1,1.0
E07000092,B6,1,1,1.0
E07000095,B6,3,3,1.0
E07000096,B6,2,1,2.0
E07000103,B6,1,1,1.0
E07000105,B6,2,2,1.0
E07000109,B6,1,1,1.0
E07000112,B6,1,1,1.0
E07000119,B6,1,1,1.0
E07000126,B6,2,2,1.0
E07000130,B6,1,1,1.0
E07000131,B6,3,3,1.0
E07000138,B6,1,1,1.0
E07000144,B6,1,1,1.0
E07000145,B6,2,2,1.0
E07000148,B6,1,1,1.0
E07000153,B6,2,1,2.0
E07000154,B6,3,2,1.5
E07000177,B6,1,1,1.0
E07000178,B6,1,1,1.0
E07000179,B6,1,1,1.0
E07000180,B6,5,2,2.5
E07000181,B6,3,2,1.5
E07000187,B6,1,1,1.0
E07000189,B6,1,1,1.0
E07000200,B6,1,1,1.0
E07000207,B6,1,1,1.0
E07000213,B6,1,1,1.0
E07000220,B6,1,1,1.0
E07000226,B6,1,1,1.0
E07000240,B6,3,3,1.0
E07000242,B6,4,2,2.0
E07000243,B6,10,3,3.3333333333333335
E08000002,B6,1,1,1.0
E08000003,B6,2,2,1.0
E08000004,B6,1,1,1.0
E08000005,B6,1,1,1.0
E08000011,B6,1,1,1.0
E08000012,B6,1,1,1.0
E08000014,B6,1,1,1.0
E08000016,B6,8,3,2.6666666666666665
E08000018,B6,1,1,1.0
E08000019,B6,1,1,1.0
E08000025,B6,4,4,1.0
E08000029,B6,1,1,1.0
E08000031,B6,1,1,1.0
E08000037,B6,1,1,1.0
E09000011,B6,2,2,1.0
E09000015,B6,1,1,1.0
E09000017,B6,1,1,1.0
E09000018,B6,7,6,1.1666666666666667
E09000023,B6,8,7,1.1428571428571428
E09000027,B6,2,2,1.0
E09000033,B6,20,7,2.857142857142857
S12000020,B6,1,1,1.0
S12000030,B6,1,1,1.0
S12000033,B6,1,1,1.0
S12000034,B6,2,2,1.0
S12000036,B6,1,1,1.0
S12000038,B6,2,2,1.0
S12000047,B6,3,3,1.0
S12000049,B6,3,1,3.0
S12000050,B6,4,4,1.0
W06000003,B6,1,1,1.0
W06000009,B6,1,1,1.0
W06000011,B6,2,2,1.0
W06000013,B6,7,7,1.0
W06000016,B6,1,1,1.0
W06000018,B6,2,2,1.0
W06000022,B6,1,1,1.0
E06000017,B7,2,2,1.0
E06000021,B7,6,2,3.0
E06000022,B7,39,28,1.3928571428571428
E06000023,B7,65,58,1.1206896551724137
E06000031,B7,6,6,1.0
E06000037,B7,3,3,1.0
E06000043,B7,1,1,1.0
E06000046,B7,44,11,4.0
E06000049,B7,93,1,93.0
E06000060,B7,58,50,1.16
E07000044,B7,1,1,1.0
E07000061,B7,1,1,1.0
E07000062,B7,3,2,1.5
E07000063,B7,1,1,1.0
E07000064,B7,6,6,1.0
E07000065,B7,1,1,1.0
E07000068,B7,1,1,1.0
E07000136,B7,5,2,2.5
E07000137,B7,24,10,2.4
E07000138,B7,4,2,2.0
E07000139,B7,6,3,2.0
E07000140,B7,10,6,1.6666666666666667
E07000141,B7,18,8,2.25
E07000142,B7,6,4,1.5
E07000150,B7,1,1,1.0
E07000151,B7,14,10,1.4
E07000152,B7,8,7,1.1428571428571428
E07000153,B7,21,14,1.5
E07000154,B7,20,15,1.3333333333333333
E07000155,B7,7,4,1.75
E07000156,B7,7,5,1.4
E07000177,B7,31,25,1.24
E07000178,B7,20,17,1.1764705882352942
E07000179,B7,59,47,1.2553191489361701
E07000180,B7,29,27,1.0740740740740742
E07000181,B7,36,28,1.2857142857142858
E07000218,B7,4,3,1.3333333333333333
E07000219,B7,10,9,1.1111111111111112
E07000220,B7,5,5,1.0
E07000221,B7,9,9,1.0
E07000222,B7,17,16,1.0625
E08000025,B7,3,2,1.5
E09000003,B7,7,5,1.4
E09000004,B7,23,21,1.0952380952380953
E09000006,B7,2,2,1.0
E09000008,B7,1,1,1.0
E09000011,B7,3,2,1.5
E09000017,B7,2,2,1.0
E09000018,B7,16,12,1.3333333333333333
E09000023,B7,2,2,1.0
E09000027,B7,2,1,2.0
E09000028,B7,1,1,1.0
E09000030,B7,1,1,1.0
E09000033,B7,34,19,1.7894736842105263
E06000022,B8,18,14,1.2857142857142858
E06000046,B8,32,4,8.0
E07000064,B8,1,1,1.0
E07000085,B8,1,1,1.0
E07000243,B8,4,3,1.3333333333333333
E09000004,B8,19,18,1.0555555555555556
E09000011,B8,30,28,1.0714285714285714
E09000018,B8,8,8,1.0
E09000033,B8,7,1,7.0
E06000046,B9,1,1,1.0
E09000004,B9,2,2,1.0
